article_id,investors
5e9d8c1a2b3f47689d6a543c12345678,Andreessen Horowitz
5e9d8c1a2b3f47689d6a543c12345678,Spark Capital
5e9d8c1a2b3f47689d6a543c12345678,Matrix Partners
78e7310a503068653b2a0122c91d25d9,Khosla Ventures
94557829e7c486e88cf1c5414d2c9c87,SoftBank
94557829e7c486e88cf1c5414d2c9c87,Octopus
94557829e7c486e88cf1c5414d2c9c87,MMC
94557829e7c486e88cf1c5414d2c9c87,OurCrowd
87b7d559168308f4b2b1507c6233a2f2,Red Dot Capital
87b7d559168308f4b2b1507c6233a2f2,Maor Investments
87b7d559168308f4b2b1507c6233a2f2,Entrée Capital
87b7d559168308f4b2b1507c6233a2f2,GFT Ventures
87b7d559168308f4b2b1507c6233a2f2,Intel Capital
87b7d559168308f4b2b1507c6233a2f2,IN Venture
a2e2a18a9a8584844090c92197f441c2,Khosla Ventures
a2e2a18a9a8584844090c92197f441c2,First Round Capital
a2e2a18a9a8584844090c92197f441c2,Y Combinator
e724b1057d92311c11989d8d67a85a63,Evolution Equity Partners
e724b1057d92311c11989d8d67a85a63,Farallon Capital
e724b1057d92311c11989d8d67a85a63,Insight
e724b1057d92311c11989d8d67a85a63,K1
e724b1057d92311c11989d8d67a85a63,Blackstone
551d21449684367b6c88042cb9710f84,Dick Wolf
551d21449684367b6c88042cb9710f84,Jimmy Iovine
551d21449684367b6c88042cb9710f84,Paul Wachter
a91c2a0d69190446ff81f304536f4dd8,Fly Ventures
a91c2a0d69190446ff81f304536f4dd8,Giant Ventures
927c059c5f19a714df587,Google
927c059c5f19a714df587,Amazon
9783682a6c3e451b8b62a900b10654a5,Felicis
9783682a6c3e451b8b62a900b10654a5,Betaworks
9783682a6c3e451b8b62a900b10654a5,Pioneer Fund
19d01c278a91ef7915553bfdb7c36a575803e84b,Lightspeed Venture Partners
19d01c278a91ef7915553bfdb7c36a575803e84b,Sumitomo Corp.
a1b2c3d4e5f6g7h8i9j0,Sequoia Capital
a1b2c3d4e5f6g7h8i9j0,a16z
a1b2c3d4e5f6g7h8i9j0,Zeya Yang
a1b2c3d4e5f6g7h8i9j0,Jill Chase
a1b2c3d4e5f6g7h8i9j0,Kanu Gulati
a6c8b29d3e910a8b7a6c,S Capital
a6c8b29d3e910a8b7a6c,Mike Moritz
a6c8b29d3e910a8b7a6c,S32
a6c8b29d3e910a8b7a6c,Glilot Capital Partners
6a790ce,M13
6a790ce,Andreessen Horowitz Games Fund
6a790ce,HF0
6a790ce,Valia Ventures
6a790ce,Mento VC
7a9d5e2b1a3c8f0d46e8b5a7c2d3491c,Tiger Global
7a9d5e2b1a3c8f0d46e8b5a7c2d3491c,Iconiq Growth
7a9d5e2b1a3c8f0d46e8b5a7c2d3491c,Kleiner Perkins
323e41f1556935900b85669049487d5b,3VC
323e41f1556935900b85669049487d5b,Point Nine
663888c7b3b48e0f5e653ffb713095a3,Thrive Capital
663888c7b3b48e0f5e653ffb713095a3,Kleiner Perkins
e4ca4ea88d400a1144e7797219699b8a,High-Flyer Capital Management
d41d8cd98f00b204e9800998ecf8427e,Andreessen Horowitz
61a56e9e4b91f8864d2af02633237977,Sequoia Capital
61a56e9e4b91f8864d2af02633237977,a16z
47e211262f6b743d9c7f0060f53302b2,Lightspeed Venture Partners
47e211262f6b743d9c7f0060f53302b2,Bpifrance
47e211262f6b743d9c7f0060f53302b2,Eric Schmidt
47e211262f6b743d9c7f0060f53302b2,Exor Ventures
47e211262f6b743d9c7f0060f53302b2,First Minute Capital
47e211262f6b743d9c7f0060f53302b2,Headline
47e211262f6b743d9c7f0060f53302b2,JCDecaux Holding
47e211262f6b743d9c7f0060f53302b2,La Famiglia
47e211262f6b743d9c7f0060f53302b2,LocalGlobe
47e211262f6b743d9c7f0060f53302b2,Motier Ventures
47e211262f6b743d9c7f0060f53302b2,Rodolphe Saadé
47e211262f6b743d9c7f0060f53302b2,Sofina
47e211262f6b743d9c7f0060f53302b2,Xavier Niel
47e211262f6b743d9c7f0060f53302b2,Andreessen Horowitz
47e211262f6b743d9c7f0060f53302b2,BNP Paribas
47e211262f6b743d9c7f0060f53302b2,CMA-CGM
47e211262f6b743d9c7f0060f53302b2,Conviction
47e211262f6b743d9c7f0060f53302b2,Elad Gil
47e211262f6b743d9c7f0060f53302b2,General Catalyst
47e211262f6b743d9c7f0060f53302b2,Salesforce
47e211262f6b743d9c7f0060f53302b2,Cisco
47e211262f6b743d9c7f0060f53302b2,IBM
47e211262f6b743d9c7f0060f53302b2,Nvidia
47e211262f6b743d9c7f0060f53302b2,Samsung Venture Investment Corporation
a1446d7a73a22f988ff56a9c7d897574,a16z Speedrun
a1446d7a73a22f988ff56a9c7d897574,Crosslink Capital
d41d8cd98f00b204e9800998ecf8427e,Aristagora VC
d41d8cd98f00b204e9800998ecf8427e,Longevity Venture Partners
d41d8cd98f00b204e9800998ecf8427e,Hetz Ventures
d41d8cd98f00b204e9800998ecf8427e,Secret Chord Ventures
d41d8cd98f00b204e9800998ecf8427e,RE Angels
d41d8cd98f00b204e9800998ecf8427e,NFX
4b56e461d3a3a49a8ca815ef565c6813d96f83a9722a152bc755a8b9e2a1c23a,Nvidia
4b56e461d3a3a49a8ca815ef565c6813d96f83a9722a152bc755a8b9e2a1c23a,Samsung
4b56e461d3a3a49a8ca815ef565c6813d96f83a9722a152bc755a8b9e2a1c23a,Intel
89b0d223185a6c1541a79b742f6b2b0b,Khazanah Nasional Berhad
89b0d223185a6c1541a79b742f6b2b0b,WestBridge Capital
89b0d223185a6c1541a79b742f6b2b0b,Sozo Ventures
89b0d223185a6c1541a79b742f6b2b0b,UpHonest Capital
89b0d223185a6c1541a79b742f6b2b0b,AltaIR Capital
89b0d223185a6c1541a79b742f6b2b0b,Amino Capital
89b0d223185a6c1541a79b742f6b2b0b,Plug and Play
89b0d223185a6c1541a79b742f6b2b0b,MVP Ventures
89b0d223185a6c1541a79b742f6b2b0b,Fortius Ventures
89b0d223185a6c1541a79b742f6b2b0b,Gaingels
89b0d223185a6c1541a79b742f6b2b0b,Mastodon Capital Management
55c2b9401004a69e83c65987352245d3,Menlo Ventures
55c2b9401004a69e83c65987352245d3,Tola Capital
f1d923b9f1b86a95f590335e59e3e256,Franklin Templeton
f1d923b9f1b86a95f590335e59e3e256,Coatue
f1d923b9f1b86a95f590335e59e3e256,Salesforce Ventures
f1d923b9f1b86a95f590335e59e3e256,Sequoia
f1d923b9f1b86a95f590335e59e3e256,Thrive Capital
f1d923b9f1b86a95f590335e59e3e256,Tiger Global
7963134249497799406798525626424643849,SoftBank
30f6469257f429f483504b09c58ca26b,NEA
30f6469257f429f483504b09c58ca26b,IBM
30f6469257f429f483504b09c58ca26b,Samsung Next
30f6469257f429f483504b09c58ca26b,Earthshot Ventures
91cf17ca91c40d2a617a2797fcae7100,Unnamed institutional investors
b91d5437,Teachers’ Venture Growth
b91d5437,British Patient Capital
6e5e9c89-6993-4664-a9d1-5d866f129dd9,Mayfield
e9d7809996476d703d02215bb214c998,Norwest Venture Partners
e9d7809996476d703d02215bb214c998,Greylock
a89cc9b66354503f02b699b06d5a535c,Lightspeed Venture Partners
a89cc9b66354503f02b699b06d5a535c,Bessemer Venture Partners
a89cc9b66354503f02b699b06d5a535c,Cisco Investments
a89cc9b66354503f02b699b06d5a535c,D1 Capital Partners
a89cc9b66354503f02b699b06d5a535c,Fidelity Management & Research Company
a89cc9b66354503f02b699b06d5a535c,General Catalyst
a89cc9b66354503f02b699b06d5a535c,Jane Street
a89cc9b66354503f02b699b06d5a535c,Menlo Ventures
a89cc9b66354503f02b699b06d5a535c,Salesforce Ventures
ea45750b03b158e3571910ff147c852b,Sequoia Capital
ea45750b03b158e3571910ff147c852b,a16z
5ffb2e34b3e1c9e97919f1d03ff5959b,a16z Games Speedrun
5ffb2e34b3e1c9e97919f1d03ff5959b,Menlo Ventures
5ffb2e34b3e1c9e97919f1d03ff5959b,Long Journey Ventures
765021,Khosla Ventures
765021,CapitalG
e53991a4e7682db33224371d328690315c1ef1f8,CapitalG
e53991a4e7682db33224371d328690315c1ef1f8,Khosla Ventures
b506a1b0517f89d7b39f09942911a45e,Sequoia Capital
b506a1b0517f89d7b39f09942911a45e,a16z
b506a1b0517f89d7b39f09942911a45e,Tiger Global
b506a1b0517f89d7b39f09942911a45e,Kleiner Perkins
b506a1b0517f89d7b39f09942911a45e,Thrive Capital
b506a1b0517f89d7b39f09942911a45e,General Catalyst
b506a1b0517f89d7b39f09942911a45e,Pear VC
b506a1b0517f89d7b39f09942911a45e,Alexa Fund
b506a1b0517f89d7b39f09942911a45e,Emergence
a94ffed9f4c3fba0886d2c9c96bad61f,Drive Capital
a94ffed9f4c3fba0886d2c9c96bad61f,CharacterVC
a94ffed9f4c3fba0886d2c9c96bad61f,Antler
424a3efd27678a4bc38d2103f5ce1e00,Khosla Ventures
424a3efd27678a4bc38d2103f5ce1e00,CapitalG
1f99f770a9a9152ff7a702ea3d75a383,Sequoia Capital
1f99f770a9a9152ff7a702ea3d75a383,a16z
1f99f770a9a9152ff7a702ea3d75a383,Forerunner Ventures
1f99f770a9a9152ff7a702ea3d75a383,Mayfield
1f99f770a9a9152ff7a702ea3d75a383,Playground Global
664561a129596058e9b9293d,Bain Capital Ventures
664561a129596058e9b9293d,Blackstone Innovations Investments
664561a129596058e9b9293d,Bessemer Venture Partners
664561a129596058e9b9293d,Capital One Ventures
664561a129596058e9b9293d,General Catalyst
664561a129596058e9b9293d,Greylock Partners
664561a129596058e9b9293d,Hetz Ventures
664561a129596058e9b9293d,Mayfield
664561a129596058e9b9293d,NewBuild Venture Capital
664561a129596058e9b9293d,NTTVC
664561a129596058e9b9293d,Virtue
6f2d1e2a2b3c4d5e6f7a8b9c0d1e2f3a,CapitalG
6f2d1e2a2b3c4d5e6f7a8b9c0d1e2f3a,Khosla Ventures
1b6e8a795c6a6a2138675a2dd008a72e,AIX Ventures
1b6e8a795c6a6a2138675a2dd008a72e,AI Fund
1b6e8a795c6a6a2138675a2dd008a72e,Accenture Ventures
1b6e8a795c6a6a2138675a2dd008a72e,Bloomberg Beta
123a4b5c6d7e8f901234,DN Capital
123a4b5c6d7e8f901234,CommerzVentures
c8c3997839f87e03e9698b395148012f,Mayfield Fund
e5f7b9a0a7b8c2d1e3f4a5b6c7d8e9f0,Gradient Ventures
97e7375642c4e70a6d07495e07210024,Heavybit
6b86b273ff34fce19d6b804eff5a3f5747ada4eaa22f1d49c01e52ddb7875b4b,Khosla Ventures
6b86b273ff34fce19d6b804eff5a3f5747ada4eaa22f1d49c01e52ddb7875b4b,CapitalG
a3b2c4d5e6f7g8h9i0j1k2l3m4n5o6p7,Scale Venture Partners
a3b2c4d5e6f7g8h9i0j1k2l3m4n5o6p7,Foundation Capital
a3b2c4d5e6f7g8h9i0j1k2l3m4n5o6p7,Khosla Ventures
a3b2c4d5e6f7g8h9i0j1k2l3m4n5o6p7,StepStone Group
a3b2c4d5e6f7g8h9i0j1k2l3m4n5o6p7,TriplePoint Capital
a3b2c4d5e6f7g8h9i0j1k2l3m4n5o6p7,South Park Commons
9280685a5f80c40196534928e5888807,Accel
9280685a5f80c40196534928e5888807,Lightspeed
5b3b9e9d6b9a9c9c9d9a9c9c9d9a9c9c,European Bank for Reconstruction and Development
5b3b9e9d6b9a9c9c9d9a9c9c9d9a9c9c,Khosla Ventures
5b3b9e9d6b9a9c9c9d9a9c9c9d9a9c9c,Almaz Capital
5b3b9e9d6b9a9c9c9d9a9c9c9d9a9c9c,European Investment Bank
4d5e9f29a9b44c1a8e129b97a3f4e1a3,Creandum
4d5e9f29a9b44c1a8e129b97a3f4e1a3,Visionaries Club
4d5e9f29a9b44c1a8e129b97a3f4e1a3,Hummingbird Ventures
4d5e9f29a9b44c1a8e129b97a3f4e1a3,byFounders
4d5e9f29a9b44c1a8e129b97a3f4e1a3,Charlie Songhurst
4d5e9f29a9b44c1a8e129b97a3f4e1a3,Adam D’Angelo
4d5e9f29a9b44c1a8e129b97a3f4e1a3,Thomas Wolf
4d5e9f29a9b44c1a8e129b97a3f4e1a3,Eric Bernhardsson
31e42b947db28134382ca1f56ac0a8b1,GTMFund
31e42b947db28134382ca1f56ac0a8b1,Barrel Ventures
3f75048e26a6f72733056b586e2e3b41,Target Global
3f75048e26a6f72733056b586e2e3b41,RTP Global
3f75048e26a6f72733056b586e2e3b41,Pitango
3f75048e26a6f72733056b586e2e3b41,Hanaco Ventures
3f75048e26a6f72733056b586e2e3b41,Joule Ventures
16d74c3a2a72531229b79cfbb2652984,Lightspeed Venture Partners
16d74c3a2a72531229b79cfbb2652984,General Catalyst
16d74c3a2a72531229b79cfbb2652984,Bessemer Venture Partners
16d74c3a2a72531229b79cfbb2652984,MGX
3b7f1cf59c953a08e88b8d01b6a8d20d,VoLo Earth Ventures
3b7f1cf59c953a08e88b8d01b6a8d20d,81 Collection
3b7f1cf59c953a08e88b8d01b6a8d20d,Alumni Ventures
3b7f1cf59c953a08e88b8d01b6a8d20d,Dangerous Ventures
3b7f1cf59c953a08e88b8d01b6a8d20d,Groundswell
3b7f1cf59c953a08e88b8d01b6a8d20d,MaC Venture Capital
3b7f1cf59c953a08e88b8d01b6a8d20d,NEA
3b7f1cf59c953a08e88b8d01b6a8d20d,Rise of the Rest
3b7f1cf59c953a08e88b8d01b6a8d20d,Soma Capital
3b7f1cf59c953a08e88b8d01b6a8d20d,Tunitas Ventures
3b7f1cf59c953a08e88b8d01b6a8d20d,Ulu Ventures
3b7f1cf59c953a08e88b8d01b6a8d20d,Understorey
3b7f1cf59c953a08e88b8d01b6a8d20d,Woven Earth
23d4963cfb6b0912d6e5a73233404a90,Next47
23d4963cfb6b0912d6e5a73233404a90,Google’s Gradient
23d4963cfb6b0912d6e5a73233404a90,8VC
23d4963cfb6b0912d6e5a73233404a90,Alumni Ventures
23d4963cfb6b0912d6e5a73233404a90,Liquid 2 Ventures
23d4963cfb6b0912d6e5a73233404a90,Myriad Venture Partners
1a9b3c2d4e5f6g7h8i9j0k1l2m3n4o5p,SoftBank
676aa4ed3c9e24d70a25753ef43d3b76,Peter Thiel
676aa4ed3c9e24d70a25753ef43d3b76,Naval Ravikant
54a5e98a506585b32938f3695750a1092a440970,Adams Street Partners
54a5e98a506585b32938f3695750a1092a440970,M12
54a5e98a506585b32938f3695750a1092a440970,SineWave Ventures
54a5e98a506585b32938f3695750a1092a440970,OMERS Ventures
3c6192420db4d0543849b675b26969f7,Felicis
3c6192420db4d0543849b675b26969f7,Benchmark
3c6192420db4d0543849b675b26969f7,General Catalyst
3c6192420db4d0543849b675b26969f7,DST Global
3c6192420db4d0543849b675b26969f7,Menlo Ventures
a4a35e79d0637474732871184224b574,Kleiner Perkins
a4a35e79d0637474732871184224b574,General Catalyst
a4a35e79d0637474732871184224b574,Greenoaks
e88555747b9747445773c6749e88c37c11f78672,Plural
e88555747b9747445773c6749e88c37c11f78672,Hummingbird
e88555747b9747445773c6749e88c37c11f78672,HCVC
e88555747b9747445773c6749e88c37c11f78672,Kevin Mahaffey
6c702c0151a0572355b0bbd62d1a0c32,Quadrille Capital
6c702c0151a0572355b0bbd62d1a0c32,Teleperformance
6c702c0151a0572355b0bbd62d1a0c32,Insight Partners
6c702c0151a0572355b0bbd62d1a0c32,Quiet Capital
6c702c0151a0572355b0bbd62d1a0c32,Alorica
6c702c0151a0572355b0bbd62d1a0c32,DN Capital
a89cb7a453104f16f5429422a8299fb9,BDC Capital’s Deep Tech Venture Fund
a89cb7a453104f16f5429422a8299fb9,ArcTern Ventures
a89cb7a453104f16f5429422a8299fb9,MUUS Climate Partners
a89cb7a453104f16f5429422a8299fb9,Intel Capital
a89cb7a453104f16f5429422a8299fb9,SOSV
6f2d4b3a7a6d6b1b0d0a8e8c0c5c1a4a,Lightrock
6f2d4b3a7a6d6b1b0d0a8e8c0c5c1a4a,Insight Venture Partners
6f2d4b3a7a6d6b1b0d0a8e8c0c5c1a4a,Eclipse
6f2d4b3a7a6d6b1b0d0a8e8c0c5c1a4a,Qualcomm Ventures
6f2d4b3a7a6d6b1b0d0a8e8c0c5c1a4a,SE Ventures
6f2d4b3a7a6d6b1b0d0a8e8c0c5c1a4a,Qumra Capital
670ba309d5a7f4c2e12a7b364e41515c,Qualcomm Ventures
2e94786391c25d10c4a5f40313eb7704,Slow Ventures
3a7d8c9e2b1a4f638d5f70a89c2345b6,Greenoaks Capital Partners
3a7d8c9e2b1a4f638d5f70a89c2345b6,Sequoia Capital
3a7d8c9e2b1a4f638d5f70a89c2345b6,Andreessen Horowitz
3a7d8c9e2b1a4f638d5f70a89c2345b6,DST Global
6d1cf9680525478a34e4974e47173f8e,Sapphire Ventures
6d1cf9680525478a34e4974e47173f8e,NVC
6d1cf9680525478a34e4974e47173f8e,Amplify Ventures
6d1cf9680525478a34e4974e47173f8e,ICONIQ Growth
6d1cf9680525478a34e4974e47173f8e,Bain Capital Ventures
6d1cf9680525478a34e4974e47173f8e,Y Combinator
24184000,Initialized Capital
24184000,Y Combinator
f9a5d67b11c9f2b3e8d4a70a9b5c6a1a,Point72 Private Investments
f9a5d67b11c9f2b3e8d4a70a9b5c6a1a,Forestay Capital
f9a5d67b11c9f2b3e8d4a70a9b5c6a1a,RPS Ventures
f9a5d67b11c9f2b3e8d4a70a9b5c6a1a,Schroders Capital
f9a5d67b11c9f2b3e8d4a70a9b5c6a1a,March Capital
f9a5d67b11c9f2b3e8d4a70a9b5c6a1a,National Grid Partners
f9a5d67b11c9f2b3e8d4a70a9b5c6a1a,Slaughter and May
f9a5d67b11c9f2b3e8d4a70a9b5c6a1a,Sequoia
960d1b35a15d0a86f4a1984e8ff18373,Lightspeed Venture Partners
960d1b35a15d0a86f4a1984e8ff18373,Andreessen Horowitz
960d1b35a15d0a86f4a1984e8ff18373,Salesforce Ventures
55f4d3299a8ff3e80780a881,Sequoia Capital
55f4d3299a8ff3e80780a881,Andreessen Horowitz
55f4d3299a8ff3e80780a881,Valor Equity Partners
e7472c19a584e98a13b9549711c864b3,Joe Lonsdale
e7472c19a584e98a13b9549711c864b3,8VC
e7472c19a584e98a13b9549711c864b3,Vy Capital
a8644191e0e8986946e569d134e39127,SignalFire
a8644191e0e8986946e569d134e39127,HubSpot Ventures
a8644191e0e8986946e569d134e39127,Tau Ventures
a8644191e0e8986946e569d134e39127,Correlation Ventures
f7e5b8a2c9b7d6e4a1d8c2f0b3a98765,Tiger Global
f7e5b8a2c9b7d6e4a1d8c2f0b3a98765,Maverick Silicon
f7e5b8a2c9b7d6e4a1d8c2f0b3a98765,Capital TEN
f7e5b8a2c9b7d6e4a1d8c2f0b3a98765,SIP Global Partners
f7e5b8a2c9b7d6e4a1d8c2f0b3a98765,Zero Infinity Partners
f7e5b8a2c9b7d6e4a1d8c2f0b3a98765,CTBC VC
f7e5b8a2c9b7d6e4a1d8c2f0b3a98765,Vanderbilt University
f7e5b8a2c9b7d6e4a1d8c2f0b3a98765,Morgan Creek Digital
f7e5b8a2c9b7d6e4a1d8c2f0b3a98765,RTX Ventures
f7e5b8a2c9b7d6e4a1d8c2f0b3a98765,Anzu Partners
f7e5b8a2c9b7d6e4a1d8c2f0b3a98765,Scout Ventures
f7e5b8a2c9b7d6e4a1d8c2f0b3a98765,AlleyCorp
f7e5b8a2c9b7d6e4a1d8c2f0b3a98765,ACVC
f7e5b8a2c9b7d6e4a1d8c2f0b3a98765,S5V
f7e5b8a2c9b7d6e4a1d8c2f0b3a98765,Samsung Ventures
f7e5b8a2c9b7d6e4a1d8c2f0b3a98765,HH-CTBC
f7e5b8a2c9b7d6e4a1d8c2f0b3a98765,VentureTech Alliance
f7e5b8a2c9b7d6e4a1d8c2f0b3a98765,In-Q-Tel
d41d8cd98f00b204e9800998ecf8427e,B Capital
d41d8cd98f00b204e9800998ecf8427e,Capital Factory
31e569e662f7c9e85e284a1a969281f5,Merck Sharp & Dohme
31e569e662f7c9e85e284a1a969281f5,SBI Ven Capital
31e569e662f7c9e85e284a1a969281f5,M Venture Partners
31e569e662f7c9e85e284a1a969281f5,FEBE Ventures
31e569e662f7c9e85e284a1a969281f5,Partech Partners
d41d8cd98f00b204e9800998ecf8427e,Radical Ventures
d41d8cd98f00b204e9800998ecf8427e,Sofinnova Partners
d41d8cd98f00b204e9800998ecf8427e,Flying Fish
d41d8cd98f00b204e9800998ecf8427e,Isomer
d41d8cd98f00b204e9800998ecf8427e,8VC
d41d8cd98f00b204e9800998ecf8427e,Kindred Capital
d41d8cd98f00b204e9800998ecf8427e,Pillar VC
3641bc8e062b08788f14f51794d14740,Sequoia Capital
3641bc8e062b08788f14f51794d14740,a16z
6d6ffef43435f4629647a8d35c784202,Andreessen Horowitz
49f1ecf0e2f307f7e578a3451c9dd503,Sequoia Capital
49f1ecf0e2f307f7e578a3451c9dd503,a16z
49f1ecf0e2f307f7e578a3451c9dd503,Charles Hudson
49f1ecf0e2f307f7e578a3451c9dd503,Chris Gardner
49f1ecf0e2f307f7e578a3451c9dd503,Jahanvi Sardana
49f1ecf0e2f307f7e578a3451c9dd503,Tiffany Luck
49f1ecf0e2f307f7e578a3451c9dd503,Jon McNeill
49f1ecf0e2f307f7e578a3451c9dd503,Cathy Cao
6d46f81cf4a5f175642c447c4e338737,Lightspeed Venture Partners
a8b2c3d4e5f6g7h8i9j0k1l2m3n4o5p6,Volkswagen Group
f75f2d9e8f9117221b89d9a342b782d6,Sequoia Capital
f75f2d9e8f9117221b89d9a342b782d6,a16z
76b6b1a19b5d74925b35f613d770f4c6,British International Investment (BII)
76b6b1a19b5d74925b35f613d770f4c6,Proparco
76b6b1a19b5d74925b35f613d770f4c6,IFC
76b6b1a19b5d74925b35f613d770f4c6,Global Energy Alliance for People and Planet
76b6b1a19b5d74925b35f613d770f4c6,Shell Foundation
4695c0a5f94b0276c67596e1f7b7a56f,Insight Partners
4695c0a5f94b0276c67596e1f7b7a56f,Wellington Management
4695c0a5f94b0276c67596e1f7b7a56f,Clearlake
827ccb0eea8a706c4c34a16891f84e7b,Coinvest Capital
827ccb0eea8a706c4c34a16891f84e7b,Lithuanian Business Angel Network
827ccb0eea8a706c4c34a16891f84e7b,BSV Ventures
827ccb0eea8a706c4c34a16891f84e7b,ScaleWolf
827ccb0eea8a706c4c34a16891f84e7b,NATO Innovation Fund
a1b2c3d4e5f6g7h8i9j0,Sequoia Capital
a1b2c3d4e5f6g7h8i9j0,a16z
398c17e4ef7a3a97d6b0674797aa8c2b,Insight Partners
3a6c66e579d885a3621e799db7dfb522,Sequoia Capital
3a6c66e579d885a3621e799db7dfb522,a16z
3a6c66e579d885a3621e799db7dfb522,Sovereign wealth funds from the Middle East and Africa
3a6c66e579d885a3621e799db7dfb522,MSMEDA
3a6c66e579d885a3621e799db7dfb522,Anava Fund of Funds
3a6c66e579d885a3621e799db7dfb522,FMO
3a6c66e579d885a3621e799db7dfb522,Proparco (FISEA)
3a6c66e579d885a3621e799db7dfb522,AfricaGrow
3a6c66e579d885a3621e799db7dfb522,IFC
3a6c66e579d885a3621e799db7dfb522,First Close Partners
3a6c66e579d885a3621e799db7dfb522,Meta
3a6c66e579d885a3621e799db7dfb522,TLcom Capital
3a6c66e579d885a3621e799db7dfb522,Partech
3a6c66e579d885a3621e799db7dfb522,Norrsken22
a2f4e8b7d1c90a3b5e67f8a1b3d2c479,Sequoia Capital
a2f4e8b7d1c90a3b5e67f8a1b3d2c479,a16z
988258e28a69245d3aba15c7770f9b40,SoftBank
988258e28a69245d3aba15c7770f9b40,Sequoia Capital
988258e28a69245d3aba15c7770f9b40,a16z
5b3cf73e38b22e62d8cf50c5e6a62a28,Khosla Ventures
5b3cf73e38b22e62d8cf50c5e6a62a28,CapitalG
8a9a2c1c8c3d5b4a9e5d2f7a1b6c5e4d,Khosla Ventures
8a9a2c1c8c3d5b4a9e5d2f7a1b6c5e4d,CapitalG
4b93426f08693972714ef77418c0e56a,Sequoia Capital
4b93426f08693972714ef77418c0e56a,a16z
1a93b3851b2256d76660a198390d7a2c,Sequoia Capital
1a93b3851b2256d76660a198390d7a2c,Andreessen Horowitz
64bcfd4f6102a9092c622e3d678b0b6f,MetLife
64bcfd4f6102a9092c622e3d678b0b6f,Skoll Foundation
64bcfd4f6102a9092c622e3d678b0b6f,Ally Financial
4189b76c,Foreground Capital
4189b76c,TMV
4189b76c,Pivotal Ventures
97963356736034285711191597315829077769,Sequoia Capital
97963356736034285711191597315829077769,Khosla Ventures
97963356736034285711191597315829077769,CapitalG
e5d06080683f5485121b475c186d49d43023a311,Thoma Bravo
711e958393fbb62c712a186e74f5134e,Sequoia Capital
711e958393fbb62c712a186e74f5134e,a16z
711e958393fbb62c712a186e74f5134e,Aviva Investors
711e958393fbb62c712a186e74f5134e,British Patient Capital
a1b2c3d4e5f6g7h8i9j0k1l2m3n4o5p6,Kleiner Perkins
a1b2c3d4e5f6g7h8i9j0k1l2m3n4o5p6,Andreessen Horowitz
a1b2c3d4e5f6,Sequoia Capital
a1b2c3d4e5f6,a16z
a1b2c3d4e5f6,Infinity Ventures
a1b2c3d4e5f6,Better Tomorrow Ventures
a1b2c3d4e5f6,The Fintech Fund
a1b2c3d4e5f6,TTV Capital
a1b2c3d4e5f6,QED Investors
a1b2c3d4e5f6,Khosla
5b300106a8757e3253422b898568e228,JPMorgan
5b300106a8757e3253422b898568e228,Goldman Sachs
5b300106a8757e3253422b898568e228,MassMutual
5b300106a8757e3253422b898568e228,Pivotal Ventures
5b300106a8757e3253422b898568e228,Reid Hoffman
5b300106a8757e3253422b898568e228,Mellody Hobson
5b300106a8757e3253422b898568e228,Sheryl Sandberg
5b300106a8757e3253422b898568e228,Emerson Collective
5b300106a8757e3253422b898568e228,Citi Impact Fund
5b300106a8757e3253422b898568e228,First Round Capital
5b300106a8757e3253422b898568e228,a16z
5b300106a8757e3253422b898568e228,Bessemer
83b2b26e03b5434a7b801b346942f54a,Slow Ventures
603393,Lux Capital
603393,Menlo Ventures
603393,Felicis
39668d8a7959354a3f326811649ca9ed,Slow Ventures
827ccb0eea708c1934a058b1c63c8b0273c34c65,Fidelity
39e9ea47169a595c3a59a3e8570816aa,Khosla Ventures
87b92b827c89e6324d0a6e904e1c9759,Sequoia Capital
87b92b827c89e6324d0a6e904e1c9759,a16z
42c8c55e2624b3a79a3860284ff8a6c2,Balderton Capital
42c8c55e2624b3a79a3860284ff8a6c2,Connect Ventures
42c8c55e2624b3a79a3860284ff8a6c2,Tera Ventures
42c8c55e2624b3a79a3860284ff8a6c2,Barney Hussey-Yeo
5b36e848777f96584b29,Balaji Srinivasan
6107e48a990089912c8a6699,Sequoia Capital
6107e48a990089912c8a6699,a16z
6107e48a990089912c8a6699,Khosla Ventures
6107e48a990089912c8a6699,CapitalG
61cae393557f87a9d7c64d5c2d9c8939,Sequoia Capital
61cae393557f87a9d7c64d5c2d9c8939,a16z
661468f2913122e981e71b15e1955503,Khosla Ventures
661468f2913122e981e71b15e1955503,CapitalG
a98a15f1f707a28f895937f84c415c56,Google
f716516f2b69e4a6a9714587642d9a89,Creandum
f716516f2b69e4a6a9714587642d9a89,Visionaries Club
f716516f2b69e4a6a9714587642d9a89,Hummingbird Ventures
f716516f2b69e4a6a9714587642d9a89,byFounders
54499331121b9f370001430db776e839,VCs
a1b2c3d4e5f6,Goodwater Capital
a1b2c3d4e5f6,Inovo VC
a1b2c3d4e5f6,Redseed
a93665a5929907c9c55576934a10e059,SoftBank
a93665a5929907c9c55576934a10e059,WestBridge Capital
a93665a5929907c9c55576934a10e059,Nexus Venture Partners
a93665a5929907c9c55576934a10e059,Google
651066d1a251f81c41a44785b7846b6a,True Ventures
651066d1a251f81c41a44785b7846b6a,Flybridge
651066d1a251f81c41a44785b7846b6a,Next Wave NYC
8e6b7a3c9d2f1e4a5b3c8d7e2a1b0a9c,Initialized Capital
8e6b7a3c9d2f1e4a5b3c8d7e2a1b0a9c,Y Combinator
a1b2c3d4e5f6g7h8i9j0,Andreessen Horowitz
a1b2c3d4e5f6g7h8i9j0,Spark Capital
a1b2c3d4e5f6g7h8i9j0,Matrix Partners
c6b5f2a3d4e769b15a82cd98c3339321,Sequoia Capital
c6b5f2a3d4e769b15a82cd98c3339321,a16z
c6b5f2a3d4e769b15a82cd98c3339321,Andreessen Horowitz
c6b5f2a3d4e769b15a82cd98c3339321,Greenoaks
c6b5f2a3d4e769b15a82cd98c3339321,Meritech Capital
c6b5f2a3d4e769b15a82cd98c3339321,Matrix Partners
c6b5f2a3d4e769b15a82cd98c3339321,Y Combinator
f7c9a41674737a7b67e8f1a739a49b1c,Sequoia Capital
f7c9a41674737a7b67e8f1a739a49b1c,a16z
f7c9a41674737a7b67e8f1a739a49b1c,Precursor Ventures
f7c9a41674737a7b67e8f1a739a49b1c,Underscore.vc
f7c9a41674737a7b67e8f1a739a49b1c,Index Ventures
f7c9a41674737a7b67e8f1a739a49b1c,NEA
f7c9a41674737a7b67e8f1a739a49b1c,DVx Ventures
f7c9a41674737a7b67e8f1a739a49b1c,Sapphire Ventures
454e0914f8f98959cc64b310f22a6697,Khosla Ventures
81c3ae82ca66f0a82a5a26267e4e308e,ICONIQ Growth
81c3ae82ca66f0a82a5a26267e4e308e,Theory Ventures
81c3ae82ca66f0a82a5a26267e4e308e,First Round Capital
81c3ae82ca66f0a82a5a26267e4e308e,Redpoint Ventures
81c3ae82ca66f0a82a5a26267e4e308e,GV
81c3ae82ca66f0a82a5a26267e4e308e,Snowflake Ventures
2c4d8f7a9e3b5c298a7b6d1e0f2a3b4c,Red Dot Capital
2c4d8f7a9e3b5c298a7b6d1e0f2a3b4c,Maor Investments
2c4d8f7a9e3b5c298a7b6d1e0f2a3b4c,Entrée Capital
2c4d8f7a9e3b5c298a7b6d1e0f2a3b4c,GFT Ventures
2c4d8f7a9e3b5c298a7b6d1e0f2a3b4c,Intel Capital
2c4d8f7a9e3b5c298a7b6d1e0f2a3b4c,IN Venture
a975cf0299b75913d08163edb10ef9aa,Omeed Malik
a975cf0299b75913d08163edb10ef9aa,Rebekah Mercer
a975cf0299b75913d08163edb10ef9aa,Charlie Kirk
a975cf0299b75913d08163edb10ef9aa,Clay Travis
a975cf0299b75913d08163edb10ef9aa,Marc Andreessen
6607a6155c7b3642f62981c6,Khosla Ventures
6607a6155c7b3642f62981c6,First Round Capital
6607a6155c7b3642f62981c6,Y Combinator
6607a6155c7b3642f62981c6,Gokul Rajaram
6607a6155c7b3642f62981c6,Arash Ferdowsi
6607a6155c7b3642f62981c6,Amit Agarwal
2f994d8995306095058e4d2345c1631e,Harry Stebbings
b94523f01e80d03c92a34ff3f912705a,Dick Wolf
b94523f01e80d03c92a34ff3f912705a,Jimmy Iovine
b94523f01e80d03c92a34ff3f912705a,Paul Wachter
27a9d28b7241c8259b7892e77c3e522e,Accel
27a9d28b7241c8259b7892e77c3e522e,Bertelsmann India Investments
27a9d28b7241c8259b7892e77c3e522e,UMI
27a9d28b7241c8259b7892e77c3e522e,Beenext
27a9d28b7241c8259b7892e77c3e522e,Omnivore
27a9d28b7241c8259b7892e77c3e522e,3one4 Capital
1b8993d9738e5c8127955e7803475b14a08b22d2,Fly Ventures
1b8993d9738e5c8127955e7803475b14a08b22d2,Giant Ventures
17ef6c8d741543d2c2a686e7908026a1,Activant
17ef6c8d741543d2c2a686e7908026a1,BlackRock
17ef6c8d741543d2c2a686e7908026a1,Hedosophia
1c50d39195e5329b9f5b048a1162e9a0,TTV Capital
1c50d39195e5329b9f5b048a1162e9a0,Ingeborg
1c50d39195e5329b9f5b048a1162e9a0,Florida Funders
1c50d39195e5329b9f5b048a1162e9a0,Deep Work Capital
1c50d39195e5329b9f5b048a1162e9a0,Florida Opportunity Fund
1c50d39195e5329b9f5b048a1162e9a0,Silicon Valley Bank
2d9430538cf5702fd3f4b42f1c1f701e,Volkswagen Group
e64b98a1d54c3a5c3e2f3b9026789abc,Sequoia Capital
e64b98a1d54c3a5c3e2f3b9026789abc,a16z
e64b98a1d54c3a5c3e2f3b9026789abc,IVP
e64b98a1d54c3a5c3e2f3b9026789abc,CapitalG
e64b98a1d54c3a5c3e2f3b9026789abc,Khosla Ventures
5a4d8e9c6e2b3a1f4a2b1c8a,Creaegis
5a4d8e9c6e2b3a1f4a2b1c8a,HSBC
5a4d8e9c6e2b3a1f4a2b1c8a,SBI
5a4d8e9c6e2b3a1f4a2b1c8a,GMO
5a4d8e9c6e2b3a1f4a2b1c8a,DG Daiwa
5a4d8e9c6e2b3a1f4a2b1c8a,Accel
5a4d8e9c6e2b3a1f4a2b1c8a,Lightspeed Venture Partners
5a4d8e9c6e2b3a1f4a2b1c8a,Sparta Group
5a4d8e9c6e2b3a1f4a2b1c8a,DST Global
6c8d2e9f1a1b4c5d8e9f0a1b2c3d4e5f,Engineering Capital
6c8d2e9f1a1b4c5d8e9f0a1b2c3d4e5f,Boldcap
649a8807d91d809351204c8821f73f32,PostScriptum Ventures
649a8807d91d809351204c8821f73f32,Vireo Ventures
602e61a0e004e41c3b9619a347618bb1,Avataar Ventures
602e61a0e004e41c3b9619a347618bb1,StepStone Group
602e61a0e004e41c3b9619a347618bb1,LGVP
602e61a0e004e41c3b9619a347618bb1,Tiger Global
602e61a0e004e41c3b9619a347618bb1,GSR Ventures
5e491e817246b15675384d42e5e1e8b1c4c554f2,Mark Cuban
5e491e817246b15675384d42e5e1e8b1c4c554f2,BlackRock
5e491e817246b15675384d42e5e1e8b1c4c554f2,Fidelity
86d939356580466776852c21a4c942a6,3VC
86d939356580466776852c21a4c942a6,Point Nine
6c1925c34777752395f81a1556d292e9,Thrive Capital
6c1925c34777752395f81a1556d292e9,Kleiner Perkins
a30a012c3a501db1a07f471f21e8a6a7,Lightspeed Venture Partners
a30a012c3a501db1a07f471f21e8a6a7,Bond Capital
a30a012c3a501db1a07f471f21e8a6a7,Sequoia Capital
2f7cb34e8159357ee76152418f83d99f,L3Harris
2f7cb34e8159357ee76152418f83d99f,Hanwha Aerospace
2f7cb34e8159357ee76152418f83d99f,Andreessen Horowitz
2cf24dba5fb0a30e26e83b2ac5b9e29e1b161e5c1fa7425e73043362938b9824,Lightspeed Venture Partners
2cf24dba5fb0a30e26e83b2ac5b9e29e1b161e5c1fa7425e73043362938b9824,Bpifrance
2cf24dba5fb0a30e26e83b2ac5b9e29e1b161e5c1fa7425e73043362938b9824,Eric Schmidt
2cf24dba5fb0a30e26e83b2ac5b9e29e1b161e5c1fa7425e73043362938b9824,Exor Ventures
2cf24dba5fb0a30e26e83b2ac5b9e29e1b161e5c1fa7425e73043362938b9824,First Minute Capital
2cf24dba5fb0a30e26e83b2ac5b9e29e1b161e5c1fa7425e73043362938b9824,Headline
2cf24dba5fb0a30e26e83b2ac5b9e29e1b161e5c1fa7425e73043362938b9824,JCDecaux Holding
2cf24dba5fb0a30e26e83b2ac5b9e29e1b161e5c1fa7425e73043362938b9824,La Famiglia
2cf24dba5fb0a30e26e83b2ac5b9e29e1b161e5c1fa7425e73043362938b9824,LocalGlobe
2cf24dba5fb0a30e26e83b2ac5b9e29e1b161e5c1fa7425e73043362938b9824,Motier Ventures
2cf24dba5fb0a30e26e83b2ac5b9e29e1b161e5c1fa7425e73043362938b9824,Rodolphe Saadé
2cf24dba5fb0a30e26e83b2ac5b9e29e1b161e5c1fa7425e73043362938b9824,Sofina
2cf24dba5fb0a30e26e83b2ac5b9e29e1b161e5c1fa7425e73043362938b9824,Xavier Niel
2cf24dba5fb0a30e26e83b2ac5b9e29e1b161e5c1fa7425e73043362938b9824,Andreessen Horowitz
2cf24dba5fb0a30e26e83b2ac5b9e29e1b161e5c1fa7425e73043362938b9824,BNP Paribas
2cf24dba5fb0a30e26e83b2ac5b9e29e1b161e5c1fa7425e73043362938b9824,CMA-CGM
2cf24dba5fb0a30e26e83b2ac5b9e29e1b161e5c1fa7425e73043362938b9824,Conviction
2cf24dba5fb0a30e26e83b2ac5b9e29e1b161e5c1fa7425e73043362938b9824,Elad Gil
2cf24dba5fb0a30e26e83b2ac5b9e29e1b161e5c1fa7425e73043362938b9824,General Catalyst
2cf24dba5fb0a30e26e83b2ac5b9e29e1b161e5c1fa7425e73043362938b9824,Salesforce
2cf24dba5fb0a30e26e83b2ac5b9e29e1b161e5c1fa7425e73043362938b9824,Cisco
2cf24dba5fb0a30e26e83b2ac5b9e29e1b161e5c1fa7425e73043362938b9824,IBM
2cf24dba5fb0a30e26e83b2ac5b9e29e1b161e5c1fa7425e73043362938b9824,Nvidia
2cf24dba5fb0a30e26e83b2ac5b9e29e1b161e5c1fa7425e73043362938b9824,Samsung Venture Investment Corporation
469c0f62d88615a75b84e2f3a85c8239,a16z Speedrun
469c0f62d88615a75b84e2f3a85c8239,Crosslink Capital
34c5b98b3b15b88c93022b0748353d1b,Khazanah Nasional Berhad
34c5b98b3b15b88c93022b0748353d1b,WestBridge Capital
34c5b98b3b15b88c93022b0748353d1b,Sozo Ventures
34c5b98b3b15b88c93022b0748353d1b,UpHonest Capital
34c5b98b3b15b88c93022b0748353d1b,AltaIR Capital
34c5b98b3b15b88c93022b0748353d1b,Amino Capital
34c5b98b3b15b88c93022b0748353d1b,Plug and Play
34c5b98b3b15b88c93022b0748353d1b,MVP Ventures
34c5b98b3b15b88c93022b0748353d1b,Fortius Ventures
34c5b98b3b15b88c93022b0748353d1b,Gaingels
34c5b98b3b15b88c93022b0748353d1b,Mastodon Capital Management
2c0d303b8d7f622efd345a8a8c12f41c,IQ Capital
2c0d303b8d7f622efd345a8a8c12f41c,General Catalyst
2c0d303b8d7f622efd345a8a8c12f41c,HCVC
827ccb0eea8a706c4c34a16891f84e7b,Franklin Templeton
827ccb0eea8a706c4c34a16891f84e7b,Coatue
827ccb0eea8a706c4c34a16891f84e7b,Salesforce Ventures
827ccb0eea8a706c4c34a16891f84e7b,Sequoia
827ccb0eea8a706c4c34a16891f84e7b,Thrive Capital
827ccb0eea8a706c4c34a16891f84e7b,Tiger Global
78c8dd51,AIX Ventures
78c8dd51,Thiel Bio
78c8dd51,Founders Fund
78c8dd51,Floating Point
78c8dd51,Bertelsmann
78c8dd51,Giant Ventures
78c8dd51,Obvious Ventures
64b035270894e91678532f1e84862288,BlackRock
64b035270894e91678532f1e84862288,Schonfeld
64b035270894e91678532f1e84862288,Invus Opportunities
64b035270894e91678532f1e84862288,CreditEase
64b035270894e91678532f1e84862288,H.I.G. Growth
64b035270894e91678532f1e84862288,Moore Strategic Ventures
64b035270894e91678532f1e84862288,Activant Capital
e5b9f53c4393c7a00a501b64e2461e0c,NEA
e5b9f53c4393c7a00a501b64e2461e0c,IBM
e5b9f53c4393c7a00a501b64e2461e0c,Samsung Next
e5b9f53c4393c7a00a501b64e2461e0c,Earthshot Ventures
63e37f513d12a0363c6e25440e36217c,Insight Partners
6a193f97917545f892d35e725731f0f4,Extantia Capital
6a193f97917545f892d35e725731f0f4,Day One Ventures
6a193f97917545f892d35e725731f0f4,Happiness Capital
6a193f97917545f892d35e725731f0f4,Kibo Invest
6a193f97917545f892d35e725731f0f4,Lowercarbon Capital
b4011a8f83831c114181b3163d4d2836,8VC
b4011a8f83831c114181b3163d4d2836,Washington Harbour Partners LP
b4011a8f83831c114181b3163d4d2836,Gaingels
86f2c950b6a1a474e009572141dd62c2,Norwest Venture Partners
86f2c950b6a1a474e009572141dd62c2,Greylock
a9488f75f6b17ca92d33463c79c39804,Sequoia Capital
a9488f75f6b17ca92d33463c79c39804,Bedrock Capital
f1a2b3c4d5e6f7a8b9c0d1e2f3a4b5c6,Invest-NL Deep Tech Fund
f1a2b3c4d5e6f7a8b9c0d1e2f3a4b5c6,InnovationQuarter
a5b8d2e7f9c3a1b624d5e8a0b7c9d6f1,Daphni
a5b8d2e7f9c3a1b624d5e8a0b7c9d6f1,LEA Partners
a5b8d2e7f9c3a1b624d5e8a0b7c9d6f1,Founders Future
a5b8d2e7f9c3a1b624d5e8a0b7c9d6f1,AFI Ventures
a5b8d2e7f9c3a1b624d5e8a0b7c9d6f1,Ventech
a5b8d2e7f9c3a1b624d5e8a0b7c9d6f1,Kima Ventures
615b02c799a8a945a1f073bf75b0d90f,Khosla Ventures
615b02c799a8a945a1f073bf75b0d90f,Founders Fund
615b02c799a8a945a1f073bf75b0d90f,Stripes
615b02c799a8a945a1f073bf75b0d90f,GIC
615b02c799a8a945a1f073bf75b0d90f,Avenir Growth
615b02c799a8a945a1f073bf75b0d90f,Thrive Capital
615b02c799a8a945a1f073bf75b0d90f,General Catalyst
615b02c799a8a945a1f073bf75b0d90f,Lux Capital
615b02c799a8a945a1f073bf75b0d90f,137 Ventures
615b02c799a8a945a1f073bf75b0d90f,Definition Capital
6f2c2a3d1b4e8c7a9f6d5e3c2b1a0987,Lightspeed Venture Partners
6f2c2a3d1b4e8c7a9f6d5e3c2b1a0987,Bessemer Venture Partners
6f2c2a3d1b4e8c7a9f6d5e3c2b1a0987,Cisco Investments
6f2c2a3d1b4e8c7a9f6d5e3c2b1a0987,D1 Capital Partners
6f2c2a3d1b4e8c7a9f6d5e3c2b1a0987,Fidelity Management & Research Company
6f2c2a3d1b4e8c7a9f6d5e3c2b1a0987,General Catalyst
6f2c2a3d1b4e8c7a9f6d5e3c2b1a0987,Jane Street
6f2c2a3d1b4e8c7a9f6d5e3c2b1a0987,Menlo Ventures
6f2c2a3d1b4e8c7a9f6d5e3c2b1a0987,Salesforce Ventures
6f2c2a3d1b4e8c7a9f6d5e3c2b1a0987,Amazon
b0b6954d07d999999d7e1c8433c1d6a165f470d160004e8b98568d1ffcc815e2,Stripes
b0b6954d07d999999d7e1c8433c1d6a165f470d160004e8b98568d1ffcc815e2,GIC
b0b6954d07d999999d7e1c8433c1d6a165f470d160004e8b98568d1ffcc815e2,Avenir Growth
b0b6954d07d999999d7e1c8433c1d6a165f470d160004e8b98568d1ffcc815e2,Thrive Capital
b0b6954d07d999999d7e1c8433c1d6a165f470d160004e8b98568d1ffcc815e2,Khosla Ventures
b0b6954d07d999999d7e1c8433c1d6a165f470d160004e8b98568d1ffcc815e2,General Catalyst
b0b6954d07d999999d7e1c8433c1d6a165f470d160004e8b98568d1ffcc815e2,Lux Capital
b0b6954d07d999999d7e1c8433c1d6a165f470d160004e8b98568d1ffcc815e2,137 Ventures
b0b6954d07d999999d7e1c8433c1d6a165f470d160004e8b98568d1ffcc815e2,Definition Capital
b0b6954d07d999999d7e1c8433c1d6a165f470d160004e8b98568d1ffcc815e2,Sequoia
f77180d39c9636a68244167d7999bc3c,AltaIR Capital
f77180d39c9636a68244167d7999bc3c,Antler
f77180d39c9636a68244167d7999bc3c,DVC Fund
e5136f325405010fc660b53f987752f719c1f264,TCV
e5136f325405010fc660b53f987752f719c1f264,Insight Partners
6a362d82208a88447736340f84d50781,Sequoia Capital
6a362d82208a88447736340f84d50781,a16z Games Speedrun
6a362d82208a88447736340f84d50781,Menlo Ventures
6a362d82208a88447736340f84d50781,Long Journey Ventures
814a7533a7775803c2f7efaa282e6d5a,Khosla Ventures
814a7533a7775803c2f7efaa282e6d5a,CapitalG
814a7533a7775803c2f7efaa282e6d5a,a16z
6f956b14-915b-479b-a8a7-d0c41e9928f0,Sequoia Capital
6f956b14-915b-479b-a8a7-d0c41e9928f0,a16z
6f956b14-915b-479b-a8a7-d0c41e9928f0,Thrive Capital
6f956b14-915b-479b-a8a7-d0c41e9928f0,Kleiner Perkins
6f956b14-915b-479b-a8a7-d0c41e9928f0,General Catalyst
6f956b14-915b-479b-a8a7-d0c41e9928f0,Lux Capital
6f956b14-915b-479b-a8a7-d0c41e9928f0,Emergence
6f956b14-915b-479b-a8a7-d0c41e9928f0,Redpoint Ventures
6f956b14-915b-479b-a8a7-d0c41e9928f0,Spark Capital
6f956b14-915b-479b-a8a7-d0c41e9928f0,Pear VC
6f956b14-915b-479b-a8a7-d0c41e9928f0,Tiger Global
89cf72c1a436ca9477bc8fd096010f46827f404f,Drive Capital
89cf72c1a436ca9477bc8fd096010f46827f404f,CharacterVC
89cf72c1a436ca9477bc8fd096010f46827f404f,Antler
3e66a7b168a7a1a56925f1755c71b473,Vy Capital
3e66a7b168a7a1a56925f1755c71b473,Human Capital
3e66a7b168a7a1a56925f1755c71b473,Alpha Wave
3e66a7b168a7a1a56925f1755c71b473,WndrCo
3e66a7b168a7a1a56925f1755c71b473,Balaji Srinivasan
e0a7f09245b9414ebf7374455b0c009f,PSG Equity
e0a7f09245b9414ebf7374455b0c009f,Intel Capital
e0a7f09245b9414ebf7374455b0c009f,Red Dot Capital Partners
e0a7f09245b9414ebf7374455b0c009f,Balderton Capital
e0a7f09245b9414ebf7374455b0c009f,Index Ventures
e0a7f09245b9414ebf7374455b0c009f,Tiger Global
e0a7f09245b9414ebf7374455b0c009f,YC
e0a7f09245b9414ebf7374455b0c009f,Prosus Ventures
e0a7f09245b9414ebf7374455b0c009f,Visionaries Club
e0a7f09245b9414ebf7374455b0c009f,Plural
e0a7f09245b9414ebf7374455b0c009f,Creandum
8f9e2b3a1c4e5d7a6b8c9d0e1f2a3b4c,Sequoia Capital
8f9e2b3a1c4e5d7a6b8c9d0e1f2a3b4c,a16z
8f9e2b3a1c4e5d7a6b8c9d0e1f2a3b4c,Khosla Ventures
8f9e2b3a1c4e5d7a6b8c9d0e1f2a3b4c,CapitalG
24a4e3a7f17800f759b9a1f047310490,Sequoia Capital
24a4e3a7f17800f759b9a1f047310490,a16z
24a4e3a7f17800f759b9a1f047310490,Forerunner Ventures
24a4e3a7f17800f759b9a1f047310490,Mayfield
24a4e3a7f17800f759b9a1f047310490,Playground Global
284a4dd8d6b8f11b4b9d0c3367c78a74,Bain Capital Ventures
284a4dd8d6b8f11b4b9d0c3367c78a74,Blackstone Innovations Investments
284a4dd8d6b8f11b4b9d0c3367c78a74,Bessemer Venture Partners
284a4dd8d6b8f11b4b9d0c3367c78a74,Capital One Ventures
284a4dd8d6b8f11b4b9d0c3367c78a74,General Catalyst
284a4dd8d6b8f11b4b9d0c3367c78a74,Greylock Partners
284a4dd8d6b8f11b4b9d0c3367c78a74,Hetz Ventures
284a4dd8d6b8f11b4b9d0c3367c78a74,Mayfield
284a4dd8d6b8f11b4b9d0c3367c78a74,NewBuild Venture Capital
284a4dd8d6b8f11b4b9d0c3367c78a74,NTTVC
284a4dd8d6b8f11b4b9d0c3367c78a74,Virtue
2a0cf7847a2c08430a3452d374b3b7d3a5854207,CapitalG
2a0cf7847a2c08430a3452d374b3b7d3a5854207,Khosla Ventures
657df71b1d22926271f100e5671e5521,Accel
657df71b1d22926271f100e5671e5521,basecase
657df71b1d22926271f100e5671e5521,Comma Capital
657df71b1d22926271f100e5671e5521,Elad Gil
8a4c8a3a8f4b9c9a8d5f6e7b4a3c2d1e,AIX Ventures
8a4c8a3a8f4b9c9a8d5f6e7b4a3c2d1e,AI Fund
8a4c8a3a8f4b9c9a8d5f6e7b4a3c2d1e,Accenture Ventures
8a4c8a3a8f4b9c9a8d5f6e7b4a3c2d1e,Bloomberg Beta
3b098c11875ef8f1d9b1a473363a018c,Initialized Capital
3b098c11875ef8f1d9b1a473363a018c,Kulveer Taggar
3b098c11875ef8f1d9b1a473363a018c,Brian Shin
3b098c11875ef8f1d9b1a473363a018c,Matthew Bellamy
3b098c11875ef8f1d9b1a473363a018c,Vladlen Koltun
3b098c11875ef8f1d9b1a473363a018c,Y Combinator
58c1a953313c8e740f9f60565703a383,Eos Ventures
58c1a953313c8e740f9f60565703a383,Wayra
58c1a953313c8e740f9f60565703a383,Second Century Ventures
58c1a953313c8e740f9f60565703a383,The FSE Group
c5b742c127a9f331f4385d08313d1a73,Balderton Capital
c5b742c127a9f331f4385d08313d1a73,Index Ventures
c5b742c127a9f331f4385d08313d1a73,Tiger Global
c5b742c127a9f331f4385d08313d1a73,Y Combinator
c5b742c127a9f331f4385d08313d1a73,Prosus Ventures
c5b742c127a9f331f4385d08313d1a73,Visionaries Club
3a49b7a65c7a93a8cbdb93f6884783146022f235,Foreground Capital
3a49b7a65c7a93a8cbdb93f6884783146022f235,TMV
3a49b7a65c7a93a8cbdb93f6884783146022f235,Pivotal Ventures
5f68801f17a2c6f07e6c7047718a99a1,Mayfield Fund
26e4b50548493f5969a29f27f33e0c0b,Gradient Ventures
c200b3e6c7fe458e34457948e10b719f,Heavybit
778e2e9b11426e22f2426b72cc240a5a,Valor Capital
778e2e9b11426e22f2426b72cc240a5a,QED Investors
778e2e9b11426e22f2426b72cc240a5a,ONEVC
778e2e9b11426e22f2426b72cc240a5a,Canary
778e2e9b11426e22f2426b72cc240a5a,NXTP
778e2e9b11426e22f2426b72cc240a5a,Endeavor
778e2e9b11426e22f2426b72cc240a5a,Saison
778e2e9b11426e22f2426b72cc240a5a,Actyus
4f45a8a2c509b7365393b567a8910ff7,Sequoia Capital
4f45a8a2c509b7365393b567a8910ff7,a16z
4f45a8a2c509b7365393b567a8910ff7,Khosla Ventures
4f45a8a2c509b7365393b567a8910ff7,CapitalG
5dd6a5d97373805b66f8a408a58914f7,Madrona
5dd6a5d97373805b66f8a408a58914f7,General Catalyst
5dd6a5d97373805b66f8a408a58914f7,Bloomberg Beta
5dd6a5d97373805b66f8a408a58914f7,Operator Partners
6f374a5d8e7a3c2b1d9f5e8c0a2b7d6e,Scale Venture Partners
6f374a5d8e7a3c2b1d9f5e8c0a2b7d6e,Foundation Capital
6f374a5d8e7a3c2b1d9f5e8c0a2b7d6e,Khosla Ventures
6f374a5d8e7a3c2b1d9f5e8c0a2b7d6e,StepStone Group
6f374a5d8e7a3c2b1d9f5e8c0a2b7d6e,TriplePoint Capital
6f374a5d8e7a3c2b1d9f5e8c0a2b7d6e,South Park Commons
a8f5b3c7e9d2a1b4c6f8e3d2a1b4c6f8e3d2a1b4,Accel
a8f5b3c7e9d2a1b4c6f8e3d2a1b4c6f8e3d2a1b4,Lightspeed
4059704f6b50b0d780e8d98c9e60a073,GTMFund
4059704f6b50b0d780e8d98c9e60a073,Barrel Ventures
4059704f6b50b0d780e8d98c9e60a073,Nicolas Dessaigne
4059704f6b50b0d780e8d98c9e60a073,Julien Lemoine
69f5b03b52e95994015290342f496828,Bio-Rad Laboratories
69f5b03b52e95994015290342f496828,Impact America Fund
69f5b03b52e95994015290342f496828,SOSV
69f5b03b52e95994015290342f496828,Capital Angel Network
69f5b03b52e95994015290342f496828,Gaingels
2b6922d0361e24989873515d330d4e68,Thoma Bravo
2b6922d0361e24989873515d330d4e68,Atomico
2b6922d0361e24989873515d330d4e68,Cherry Ventures
2b6922d0361e24989873515d330d4e68,Andreessen Horowitz
2b6922d0361e24989873515d330d4e68,Omers Ventures
2b6922d0361e24989873515d330d4e68,Coatue
98a7f152474f4683979b31b5867f728a,Next47
98a7f152474f4683979b31b5867f728a,Gradient
98a7f152474f4683979b31b5867f728a,8VC
98a7f152474f4683979b31b5867f728a,Alumni Ventures
98a7f152474f4683979b31b5867f728a,Liquid 2 Ventures
98a7f152474f4683979b31b5867f728a,Myriad Venture Partners
3e86e52f7b506f3494d4a49a5912f6b4,South Loop Ventures
3e86e52f7b506f3494d4a49a5912f6b4,Union Heritage
3e86e52f7b506f3494d4a49a5912f6b4,Michigan Rise
3e86e52f7b506f3494d4a49a5912f6b4,Invest Detroit
3e86e52f7b506f3494d4a49a5912f6b4,Kalamazoo Forward Ventures
3e86e52f7b506f3494d4a49a5912f6b4,SPARK Capital
4921847219487491283,Female Founders Fund
4921847219487491283,Lightspeed Venture Partners
4921847219487491283,Point72 Ventures
4921847219487491283,Kleiner Perkins
4921847219487491283,Sequoia
4921847219487491283,First Round
4921847219487491283,Boldstar
4921847219487491283,Box Group
4921847219487491283,Felicis
4921847219487491283,Menlo Ventures
4921847219487491283,Anthology Fund
4921847219487491283,Temasek
4921847219487491283,Tikehau Capital
6b86b273ff34fce19d6b804eff5a3f5747ada4eaa22f1d49c01e52ddb7875b4b,Peter Thiel
6b86b273ff34fce19d6b804eff5a3f5747ada4eaa22f1d49c01e52ddb7875b4b,Naval Ravikant
d41d8cd98f00b204e9800998ecf8427e,Adams Street Partners
d41d8cd98f00b204e9800998ecf8427e,M12
d41d8cd98f00b204e9800998ecf8427e,SineWave Ventures
d41d8cd98f00b204e9800998ecf8427e,OMERS Ventures
559c62474cfb65576298ca0375c6a307,Kleiner Perkins
559c62474cfb65576298ca0375c6a307,General Catalyst
559c62474cfb65576298ca0375c6a307,Greenoaks
saronicraises600mtomass-produceautonomouswarships,Elad Gil
saronicraises600mtomass-produceautonomouswarships,General Catalyst
saronicraises600mtomass-produceautonomouswarships,Andreessen Horowitz
saronicraises600mtomass-produceautonomouswarships,8VC
saronicraises600mtomass-produceautonomouswarships,Caffeinated Capital
2515ce5f298fd9c436720c20584237eb,Munich Re Ventures
2515ce5f298fd9c436720c20584237eb,TriVentures
2515ce5f298fd9c436720c20584237eb,MS&AD Ventures
2515ce5f298fd9c436720c20584237eb,ORIX
2515ce5f298fd9c436720c20584237eb,Aspect Ventures
2515ce5f298fd9c436720c20584237eb,Mindset Ventures
2515ce5f298fd9c436720c20584237eb,at.inc/
2515ce5f298fd9c436720c20584237eb,OurCrowd
b0744e1d9268519119272045dd186224,Quadrille Capital
b0744e1d9268519119272045dd186224,Teleperformance
b0744e1d9268519119272045dd186224,Insight Partners
b0744e1d9268519119272045dd186224,Quiet Capital
b0744e1d9268519119272045dd186224,Alorica
b0744e1d9268519119272045dd186224,DN Capital
577b84d4093d9e719e6b1c32867bc984,Slow Ventures
7f4d473658d8531978c63d8918d0602b,Qualcomm Ventures
61ca3c69e8f1c37b08c3255f87f8b7a1,Greenoaks Capital Partners
61ca3c69e8f1c37b08c3255f87f8b7a1,Sequoia Capital
61ca3c69e8f1c37b08c3255f87f8b7a1,Andreessen Horowitz
61ca3c69e8f1c37b08c3255f87f8b7a1,DST Global
7a3b8c2d1e4f5a6b7c8d9e0f1a2b3c4d,Mark Cuban
7a3b8c2d1e4f5a6b7c8d9e0f1a2b3c4d,Y Combinator
7a3b8c2d1e4f5a6b7c8d9e0f1a2b3c4d,Goodwater Capital
6a562781b2756e2b023c125a66123c08,Sapphire Ventures
6a562781b2756e2b023c125a66123c08,NVC
6a562781b2756e2b023c125a66123c08,Amplify Ventures
6a562781b2756e2b023c125a66123c08,ICONIQ Growth
6a562781b2756e2b023c125a66123c08,Bain Capital Ventures
6a562781b2756e2b023c125a66123c08,Y Combinator
a27c4cf094f4b139843247d144d893a0,Initialized Capital
a27c4cf094f4b139843247d144d893a0,Y Combinator
d41d8cd98f00b204e9800998ecf8427e,Point72 Private Investments
d41d8cd98f00b204e9800998ecf8427e,Forestay Capital
d41d8cd98f00b204e9800998ecf8427e,RPS Ventures
d41d8cd98f00b204e9800998ecf8427e,Schroders Capital
d41d8cd98f00b204e9800998ecf8427e,March Capital
d41d8cd98f00b204e9800998ecf8427e,National Grid Partners
d41d8cd98f00b204e9800998ecf8427e,Slaughter and May
3a44958d77dae426d0c24846c16643d1,Redalpine
3a44958d77dae426d0c24846c16643d1,HAX (SOSV)
3a44958d77dae426d0c24846c16643d1,Entrepreneur First (EF)
683e2edd75f960a4655e269379061cae,Blackbird Ventures
683e2edd75f960a4655e269379061cae,GD1
683e2edd75f960a4655e269379061cae,Liam Don
3b2148325305636308e4136a65ff1108,Lightspeed Venture Partners
3b2148325305636308e4136a65ff1108,Andreessen Horowitz
3b2148325305636308e4136a65ff1108,Salesforce Ventures
6c8e9c36a3f83a465a8147c86236d8e3,Align Ventures
6c8e9c36a3f83a465a8147c86236d8e3,Parkway Venture Capital
419ae82c597c5e05c9ca9560f490110e,Thoma Bravo
6f9143,Sequoia Capital
6f9143,Andreessen Horowitz
6f9143,Valor Equity Partners
a7f8b9c2d1e5a4b3c8d7e6f5a4b3c2d1,Founders Fund
a7f8b9c2d1e5a4b3c8d7e6f5a4b3c2d1,Better Tomorrow Ventures
a8822723b8341202f74451f5c90f3665,Fidelity
b6c8a4998834f2263f0165409827c2f9,Gobi Partners
b6c8a4998834f2263f0165409827c2f9,Hive Ventures
b6c8a4998834f2263f0165409827c2f9,New Economy Ventures
b6c8a4998834f2263f0165409827c2f9,Palm Drive Capital
b6c8a4998834f2263f0165409827c2f9,Shilling VC
b6c8a4998834f2263f0165409827c2f9,SquareOne
b6c8a4998834f2263f0165409827c2f9,WI Harper
b6c8a4998834f2263f0165409827c2f9,42CAP
b6c8a4998834f2263f0165409827c2f9,500 Global
6a1380d6638d597843270f08ff6ef208,SignalFire
6a1380d6638d597843270f08ff6ef208,HubSpot Ventures
6a1380d6638d597843270f08ff6ef208,Tau Ventures
6a1380d6638d597843270f08ff6ef208,Correlation Ventures
b2992b39f611b69209c7c6ca0a376e92,General Catalyst
47139f1f89457786b607d920a7407889,B Capital
47139f1f89457786b607d920a7407889,Capital Factory
47139f1f89457786b607d920a7407889,Google
