article_id,keywords
5e9d8c1a2b3f47689d6a543c12345678,Voice cloning
5e9d8c1a2b3f47689d6a543c12345678,Base AI model
5e9d8c1a2b3f47689d6a543c12345678,CSM-1B
54f4f7618a57c0748685a8a0e84f1549,AI Policy
54f4f7618a57c0748685a8a0e84f1549,Copyright
54f4f7618a57c0748685a8a0e84f1549,Export Controls
f78314ff467375e94572e09878b712931d9cf9dd,OpenAI
f78314ff467375e94572e09878b712931d9cf9dd,DeepSeek
f78314ff467375e94572e09878b712931d9cf9dd,AI Governance
30a808a913095329294d843c6a070c323f6c4b24,Gemini
30a808a913095329294d843c6a070c323f6c4b24,Google Search
30a808a913095329294d843c6a070c323f6c4b24,Personalization
a1b2c3d4e5f6,Generative AI
a1b2c3d4e5f6,Creative Writing
a1b2c3d4e5f6,OpenAI
78e7310a503068653b2a0122c91d25d9,AI event
78e7310a503068653b2a0122c91d25d9,AI innovation
78e7310a503068653b2a0122c91d25d9,AI networking
79f34f89f74815f47a52b924e65c6d60,AI Gaming Companion
79f34f89f74815f47a52b924e65c6d60,Copilot for Gaming
79f34f89f74815f47a52b924e65c6d60,Xbox
247f5444224b9837e8c887260d472f99f87e28d9,OpenAI
247f5444224b9837e8c887260d472f99f87e28d9,Fair Use
247f5444224b9837e8c887260d472f99f87e28d9,AI Training
94557829e7c486e88cf1c5414d2c9c87,Agentic AI
94557829e7c486e88cf1c5414d2c9c87,UiPath
94557829e7c486e88cf1c5414d2c9c87,Peak.ai
6b86b273ff34fce19d6b804eff5a3f5747ada4eaa22f1d49c01e52ddb7875b4b,Nvidia chips
6b86b273ff34fce19d6b804eff5a3f5747ada4eaa22f1d49c01e52ddb7875b4b,Chip smuggling
6b86b273ff34fce19d6b804eff5a3f5747ada4eaa22f1d49c01e52ddb7875b4b,Export rules
87b7d559168308f4b2b1507c6233a2f2,Generative AI
87b7d559168308f4b2b1507c6233a2f2,Licensed Data
87b7d559168308f4b2b1507c6233a2f2,Image Generators
3684238acb445ca540e7739c05904ff072206939,Intel
3684238acb445ca540e7739c05904ff072206939,Semiconductors
3684238acb445ca540e7739c05904ff072206939,Chip Manufacturing
e9d71f552a0119001ca998f642c3a10920f89acb,AI Security
e9d71f552a0119001ca998f642c3a10920f89acb,Industrial Espionage
e9d71f552a0119001ca998f642c3a10920f89acb,Algorithmic Secrets
8f77a9965a6131ef18d4a9f9c97c9384,Nvidia
8f77a9965a6131ef18d4a9f9c97c9384,GTC 2025
8f77a9965a6131ef18d4a9f9c97c9384,Jensen Huang
5f6a7b8c9d2e1a3456789012,Nvidia
5f6a7b8c9d2e1a3456789012,GTC
5f6a7b8c9d2e1a3456789012,Blackwell Ultra
276922e6f27a68e5b4cf12e412ca320ca55b327d,Gemini Robotics
276922e6f27a68e5b4cf12e412ca320ca55b327d,DeepMind
276922e6f27a68e5b4cf12e412ca320ca55b327d,Robotics Control
5b3151c89a87a807e448068e1787958b,AI agents
5b3151c89a87a807e448068e1787958b,Browser Use
5b3151c89a87a807e448068e1787958b,Manus
58b1930480837a7989d3916a9346598a,Dapr Agents
58b1930480837a7989d3916a9346598a,AI agents
58b1930480837a7989d3916a9346598a,microservices
6f265e3b1843c87dd9a509349468b6c5,AI-generated paper
6f265e3b1843c87dd9a509349468b6c5,Sakana
6f265e3b1843c87dd9a509349468b6c5,Peer review
8c98393135385a3b0f41b34b6a68b428,Generative AI
8c98393135385a3b0f41b34b6a68b428,Video Lenses
8c98393135385a3b0f41b34b6a68b428,Snapchat Platinum
60379,AI video generation
60379,Licensed data
60379,Marey
a2e2a18a9a8584844090c92197f441c2,Enterprise Search
a2e2a18a9a8584844090c92197f441c2,Open Source
a2e2a18a9a8584844090c92197f441c2,AI
e724b1057d92311c11989d8d67a85a63,Pentera
e724b1057d92311c11989d8d67a85a63,Cybersecurity
e724b1057d92311c11989d8d67a85a63,Network Attacks
551d21449684367b6c88042cb9710f84,Murder Mystery
551d21449684367b6c88042cb9710f84,AI
551d21449684367b6c88042cb9710f84,True Crime
6a82a3c61790c29e4dd481c03919f132,Copyright
6a82a3c61790c29e4dd481c03919f132,AI Models
6a82a3c61790c29e4dd481c03919f132,Meta
68f97a217fd9c2605137e47e34f25239,Agentforce
68f97a217fd9c2605137e47e34f25239,Salesforce
68f97a217fd9c2605137e47e34f25239,AI Adoption
a91c2a0d69190446ff81f304536f4dd8,AI Operating System
a91c2a0d69190446ff81f304536f4dd8,Pathology Labs
a91c2a0d69190446ff81f304536f4dd8,Speech-to-Text Transcription
927c059c5f19a714df587,Anthropic
927c059c5f19a714df587,Google
927c059c5f19a714df587,AI Funding
3a5a64a38f469c83b6f4a44515e8b08b462575a8,AI Training Chips
3a5a64a38f469c83b6f4a44515e8b08b462575a8,Meta
3a5a64a38f469c83b6f4a44515e8b08b462575a8,Nvidia
28f039a96e76171b5ca6c0325f542446,Artificial Intelligence
28f039a96e76171b5ca6c0325f542446,Global Trade
28f039a96e76171b5ca6c0325f542446,Quantum Computing
582e67716590496c870447a7f1ff7863,Generative AI
582e67716590496c870447a7f1ff7863,Creative Writing
582e67716590496c870447a7f1ff7863,OpenAI
9783682a6c3e451b8b62a900b10654a5,Flower Intelligence
9783682a6c3e451b8b62a900b10654a5,Distributed Cloud
9783682a6c3e451b8b62a900b10654a5,Open Models
19d01c278a91ef7915553bfdb7c36a575803e84b,AI Robotics
19d01c278a91ef7915553bfdb7c36a575803e84b,Industrial Automation
19d01c278a91ef7915553bfdb7c36a575803e84b,Funding Round
42b31b266308941c31860a2d189a36b1,AI Agents
42b31b266308941c31860a2d189a36b1,OpenAI
42b31b266308941c31860a2d189a36b1,Responses API
a79447503b948141ff3f7149806579af,AI
a79447503b948141ff3f7149806579af,Small Businesses
a79447503b948141ff3f7149806579af,Entrepreneurship
b6d84a496f1c480f365b13274c5dd0783038044a,Hugging Face
b6d84a496f1c480f365b13274c5dd0783038044a,LeRobot
b6d84a496f1c480f365b13274c5dd0783038044a,Self-Driving
9d49e702a052f44c8714a66a49ca2a6a,EU AI Act
9d49e702a052f44c8714a66a49ca2a6a,GPAI
9d49e702a052f44c8714a66a49ca2a6a,AI regulation
a1b2c3d4e5f6g7h8i9j0,Venture Capital
a1b2c3d4e5f6g7h8i9j0,AI Startups
a1b2c3d4e5f6g7h8i9j0,Investment
a6c8b29d3e910a8b7a6c,Cybersecurity
a6c8b29d3e910a8b7a6c,Low-Code Platform
a6c8b29d3e910a8b7a6c,Application Security
4710f2c245a2982e8e8b894a21b678e3,Radiology AI
4710f2c245a2982e8e8b894a21b678e3,MRI Analysis
4710f2c245a2982e8e8b894a21b678e3,Gleamer
a6429e7b8f548242262e6247f44f25c2089237c2d9f9991492a5a15e7d9b856a,OpenAI
a6429e7b8f548242262e6247f44f25c2089237c2d9f9991492a5a15e7d9b856a,CoreWeave
a6429e7b8f548242262e6247f44f25c2089237c2d9f9991492a5a15e7d9b856a,Microsoft
a913c3010c56a675d0548614a7b66514,Foundation Models
a913c3010c56a675d0548614a7b66514,AGI
a913c3010c56a675d0548614a7b66514,Software Development
a1b2c3d4e5f6g7h8i9j0k1l2m3n4o5p6,DeepSeek
a1b2c3d4e5f6g7h8i9j0k1l2m3n4o5p6,AI
a1b2c3d4e5f6g7h8i9j0k1l2m3n4o5p6,Venture Capital
8b75e0044923e29e663e99546bb98f9b,Gmail
8b75e0044923e29e663e99546bb98f9b,Google Calendar
8b75e0044923e29e663e99546bb98f9b,Gemini AI
1a1b2c3d4e5f,AI Events
1a1b2c3d4e5f,TechCrunch Sessions
1a1b2c3d4e5f,Brand Promotion
6a790ce,Virtual Influencers
6a790ce,Generative AI
6a790ce,AvatarOS
6a411f24a7d189869291b008a187a843e1b930ff,Voice Cloning
6a411f24a7d189869291b008a187a843e1b930ff,AI
6a411f24a7d189869291b008a187a843e1b930ff,Consumer Reports
c355cf72839f3210b834e4e0d0143f46,AI
c355cf72839f3210b834e4e0d0143f46,Startups
c355cf72839f3210b834e4e0d0143f46,VC
f92431307b0a8d4234e26ff3a2185d8b52593c17,TechCrunch Disrupt
f92431307b0a8d4234e26ff3a2185d8b52593c17,Startup
f92431307b0a8d4234e26ff3a2185d8b52593c17,Brand Visibility
64701f71d5d7a782433bb75812a801e9,Copilot
64701f71d5d7a782433bb75812a801e9,3D Gaming
64701f71d5d7a782433bb75812a801e9,Microsoft
7a9d5e2b1a3c8f0d46e8b5a7c2d3491c,ServiceNow
7a9d5e2b1a3c8f0d46e8b5a7c2d3491c,Moveworks
7a9d5e2b1a3c8f0d46e8b5a7c2d3491c,AI Automation
663116695b2a7,Manus AI
663116695b2a7,Agentic AI
663116695b2a7,Butterfly Effect
323e41f1556935900b85669049487d5b,AI
323e41f1556935900b85669049487d5b,digital ads
323e41f1556935900b85669049487d5b,marketing tech
644b684ead94b2515640e2cf4a9c19a1,Smart Home
644b684ead94b2515640e2cf4a9c19a1,Siri
644b684ead94b2515640e2cf4a9c19a1,Apple Intelligence
3829b05a39412951c7c73188a1988413,OpenAI
3829b05a39412951c7c73188a1988413,Elon Musk
3829b05a39412951c7c73188a1988413,For-profit Conversion
25a3b9c7e1f4d2a86b3c04d5a7b8f6,Google
25a3b9c7e1f4d2a86b3c04d5a7b8f6,Chrome
25a3b9c7e1f4d2a86b3c04d5a7b8f6,Antitrust
a4b9c2d6e1f80a5e4d3c7b1a9f8b8e2a,Diversity
a4b9c2d6e1f80a5e4d3c7b1a9f8b8e2a,Equity
a4b9c2d6e1f80a5e4d3c7b1a9f8b8e2a,Responsible AI
4433e983c5b8a1b4c67a06434811e60e,Copyright Lawsuit
4433e983c5b8a1b4c67a06434811e60e,Meta
4433e983c5b8a1b4c67a06434811e60e,Llama AI
2025030809,AI Startups
2025030809,Funding Rounds
2025030809,Venture Capital
663888c7b3b48e0f5e653ffb713095a3,AI coding assistants
663888c7b3b48e0f5e653ffb713095a3,ARR
663888c7b3b48e0f5e653ffb713095a3,Venture Capital
31a835955e7efdd37700e21e850131d2,Quantum Computing
31a835955e7efdd37700e21e850131d2,Waymo
31a835955e7efdd37700e21e850131d2,SXSW
f7d9a8c1b2e34567890123456789abcd,Microsoft
f7d9a8c1b2e34567890123456789abcd,OpenAI
f7d9a8c1b2e34567890123456789abcd,AI Models
e5b7d8c29f27a9a2f4a3b5c8a7e8d0e2,AI
e5b7d8c29f27a9a2f4a3b5c8a7e8d0e2,Autonomous Vehicles
e5b7d8c29f27a9a2f4a3b5c8a7e8d0e2,SXSW 2025
2a7b8c9d3e4f1a2b3c4d5e6f7a8b9c0d,Agentic AI
2a7b8c9d3e4f1a2b3c4d5e6f7a8b9c0d,Privacy
2a7b8c9d3e4f1a2b3c4d5e6f7a8b9c0d,Security
a6f762b39427e4f00ca857ddb2c4a05278667910,AI bills
a6f762b39427e4f00ca857ddb2c4a05278667910,AI governance
a6f762b39427e4f00ca857ddb2c4a05278667910,AI regulation
29b22a514f1f762a924115f1a988a274,Gemini Embedding
29b22a514f1f762a924115f1a988a274,Text Embeddings
29b22a514f1f762a924115f1a988a274,Language Models
d41d8cd98f00b204e9800998ecf8427e,xAI
d41d8cd98f00b204e9800998ecf8427e,Data Centers
d41d8cd98f00b204e9800998ecf8427e,AI Models
414b75a053287f14855e111608c9c214,AI
414b75a053287f14855e111608c9c214,TechCrunch Sessions
414b75a053287f14855e111608c9c214,AI event
8f843c2b3a2a7f3a2e9f6e93b9c3b7a6,Siri
8f843c2b3a2a7f3a2e9f6e93b9c3b7a6,Apple Intelligence
8f843c2b3a2a7f3a2e9f6e93b9c3b7a6,AI Assistant
d41d8cd98f00b204e9800998ecf8427e,AI Companions
d41d8cd98f00b204e9800998ecf8427e,Social Health
d41d8cd98f00b204e9800998ecf8427e,Real-world Connections
e4ca4ea88d400a1144e7797219699b8a,DeepSeek
e4ca4ea88d400a1144e7797219699b8a,AI Chatbot
e4ca4ea88d400a1144e7797219699b8a,AI Models
2f7b5d3e9c8a1b4a2f6c8e7d9a3b2c1a,AI regulation
2f7b5d3e9c8a1b4a2f6c8e7d9a3b2c1a,SB 53
2f7b5d3e9c8a1b4a2f6c8e7d9a3b2c1a,CalCompute
4d5b9a1a7b3c2e1f8a9d4c6b8a5e3f2g,Gemini
4d5b9a1a7b3c2e1f8a9d4c6b8a5e3f2g,Google Calendar
4d5b9a1a7b3c2e1f8a9d4c6b8a5e3f2g,Google Workspace Labs
61a9a03d2f56e0c3f2c7c1e873e98c62,AI Chatbots
61a9a03d2f56e0c3f2c7c1e873e98c62,Russian Propaganda
61a9a03d2f56e0c3f2c7c1e873e98c62,Disinformation
a9a195295ff9395966eb02b4550141057227702e,AI event
a9a195295ff9395966eb02b4550141057227702e,Startup founders
a9a195295ff9395966eb02b4550141057227702e,VC leaders
2f791b5b1d9016037bb32a043f0cfc748cf63f57,Llama 4
2f791b5b1d9016037bb32a043f0cfc748cf63f57,Voice features
2f791b5b1d9016037bb32a043f0cfc748cf63f57,Open AI models
65326b23-2052-4444-8b58-17f712915393,Grok
65326b23-2052-4444-8b58-17f712915393,xAI
65326b23-2052-4444-8b58-17f712915393,Meta AI
3a03a29f8449a80836f9a3195c9ee149,AI
3a03a29f8449a80836f9a3195c9ee149,Product Manufacturing
3a03a29f8449a80836f9a3195c9ee149,Automation
698d51a19d8a812aa05413e5c16c347c,Claude Code
698d51a19d8a812aa05413e5c16c347c,Anthropic
698d51a19d8a812aa05413e5c16c347c,Auto-update bug
78110714699154759993704405592274747032,Scale AI
78110714699154759993704405592274747032,Department of Labor
78110714699154759993704405592274747032,Fair Labor Standards Act
d41d8cd98f00b204e9800998ecf8427e,ChatGPT
d41d8cd98f00b204e9800998ecf8427e,GPT-4o
d41d8cd98f00b204e9800998ecf8427e,AI Chatbot
99a835d302f585a15ed59250515e3401,AI research
99a835d302f585a15ed59250515e3401,Creative problem-solving
99a835d302f585a15ed59250515e3401,AI benchmarks
2165729527,AI art
2165729527,Christie's
2165729527,Copyright
61a56e9e4b91f8864d2af02633237977,ChatGPT
61a56e9e4b91f8864d2af02633237977,Code Editing
61a56e9e4b91f8864d2af02633237977,OpenAI
47e211262f6b743d9c7f0060f53302b2,Mistral AI
47e211262f6b743d9c7f0060f53302b2,OpenAI
47e211262f6b743d9c7f0060f53302b2,Le Chat
2f97e5241965e0a80b61737f1a7144e4,OpenAI
2f97e5241965e0a80b61737f1a7144e4,AI Safety
2f97e5241965e0a80b61737f1a7144e4,GPT-2
68f68a1a729084428f2198cb6979fd5b,Mistral OCR
68f68a1a729084428f2198cb6979fd5b,Optical Character Recognition
68f68a1a729084428f2198cb6979fd5b,LLMs
a1446d7a73a22f988ff56a9c7d897574,No-code 3D creation
a1446d7a73a22f988ff56a9c7d897574,Generative AI
a1446d7a73a22f988ff56a9c7d897574,Filmmaking
6a9b7c2d8e3f1a4b5c6d,DuckDuckGo
6a9b7c2d8e3f1a4b5c6d,Generative AI
6a9b7c2d8e3f1a4b5c6d,Privacy
d41d8cd98f00b204e9800998ecf8427e,AI-powered housekeeping
d41d8cd98f00b204e9800998ecf8427e,Multifamily buildings
d41d8cd98f00b204e9800998ecf8427e,Subscription model
4b56e461d3a3a49a8ca815ef565c6813d96f83a9722a152bc755a8b9e2a1c23a,AI Models
4b56e461d3a3a49a8ca815ef565c6813d96f83a9722a152bc755a8b9e2a1c23a,Foundational Models
4b56e461d3a3a49a8ca815ef565c6813d96f83a9722a152bc755a8b9e2a1c23a,AI Startups
a1b2c3d4e5f6g7h8i9j0,AI Policy
a1b2c3d4e5f6g7h8i9j0,AI Safety
a1b2c3d4e5f6g7h8i9j0,Export Controls
89b0d223185a6c1541a79b742f6b2b0b,Turing
89b0d223185a6c1541a79b742f6b2b0b,OpenAI
89b0d223185a6c1541a79b742f6b2b0b,LLMs
9421a414b7b38b1e369487e46828860a,Voice cloning
9421a414b7b38b1e369487e46828860a,OpenAI
9421a414b7b38b1e369487e46828860a,Voice Engine
55c2b9401004a69e83c65987352245d3,Crogl
55c2b9401004a69e83c65987352245d3,Cybersecurity
55c2b9401004a69e83c65987352245d3,AI Agents
e64434266a0343e096c3ff6e37039c04,AI-generated code
e64434266a0343e096c3ff6e37039c04,Y Combinator
e64434266a0343e096c3ff6e37039c04,Vibe Coding
2f9b3b9d7a5e4c8f1a2b3c4d5e6f7a8b9c0d1e2f3a4b5c6d7e8f9a0b1c2d3e4f,AGI
2f9b3b9d7a5e4c8f1a2b3c4d5e6f7a8b9c0d1e2f3a4b5c6d7e8f9a0b1c2d3e4f,Superintelligence
2f9b3b9d7a5e4c8f1a2b3c4d5e6f7a8b9c0d1e2f3a4b5c6d7e8f9a0b1c2d3e4f,AI Policy
a1b2c3d4e5f6g7h8i9j0,AI Models
a1b2c3d4e5f6g7h8i9j0,OpenAI
a1b2c3d4e5f6g7h8i9j0,Anthropic
f1d923b9f1b86a95f590335e59e3e256,Gong
f1d923b9f1b86a95f590335e59e3e256,Revenue Prediction
f1d923b9f1b86a95f590335e59e3e256,Generative AI
2a35a058163f0203786e6d83a9127229,AI dubbing
2a35a058163f0203786e6d83a9127229,Prime Video
2a35a058163f0203786e6d83a9127229,Content localization
7963134249497799406798525626424643849,AI Agents
7963134249497799406798525626424643849,OpenAI
7963134249497799406798525626424643849,Software Engineering
3f644bc6e2205891e1f0524f135c6f0b,AI summaries
3f644bc6e2205891e1f0524f135c6f0b,App Store
3f644bc6e2205891e1f0524f135c6f0b,Apple Intelligence
6357c5cf0a8d9105412c7e6a33a2b114,GPT-4.5
6357c5cf0a8d9105412c7e6a33a2b114,ChatGPT
6357c5cf0a8d9105412c7e6a33a2b114,OpenAI
d45225d32b8f3d4b36532e70c2d4d74c402709b0,CoreWeave
d45225d32b8f3d4b36532e70c2d4d74c402709b0,Nvidia
d45225d32b8f3d4b36532e70c2d4d74c402709b0,IPO
30f6469257f429f483504b09c58ca26b,Ceramic.ai
30f6469257f429f483504b09c58ca26b,LLM training
30f6469257f429f483504b09c58ca26b,AI infrastructure
5b3d80d8b507199c26007a250f86e329,AI Mode
5b3d80d8b507199c26007a250f86e329,Gemini 2.0
5b3d80d8b507199c26007a250f86e329,Google Search
a7a3a3671a41e6918a0f980cae34689a,Anthropic
a7a3a3671a41e6918a0f980cae34689a,AI policy
a7a3a3671a41e6918a0f980cae34689a,Biden administration
f918c309559444671d753f60e8d309f7,Reinforcement Learning
f918c309559444671d753f60e8d309f7,Turing Award
f918c309559444671d753f60e8d309f7,Temporal Difference Learning
d4b304d621c7c4b5619b03b71579953a,Vision Match
d4b304d621c7c4b5619b03b71579953a,AR Beauty
d4b304d621c7c4b5619b03b71579953a,Virtual Try-On
a1b2c3d4e5f6,AI
a1b2c3d4e5f6,TechCrunch Sessions
a1b2c3d4e5f6,AI event
541c5116a2699630325f7995c20450f7,GibberLink
541c5116a2699630325f7995c20450f7,GGWave
541c5116a2699630325f7995c20450f7,AI agents
347298gh4yd92,AI co-scientist
347298gh4yd92,Scientific research
347298gh4yd92,Hypothesis generation
144a6325912b9033405f0cf4b484f28c,OpenAI
144a6325912b9033405f0cf4b484f28c,Microsoft
144a6325912b9033405f0cf4b484f28c,CMA
31f2a5e89f5e8a793f7819b4d294402112984b7a,ARM
31f2a5e89f5e8a793f7819b4d294402112984b7a,Chip Manufacturing
31f2a5e89f5e8a793f7819b4d294402112984b7a,Malaysia
6442ef7958172034768225f5d45fd39f,CoreWeave
6442ef7958172034768225f5d45fd39f,Weights & Biases
6442ef7958172034768225f5d45fd39f,AI Development
91cf17ca91c40d2a617a2797fcae7100,EcoDataCenter
91cf17ca91c40d2a617a2797fcae7100,Sustainable Data Centers
91cf17ca91c40d2a617a2797fcae7100,CoreWeave
b959d6d73274e3743082218e160f8cf0,Facial Recognition
b959d6d73274e3743082218e160f8cf0,Scam Detection
b959d6d73274e3743082218e160f8cf0,Meta
b91d5437,Quantexa
b91d5437,Data Analytics
b91d5437,Anti-Money Laundering
3b6a1ca6f82b56a0501266ad19f20c4a,OpenAI
3b6a1ca6f82b56a0501266ad19f20c4a,Copyright
3b6a1ca6f82b56a0501266ad19f20c4a,AI Training Data
38d9581118e124b8d3794430190c202734c621af,OpenAI
38d9581118e124b8d3794430190c202734c621af,Elon Musk
38d9581118e124b8d3794430190c202734c621af,For-profit Transition
a6dd0791890533074922a71608e47279,AI Agents
a6dd0791890533074922a71608e47279,AWS
a6dd0791890533074922a71608e47279,Automation
46421878576305763458,Klarna
46421878576305763458,Salesforce
46421878576305763458,Generative AI
3648efca3b80a99081a26f3a44420ff1,AI reasoning model
3648efca3b80a99081a26f3a44420ff1,Amazon Nova
3648efca3b80a99081a26f3a44420ff1,Hybrid AI architecture
66a0a07a9a79b57876a441b8,Gemini
66a0a07a9a79b57876a441b8,Political Questions
66a0a07a9a79b57876a441b8,AI Chatbots
2f74b897e11e291c1c8652b9317e0d6b,AI agents
2f74b897e11e291c1c8652b9317e0d6b,Customer service
2f74b897e11e291c1c8652b9317e0d6b,Generative AI
89a7c2456e5d3b7f1e2a9d0b3c478f9,Aya Vision
89a7c2456e5d3b7f1e2a9d0b3c478f9,Multimodal AI
89a7c2456e5d3b7f1e2a9d0b3c478f9,Synthetic Data
5b3ca8971c56c74a74011c250d9e0268,OpenAI
5b3ca8971c56c74a74011c250d9e0268,Research Grants
5b3ca8971c56c74a74011c250d9e0268,Academic Research
6e5e9c89-6993-4664-a9d1-5d866f129dd9,AI search
6e5e9c89-6993-4664-a9d1-5d866f129dd9,SEO
6e5e9c89-6993-4664-a9d1-5d866f129dd9,Web crawlers
e9d7809996476d703d02215bb214c998,LlamaIndex
e9d7809996476d703d02215bb214c998,LlamaCloud
e9d7809996476d703d02215bb214c998,AI Agents
1b3f97431011156b8dd47d57d075c165,Mistral AI
1b3f97431011156b8dd47d57d075c165,Data Centers
1b3f97431011156b8dd47d57d075c165,Hyperscalers
2715f5b9881c562e279f18513798a9a1,AI Research
2715f5b9881c562e279f18513798a9a1,Government Grants
2715f5b9881c562e279f18513798a9a1,National Science Foundation
108d1f6d4923525b97f400a89dd99938,Super Mario Bros.
108d1f6d4923525b97f400a89dd99938,AI Benchmark
108d1f6d4923525b97f400a89dd99938,Reasoning Models
7a80832d3676b2f53ad002c3e500943c,Google Gemini
7a80832d3676b2f53ad002c3e500943c,AI Chatbot
7a80832d3676b2f53ad002c3e500943c,iPhone Lock Screen
8062a802f54f4586b01b791e4036d53f,Nvidia
8062a802f54f4586b01b791e4036d53f,Chip Smuggling
8062a802f54f4586b01b791e4036d53f,Export Controls
a9c6e11c8f5b08939a2a0a580e610c5b,Artificial Intelligence
a9c6e11c8f5b08939a2a0a580e610c5b,Algorithms
a9c6e11c8f5b08939a2a0a580e610c5b,Renewable Energy
d41d8cd98f00b204e9800998ecf8427e,AI safety
d41d8cd98f00b204e9800998ecf8427e,CalCompute
d41d8cd98f00b204e9800998ecf8427e,Whistleblower protection
a954dc587126277c5675b03028a9bb81,TSMC
a954dc587126277c5675b03028a9bb81,Chip Manufacturing
a954dc587126277c5675b03028a9bb81,AI Chips
6f25c1546c7e2d07f351335c6c51c16a,SpeciesNet
6f25c1546c7e2d07f351335c6c51c16a,wildlife identification
6f25c1546c7e2d07f351335c6c51c16a,camera traps
7f9c2a3b5e1d84c9a6b3f2e1d78a93b2,Text-to-Speech
7f9c2a3b5e1d84c9a6b3f2e1d78a93b2,AI Voices
7f9c2a3b5e1d84c9a6b3f2e1d78a93b2,Podcasting
144969795,Google Colab
144969795,Data Science Agent
144969795,Gemini 2.0
9f0b8c7a2d3e4f1a6b8d9c2e1a3f5b7d,Generative AI
9f0b8c7a2d3e4f1a6b8d9c2e1a3f5b7d,Amazon
9f0b8c7a2d3e4f1a6b8d9c2e1a3f5b7d,AWS
a89cc9b66354503f02b699b06d5a535c,Anthropic
a89cc9b66354503f02b699b06d5a535c,Claude 3.7 Sonnet
a89cc9b66354503f02b699b06d5a535c,Funding
6197810c6e7f3b7a8b9b6f9d8d3a4b2a,Nvidia Blackwell
6197810c6e7f3b7a8b9b6f9d8d3a4b2a,Export Controls
6197810c6e7f3b7a8b9b6f9d8d3a4b2a,Semiconductor Chips
83f812c0-295b-4d9f-8e4e-d4f4b35b81e8,Generative AI
83f812c0-295b-4d9f-8e4e-d4f4b35b81e8,Respeecher
83f812c0-295b-4d9f-8e4e-d4f4b35b81e8,Film Production
259951db15926c8b17383764d2c949aa,AI Phone
259951db15926c8b17383764d2c949aa,Deutsche Telekom
259951db15926c8b17383764d2c949aa,Perplexity
ea45750b03b158e3571910ff147c852b,Stable Audio Open
ea45750b03b158e3571910ff147c852b,Arm chips
ea45750b03b158e3571910ff147c852b,Audio generation
93a9ca134e2c8543217a9895b334c6b6,AI Assistant
93a9ca134e2c8543217a9895b334c6b6,Privacy
93a9ca134e2c8543217a9895b334c6b6,GenAI
1f3a9b9c8d2e57a04f6b8c7d2e57a04,AI Agent
1f3a9b9c8d2e57a04f6b8c7d2e57a04,Browser Operator
1f3a9b9c8d2e57a04f6b8c7d2e57a04,Opera
65bca911526264d3ff12cf37,Gemini
65bca911526264d3ff12cf37,Screenshare
65bca911526264d3ff12cf37,Google One AI Premium
6c0e2147d29e661453708ef1c4b1a4aa,Siri
6c0e2147d29e661453708ef1c4b1a4aa,Generative AI
6c0e2147d29e661453708ef1c4b1a4aa,Apple Intelligence
5ffb2e34b3e1c9e97919f1d03ff5959b,Infinite Canvas
5ffb2e34b3e1c9e97919f1d03ff5959b,Creative AI
5ffb2e34b3e1c9e97919f1d03ff5959b,Visual Design
765021,TechCrunch Sessions: AI
765021,AI event
765021,AI pioneers
f913c532e36d2c14d7d1571450177b2f990a971b,AI glossary
f913c532e36d2c14d7d1571450177b2f990a971b,Large language models
f913c532e36d2c14d7d1571450177b2f990a971b,Deep learning
a1b2c3d4e5f6g7h8i9j0k1l2m3n4o5p6,DeepSeek
a1b2c3d4e5f6g7h8i9j0k1l2m3n4o5p6,AI Models
a1b2c3d4e5f6g7h8i9j0k1l2m3n4o5p6,Profit Margins
e53991a4e7682db33224371d328690315c1ef1f8,TechCrunch Sessions: AI
e53991a4e7682db33224371d328690315c1ef1f8,AI industry
e53991a4e7682db33224371d328690315c1ef1f8,startup ecosystem
b506a1b0517f89d7b39f09942911a45e,OpenAI Startup Fund
b506a1b0517f89d7b39f09942911a45e,Venture Capital
b506a1b0517f89d7b39f09942911a45e,AI Startups
6ca9f2b288a22644b801975c1857a3d3,AGI
6ca9f2b288a22644b801975c1857a3d3,Google
6ca9f2b288a22644b801975c1857a3d3,RTO
a94ffed9f4c3fba0886d2c9c96bad61f,SaaS
a94ffed9f4c3fba0886d2c9c96bad61f,Scientific Research
a94ffed9f4c3fba0886d2c9c96bad61f,AI Platform
17ed44629354e017d8ca4ea1f0c3e328,OpenAI
17ed44629354e017d8ca4ea1f0c3e328,Sora
17ed44629354e017d8ca4ea1f0c3e328,ChatGPT
b3e5a1a4282937f66681f113c142b826,Gemini
b3e5a1a4282937f66681f113c142b826,Google Sheets
b3e5a1a4282937f66681f113c142b826,Data Analysis
6d734c608a4329e52e33c854ca1a96f8,Mozilla
6d734c608a4329e52e33c854ca1a96f8,Firefox
6d734c608a4329e52e33c854ca1a96f8,Data Privacy
c4ca4238a0b923820dcc509a6f75849b,AI
c4ca4238a0b923820dcc509a6f75849b,TechCrunch Sessions
c4ca4238a0b923820dcc509a6f75849b,Startups
6c9587f1102e5282a984675795e682c9,AI
6c9587f1102e5282a984675795e682c9,Factory Workers
6c9587f1102e5282a984675795e682c9,Surveillance
481640f37c1913efb4527520d891258a,TechCrunch Disrupt
481640f37c1913efb4527520d891258a,Startup Battlefield
481640f37c1913efb4527520d891258a,Startup Innovation
424a3efd27678a4bc38d2103f5ce1e00,AI Event
424a3efd27678a4bc38d2103f5ce1e00,TechCrunch
424a3efd27678a4bc38d2103f5ce1e00,AI Innovation
87e0638a56d5d8f68f497e12f7a6b6e3,OpenAI
87e0638a56d5d8f68f497e12f7a6b6e3,Sora
87e0638a56d5d8f68f497e12f7a6b6e3,Video Generation
1f99f770a9a9152ff7a702ea3d75a383,TechCrunch Disrupt
1f99f770a9a9152ff7a702ea3d75a383,AI
1f99f770a9a9152ff7a702ea3d75a383,Venture Capital
505a6e14c5f16ff13fb4c6789417852b,Meta AI
505a6e14c5f16ff13fb4c6789417852b,AI Chatbot
505a6e14c5f16ff13fb4c6789417852b,Llama
664561a129596058e9b9293d,Startup Accelerator
664561a129596058e9b9293d,Snowflake
664561a129596058e9b9293d,AI
a1b2c3d4e5f6g7h8i9j0,OpenAI
a1b2c3d4e5f6g7h8i9j0,GPU shortage
a1b2c3d4e5f6g7h8i9j0,GPT-4.5
335537556b6859d1b912173e7ca50967,GPT-4.5
335537556b6859d1b912173e7ca50967,Persuasion
335537556b6859d1b912173e7ca50967,AI Safety
e90486c328e8a94e6f30f7b77a178d03,GPT-4.5
e90486c328e8a94e6f30f7b77a178d03,OpenAI
e90486c328e8a94e6f30f7b77a178d03,AI Model
6f2d1e2a2b3c4d5e6f7a8b9c0d1e2f3a,AI
6f2d1e2a2b3c4d5e6f7a8b9c0d1e2f3a,TechCrunch Sessions
6f2d1e2a2b3c4d5e6f7a8b9c0d1e2f3a,AI event
8b960a77919438f115898104bc1a1b3e,TikTok One
8b960a77919438f115898104bc1a1b3e,AI-powered Ads
8b960a77919438f115898104bc1a1b3e,Symphony Creative Studio
80a9313d5c02b0447297b0d82b5892c2,Humanoid Robot
80a9313d5c02b0447297b0d82b5892c2,Alpha Testing
80a9313d5c02b0447297b0d82b5892c2,VLA Model
5c3a7ea9,Microsoft Copilot
5c3a7ea9,macOS app
5c3a7ea9,Generative AI
68a0a81419b57b691d8483d03a58a823,AI models
68a0a81419b57b691d8483d03a58a823,Unsecured code
68a0a81419b57b691d8483d03a58a823,Toxicity
62384b893a2843cf92418949b69b97bb,AR Glasses
62384b893a2843cf92418949b69b97bb,Meta
62384b893a2843cf92418949b69b97bb,Heart Rate Monitoring
1b6e8a795c6a6a2138675a2dd008a72e,Workhelix
1b6e8a795c6a6a2138675a2dd008a72e,AI adoption
1b6e8a795c6a6a2138675a2dd008a72e,Enterprise AI
758a4a34a5d9f255d69b32c3d280b41f,TechCrunch Disrupt
758a4a34a5d9f255d69b32c3d280b41f,Startup Battlefield
758a4a34a5d9f255d69b32c3d280b41f,Innovation
123a4b5c6d7e8f901234,Agentic AI
123a4b5c6d7e8f901234,Financial Services
123a4b5c6d7e8f901234,Series A
b84a8f1a5f1f4a4b8834c386f6b8059d,Google Gemini
b84a8f1a5f1f4a4b8834c386f6b8059d,Generative AI
b84a8f1a5f1f4a4b8834c386f6b8059d,Multimodal AI
6f5902ac3b4ff20b138a247c40c118d8,iPhone 16e
6f5902ac3b4ff20b138a247c40c118d8,Apple Intelligence
6f5902ac3b4ff20b138a247c40c118d8,A18 chip
f4d201a52b776d6141916c8e677338e7,Lunar Data Center
f4d201a52b776d6141916c8e677338e7,Space Storage
f4d201a52b776d6141916c8e677338e7,SpaceX
49a321c4c1735b612416471d322821b4,Nvidia
49a321c4c1735b612416471d322821b4,DeepSeek
49a321c4c1735b612416471d322821b4,Blackwell chip
a93f89a92646c4d6967009f994877c33,Alexa+
a93f89a92646c4d6967009f994877c33,AI Agents
a93f89a92646c4d6967009f994877c33,Generative AI
c8c3997839f87e03e9698b395148012f,Diffusion models
c8c3997839f87e03e9698b395148012f,Large Language Models
c8c3997839f87e03e9698b395148012f,DLM
e5f7b9a0a7b8c2d1e3f4a5b6c7d8e9f0,AI startups
e5f7b9a0a7b8c2d1e3f4a5b6c7d8e9f0,Gradient Ventures
e5f7b9a0a7b8c2d1e3f4a5b6c7d8e9f0,Seed-stage investments
8a97e3046412e3a073496a96c9a102d1,Speech-to-text
8a97e3046412e3a073496a96c9a102d1,ElevenLabs
8a97e3046412e3a073496a96c9a102d1,Scribe
689b92a7c51a248a011d5d2a8b5a3d1a,Generative AI
689b92a7c51a248a011d5d2a8b5a3d1a,Alexa+
689b92a7c51a248a011d5d2a8b5a3d1a,Document Summarization
67cf224b89a0a1505498f82e54b9d2d5826064b2,Alexa+
67cf224b89a0a1505498f82e54b9d2d5826064b2,Amazon Prime
67cf224b89a0a1505498f82e54b9d2d5826064b2,Generative AI
720963c6873231c199328b7a508697c5,Alexa+
720963c6873231c199328b7a508697c5,Amazon Kids+
720963c6873231c199328b7a508697c5,AI-powered features
62a3e61d87f5a2458a55f2462b9999f8,Alexa+
62a3e61d87f5a2458a55f2462b9999f8,Bedrock
62a3e61d87f5a2458a55f2462b9999f8,Model Agnostic
1a11c63433a276709c647f6e82993758,AI startups
1a11c63433a276709c647f6e82993758,Incumbents
1a11c63433a276709c647f6e82993758,World model
97e7375642c4e70a6d07495e07210024,AI coding assistants
97e7375642c4e70a6d07495e07210024,Open-source
97e7375642c4e70a6d07495e07210024,Developer tools
66a42e7e0c5246b1a72d8401,Generative AI
66a42e7e0c5246b1a72d8401,Alexa+
66a42e7e0c5246b1a72d8401,Smart Home
6b86b273ff34fce19d6b804eff5a3f5747ada4eaa22f1d49c01e52ddb7875b4b,AI Innovation
6b86b273ff34fce19d6b804eff5a3f5747ada4eaa22f1d49c01e52ddb7875b4b,TechCrunch Sessions
6b86b273ff34fce19d6b804eff5a3f5747ada4eaa22f1d49c01e52ddb7875b4b,AI Ecosystem
389c54e15f8a5090a75a0a3b5b55593d,TechCrunch Disrupt
389c54e15f8a5090a75a0a3b5b55593d,Startup Battlefield
389c54e15f8a5090a75a0a3b5b55593d,AI Innovations
a3b2c4d5e6f7g8h9i0j1k2l3m4n5o6p7,Sales Enablement
a3b2c4d5e6f7g8h9i0j1k2l3m4n5o6p7,Generative AI
a3b2c4d5e6f7g8h9i0j1k2l3m4n5o6p7,AI Co-pilots
9280685a5f80c40196534928e5888807,Due Diligence
9280685a5f80c40196534928e5888807,AI Agents
9280685a5f80c40196534928e5888807,Expert Networks
3f2a1b5b8e7a9c6d4f1a8e0c7b5a3d2c,Framework Desktop
3f2a1b5b8e7a9c6d4f1a8e0c7b5a3d2c,Ryzen AI Max
3f2a1b5b8e7a9c6d4f1a8e0c7b5a3d2c,Local AI Inference
5b3b9e9d6b9a9c9c9d9a9c9c9d9a9c9c,Robotic Arms
5b3b9e9d6b9a9c9c9d9a9c9c9d9a9c9c,Warehouse Automation
5b3b9e9d6b9a9c9c9d9a9c9c9d9a9c9c,Logistics
c2741a54275991805923795a877e739d,ElevenLabs
c2741a54275991805923795a877e739d,AI-generated audiobooks
c2741a54275991805923795a877e739d,Audiobook publishing
1a2b3c4d5e6f7g8h9i0j,Generative AI
1a2b3c4d5e6f7g8h9i0j,Claude
1a2b3c4d5e6f7g8h9i0j,Anthropic
5e9d3a2f7b6b9d2f7d8a4a2b,ChatGPT
5e9d3a2f7b6b9d2f7d8a4a2b,OpenAI
5e9d3a2f7b6b9d2f7d8a4a2b,Pricing Plans
711c323c1f58993982a33c7c437aa30b13a68f18,Anthropic
711c323c1f58993982a33c7c437aa30b13a68f18,Claude 3.7 Sonnet
711c323c1f58993982a33c7c437aa30b13a68f18,AI Training Costs
7945c0b7e839cd955ffb69ca4c3a8220,Venture Capital
7945c0b7e839cd955ffb69ca4c3a8220,Seed Funding
7945c0b7e839cd955ffb69ca4c3a8220,Perplexity
6a390f,Anthropic
6a390f,Claude AI
6a390f,Pokémon Red
6d93f053a2568081a1a2b1d12563194f,Humanoid Robots
6d93f053a2568081a1a2b1d12563194f,Apptronik
6d93f053a2568081a1a2b1d12563194f,Jabil
604a307dd41639993dd5304f89094efd,Deep Research
604a307dd41639993dd5304f89094efd,ChatGPT
604a307dd41639993dd5304f89094efd,OpenAI
a9e4d0f448c600e7a4c492084340a098,OpenAI
a9e4d0f448c600e7a4c492084340a098,Deep Research
a9e4d0f448c600e7a4c492084340a098,Persuasion Risks
5097b107010117b332c142119972d379,Poe Apps
5097b107010117b332c142119972d379,AI models
5097b107010117b332c142119972d379,App Creator
4d5e9f29a9b44c1a8e129b97a3f4e1a3,Generative AI
4d5e9f29a9b44c1a8e129b97a3f4e1a3,App Development
4d5e9f29a9b44c1a8e129b97a3f4e1a3,Low-Code/No-Code
47794336,Alexa
47794336,Generative AI
47794336,Amazon
31e42b947db28134382ca1f56ac0a8b1,Customs Automation
31e42b947db28134382ca1f56ac0a8b1,AI
31e42b947db28134382ca1f56ac0a8b1,DocUnlock
1c81a1bb47333a23059975ff548bbef1,DeepSeek
1c81a1bb47333a23059975ff548bbef1,API
1c81a1bb47333a23059975ff548bbef1,Reasoning Model
a3f7b8c2d9e4a157b6c3d2e1a8b5f496,Microsoft
a3f7b8c2d9e4a157b6c3d2e1a8b5f496,Data Centers
a3f7b8c2d9e4a157b6c3d2e1a8b5f496,AI Demand
37a78707c3193413b1d55a9868421673,Serverless Cloud
37a78707c3193413b1d55a9868421673,AI Accelerators
37a78707c3193413b1d55a9868421673,Tenstorrent
3f75048e26a6f72733056b586e2e3b41,Agentic AI
3f75048e26a6f72733056b586e2e3b41,Recruitment
3f75048e26a6f72733056b586e2e3b41,HR Tech
a76187a00e7f34b1f2d45348d68d389c,Gemini Code Assist
a76187a00e7f34b1f2d45348d68d389c,GitHub Copilot
a76187a00e7f34b1f2d45348d68d389c,AI Coding Assistant
6a9698b86df8e2dd7845502931637e01,Copyright law
6a9698b86df8e2dd7845502931637e01,AI training
6a9698b86df8e2dd7845502931637e01,Music industry
809c061a1735b6817acdd1625f0f3974,AI War
809c061a1735b6817acdd1625f0f3974,Scale AI
809c061a1735b6817acdd1625f0f3974,National Security
16d74c3a2a72531229b79cfbb2652984,Anthropic
16d74c3a2a72531229b79cfbb2652984,Claude 3
16d74c3a2a72531229b79cfbb2652984,Funding Round
d41d8cd98f00b204e9800998ecf8427e,Chegg
d41d8cd98f00b204e9800998ecf8427e,Google
d41d8cd98f00b204e9800998ecf8427e,AI search summaries
e5b7c8a7d2f5a9b3e1d4c6f8b0a2d1e3,Anthropic
e5b7c8a7d2f5a9b3e1d4c6f8b0a2d1e3,Claude 3.7 Sonnet
e5b7c8a7d2f5a9b3e1d4c6f8b0a2d1e3,Pokémon Red
e9943c1169f6d51a92f7e378170858ff,Claude 3.7 Sonnet
e9943c1169f6d51a92f7e378170858ff,Anthropic
e9943c1169f6d51a92f7e378170858ff,AI Reasoning
27b725530fd603689db58901e8a5094a,Grok 3
27b725530fd603689db58901e8a5094a,xAI
27b725530fd603689db58901e8a5094a,AI Chatbot
777e17b79e6184704167b99479402293,Perplexity AI
777e17b79e6184704167b99479402293,Comet
777e17b79e6184704167b99479402293,Web Browser
59691b6a9d4708e49c1c378737f97892,Flexport
59691b6a9d4708e49c1c378737f97892,AI
59691b6a9d4708e49c1c378737f97892,Logistics
3b7f1cf59c953a08e88b8d01b6a8d20d,AI
3b7f1cf59c953a08e88b8d01b6a8d20d,Lumber
3b7f1cf59c953a08e88b8d01b6a8d20d,Waste Wood
23d4963cfb6b0912d6e5a73233404a90,Patent Analytics
23d4963cfb6b0912d6e5a73233404a90,Generative AI
23d4963cfb6b0912d6e5a73233404a90,Legal Tech
e98c37069c3c43018d433e1f1d985a7d,Meta AI
e98c37069c3c43018d433e1f1d985a7d,Arabic
e98c37069c3c43018d433e1f1d985a7d,MENA
a1b2c3d4e5f6g7h8i9j0,AI Server
a1b2c3d4e5f6g7h8i9j0,US Manufacturing
a1b2c3d4e5f6g7h8i9j0,Apple Intelligence
684e78a31812927905d8dd227a676f2e6a9c1181,Veo 2
684e78a31812927905d8dd227a676f2e6a9c1181,AI video generation
684e78a31812927905d8dd227a676f2e6a9c1181,Sora
d41d8cd98f00b204e9800998ecf8427e,Mental Health
d41d8cd98f00b204e9800998ecf8427e,Chatbot
d41d8cd98f00b204e9800998ecf8427e,Education
3b9c2e3a1a4b5f7c8d9e0a1b2c3d4e5f,Grok 3
3b9c2e3a1a4b5f7c8d9e0a1b2c3d4e5f,Elon Musk
3b9c2e3a1a4b5f7c8d9e0a1b2c3d4e5f,Donald Trump
5637f3f9b05c3427212614476658616f,AI benchmarks
5637f3f9b05c3427212614476658616f,Grok 3
5637f3f9b05c3427212614476658616f,OpenAI
15a7f705d6779483692808e4428af46e,AI Safety
15a7f705d6779483692808e4428af46e,NIST
15a7f705d6779483692808e4428af46e,AISI
2123ea832225481f65315879564e6179,Humane
2123ea832225481f65315879564e6179,HP
2123ea832225481f65315879564e6179,AI Pin
6c8f82e948d73c49a91e00e8f171a8a2,Copyright
6c8f82e948d73c49a91e00e8f171a8a2,AI Training
6c8f82e948d73c49a91e00e8f171a8a2,Llama
1970f709808f185794421ff26b6b9786,Apple Intelligence
1970f709808f185794421ff26b6b9786,Priority Notifications
1970f709808f185794421ff26b6b9786,iOS 18.4
e935e80f87e55d25187968a8468bb2c6,DeepSeek R1
e935e80f87e55d25187968a8468bb2c6,Jensen Huang
e935e80f87e55d25187968a8468bb2c6,AI Adoption
1a9b3c2d4e5f6g7h8i9j0k1l2m3n4o5p,OpenAI
1a9b3c2d4e5f6g7h8i9j0k1l2m3n4o5p,Microsoft
1a9b3c2d4e5f6g7h8i9j0k1l2m3n4o5p,SoftBank
4f70e936e12716394e589edcf83c7388,Humanoid Robots
4f70e936e12716394e589edcf83c7388,1X
4f70e936e12716394e589edcf83c7388,Neo Gamma
15f78148286b42b861a301197694a7a7,Sakana AI
15f78148286b42b861a301197694a7a7,AI CUDA Engineer
15f78148286b42b861a301197694a7a7,Model Training
49e6094b969a53451d95d87583e26568,Apple Intelligence
49e6094b969a53451d95d87583e26568,Vision Pro
49e6094b969a53451d95d87583e26568,Generative AI
33753297c9dd380573343742f1032c03c41d4574,AI Pin
33753297c9dd380573343742f1032c03c41d4574,Wearable AI
33753297c9dd380573343742f1032c03c41d4574,HP acquisition
6b86b273ff34fce19d6b804eff5a3f5747ada4eaa22f1d49c01e52ddb7875b4b,AI coding assistants
6b86b273ff34fce19d6b804eff5a3f5747ada4eaa22f1d49c01e52ddb7875b4b,Code quality
6b86b273ff34fce19d6b804eff5a3f5747ada4eaa22f1d49c01e52ddb7875b4b,GitClear
,AI
,TechCrunch Sessions: AI
,AI Startups
hash,DeepSeek
hash,Open Source
hash,OpenAI
5b3f9b7a1e2c4d8f7a9b8c1d2e3f4a5b,TechCrunch Disrupt
5b3f9b7a1e2c4d8f7a9b8c1d2e3f4a5b,Startup Battlefield
5b3f9b7a1e2c4d8f7a9b8c1d2e3f4a5b,AI
a1b2c3d4e5f6g7h8i9j0,AI Agent
a1b2c3d4e5f6g7h8i9j0,OpenAI
a1b2c3d4e5f6g7h8i9j0,ChatGPT Pro
676aa4ed3c9e24d70a25753ef43d3b76,Clearview AI
676aa4ed3c9e24d70a25753ef43d3b76,Facial Recognition
676aa4ed3c9e24d70a25753ef43d3b76,Data Privacy
d41d8cd98f00b204e9800998ecf8427e,iPhone 16e
d41d8cd98f00b204e9800998ecf8427e,India
d41d8cd98f00b204e9800998ecf8427e,Apple
1a1b2c3d4e5f6g7h8i9j0k,Humane
1a1b2c3d4e5f6g7h8i9j0k,HP
1a1b2c3d4e5f6g7h8i9j0k,Ai Pin
a1b2c3d4e5f6g7h8i9j0k1l2m3n4o5p6,Humanoid Robots
a1b2c3d4e5f6g7h8i9j0k1l2m3n4o5p6,Vision-Language-Action
a1b2c3d4e5f6g7h8i9j0k1l2m3n4o5p6,Helix
23e49d6a602ec08849e8f2eb8a5176eb,AI narration
23e49d6a602ec08849e8f2eb8a5176eb,Audiobooks
23e49d6a602ec08849e8f2eb8a5176eb,ElevenLabs
54a5e98a506585b32938f3695750a1092a440970,AI Observability
54a5e98a506585b32938f3695750a1092a440970,Generative AI
54a5e98a506585b32938f3695750a1092a440970,Machine Learning
6c620d9c4e694e2491a2459e3811887a,OpenAI
6c620d9c4e694e2491a2459e3811887a,ChatGPT
6c620d9c4e694e2491a2459e3811887a,AI Model
3c6192420db4d0543849b675b26969f7,AI Recruiting
3c6192420db4d0543849b675b26969f7,Series B
3c6192420db4d0543849b675b26969f7,Valuation
a4a35e79d0637474732871184224b574,Codeium
a4a35e79d0637474732871184224b574,AI coding assistant
a4a35e79d0637474732871184224b574,Funding round
e88555747b9747445773c6749e88c37c11f78672,Asteroid Mining
e88555747b9747445773c6749e88c37c11f78672,Autonomous Spacecraft
e88555747b9747445773c6749e88c37c11f78672,Space Refueling
259d82649f5b5e42e954f65136b423d5,AI Benchmarks
259d82649f5b5e42e954f65136b423d5,Grok 3
259d82649f5b5e42e954f65136b423d5,SWE-Lancer
913e30f4f04182514b6d0455a5db39ca,Career Dreamer
913e30f4f04182514b6d0455a5db39ca,job exploration
913e30f4f04182514b6d0455a5db39ca,AI assistant
892f0a52b9c13c5764a799b87cf2e021,Gemini
892f0a52b9c13c5764a799b87cf2e021,Google
892f0a52b9c13c5764a799b87cf2e021,iOS
6c702c0151a0572355b0bbd62d1a0c32,Accent Modification
6c702c0151a0572355b0bbd62d1a0c32,Speech Recognition
6c702c0151a0572355b0bbd62d1a0c32,Call Centers
6f253f429161f10c2e1a1d6f04d8b54e,Mistral AI
6f253f429161f10c2e1a1d6f04d8b54e,Le Chat
6f253f429161f10c2e1a1d6f04d8b54e,AI Assistant
f7e780a9f8d8a7e6b0c0b2c0a7e7e6b0c0b2c0a7,iPhone 16e
f7e780a9f8d8a7e6b0c0b2c0a7e7e6b0c0b2c0a7,Apple Intelligence
f7e780a9f8d8a7e6b0c0b2c0a7e7e6b0c0b2c0a7,A18 processor
1a3b4c7d8e9f0a1b2c3d,AI-powered categorization
1a3b4c7d8e9f0a1b2c3d,Email management
1a3b4c7d8e9f0a1b2c3d,Superhuman
a89cb7a453104f16f5429422a8299fb9,MicroLEDs
a89cb7a453104f16f5429422a8299fb9,Data Centers
a89cb7a453104f16f5429422a8299fb9,Chip-to-Chip Communication
6f2d4b3a7a6d6b1b0d0a8e8c0c5c1a4a,Predictive Maintenance
6f2d4b3a7a6d6b1b0d0a8e8c0c5c1a4a,Industrial AI
6f2d4b3a7a6d6b1b0d0a8e8c0c5c1a4a,Machine Learning
670ba309d5a7f4c2e12a7b364e41515c,AI
670ba309d5a7f4c2e12a7b364e41515c,training videos
670ba309d5a7f4c2e12a7b364e41515c,Guidde
62b361225ca99169a586b169,Humane AI Pin
62b361225ca99169a586b169,HP
62b361225ca99169a586b169,AI innovation
2e94786391c25d10c4a5f40313eb7704,Venture Capital
2e94786391c25d10c4a5f40313eb7704,Meta
2e94786391c25d10c4a5f40313eb7704,Robotics
3a7d8c9e2b1a4f638d5f70a89c2345b6,Safe Superintelligence
3a7d8c9e2b1a4f638d5f70a89c2345b6,Ilya Sutskever
3a7d8c9e2b1a4f638d5f70a89c2345b6,Greenoaks Capital
46b9a428a19f8d6f8867b26468bb1972,Thinking Machines Lab
46b9a428a19f8d6f8867b26468bb1972,Mira Murati
46b9a428a19f8d6f8867b26468bb1972,AI Systems
629503092431660664,Fiverr
629503092431660664,Generative AI
629503092431660664,Gig Workers
64c98e8730c6e996c87e18e637b4c6ca,OpenAI
64c98e8730c6e996c87e18e637b4c6ca,Takeover
64c98e8730c6e996c87e18e637b4c6ca,Board Rights
548f7155c97a9b1d0e34105b709120ca,Llama
548f7155c97a9b1d0e34105b709120ca,Generative AI
548f7155c97a9b1d0e34105b709120ca,Meta
6d1cf9680525478a34e4974e47173f8e,AI Decisioning
6d1cf9680525478a34e4974e47173f8e,Customer Data Platform
6d1cf9680525478a34e4974e47173f8e,Data Warehouses
24184000,App Localization
24184000,AI
24184000,Translation API
f9a5d67b11c9f2b3e8d4a70a9b5c6a1a,Legal AI
f9a5d67b11c9f2b3e8d4a70a9b5c6a1a,Luminance
f9a5d67b11c9f2b3e8d4a70a9b5c6a1a,Series C
3f927a8154cb3ff5920e49a8e51f82f5,Grok 3
3f927a8154cb3ff5920e49a8e51f82f5,xAI
3f927a8154cb3ff5920e49a8e51f82f5,AI Model
a7f8b9c2d1e43a6b5c7d8e9a1b2c3d4e,AI Tools
a7f8b9c2d1e43a6b5c7d8e9a1b2c3d4e,New York Times
a7f8b9c2d1e43a6b5c7d8e9a1b2c3d4e,Generative AI
d41d8cd98f00b204e9800998ecf8427e,AI copyright
d41d8cd98f00b204e9800998ecf8427e,Ross Intelligence
d41d8cd98f00b204e9800998ecf8427e,Thomson Reuters
960d1b35a15d0a86f4a1984e8ff18373,Mistral AI
960d1b35a15d0a86f4a1984e8ff18373,LLM
960d1b35a15d0a86f4a1984e8ff18373,Arabic language
2e5e1d3d6f406f1735a0c1b19f367570,DeepSeek
2e5e1d3d6f406f1735a0c1b19f367570,Data Privacy
2e5e1d3d6f406f1735a0c1b19f367570,South Korea
42b922226705a69c4bcf57817a4b181e,AI reasoning
42b922226705a69c4bcf57817a4b181e,Benchmarking
42b922226705a69c4bcf57817a4b181e,Problem-solving
e892b0140975e1478998e2875b90a635,Animal Emotions
e892b0140975e1478998e2875b90a635,Artificial Intelligence
e892b0140975e1478998e2875b90a635,Facial Recognition
6a98234ea5e57801034ca55a07e1f92f,OpenAI
6a98234ea5e57801034ca55a07e1f92f,ChatGPT
6a98234ea5e57801034ca55a07e1f92f,AI censorship
66d0e98594bb835b4e48e4a276e096b18e40f5c2,Open Source LLMs
66d0e98594bb835b4e48e4a276e096b18e40f5c2,Digital Sovereignty
66d0e98594bb835b4e48e4a276e096b18e40f5c2,OpenEuroLLM
d41d8cd98f00b204e9800998ecf8427e,OpenAI
d41d8cd98f00b204e9800998ecf8427e,Copyright Infringement
d41d8cd98f00b204e9800998ecf8427e,AI Ethics
6b86b273ff34fce19d6b804eff5a3f5747ada4eaa22f1d49c01e52ddb7875b4b,Apple Intelligence
6b86b273ff34fce19d6b804eff5a3f5747ada4eaa22f1d49c01e52ddb7875b4b,Vision Pro
6b86b273ff34fce19d6b804eff5a3f5747ada4eaa22f1d49c01e52ddb7875b4b,visionOS
5f85a1f4b181557949b6814557c2a60f,xAI
5f85a1f4b181557949b6814557c2a60f,Colossus
5f85a1f4b181557949b6814557c2a60f,Air Pollution
83829c3121056f9d6820551488415c4d,Perplexity
83829c3121056f9d6820551488415c4d,Deep Research
83829c3121056f9d6820551488415c4d,AI Research Tools
4b9c2903706863e12382532047c83471,AI training data
4b9c2903706863e12382532047c83471,Copyright
4b9c2903706863e12382532047c83471,Meta
6806f23271928c5517bd3eb52537c4ae,Generative AI
6806f23271928c5517bd3eb52537c4ae,Alexa
6806f23271928c5517bd3eb52537c4ae,Siri
90b1d75b637a6a92850f728e5b532928,OpenAI
90b1d75b637a6a92850f728e5b532928,Elon Musk
90b1d75b637a6a92850f728e5b532928,Nonprofit
3c5d14b7089c0cd22a5e06618ca0ffc5,DeepSeek
3c5d14b7089c0cd22a5e06618ca0ffc5,Liang Wenfeng
3c5d14b7089c0cd22a5e06618ca0ffc5,Xi Jinping
55f4d3299a8ff3e80780a881,xAI
55f4d3299a8ff3e80780a881,Elon Musk
55f4d3299a8ff3e80780a881,Grok
6a9b7c2d3e4f5a1b8c9d,Humanoid Robotics
6a9b7c2d3e4f5a1b8c9d,Reality Labs
6a9b7c2d3e4f5a1b8c9d,Meta
63d9b8794859d893f09f1c3f28c36583,AI Agent
63d9b8794859d893f09f1c3f28c36583,Web Crawling
63d9b8794859d893f09f1c3f28c36583,Firecrawl
3591f347456a38c38e4d32d268ca91a7,AI
3591f347456a38c38e4d32d268ca91a7,TechCrunch Sessions
3591f347456a38c38e4d32d268ca91a7,AI event
3f779c32973d98046f8a258a574257bc,OpenAI
3f779c32973d98046f8a258a574257bc,Elon Musk
3f779c32973d98046f8a258a574257bc,Acquisition
47b6cd247100e32068924d842944b50e,AI
47b6cd247100e32068924d842944b50e,Customer Service
47b6cd247100e32068924d842944b50e,Trip Planning
5400553163e1c4019c101e03ef6e62f6,AI Liability Directive
5400553163e1c4019c101e03ef6e62f6,EU AI Act
5400553163e1c4019c101e03ef6e62f6,AI deregulation
4f98a3b9f2a171709f86fd5873225002,AI Security
4f98a3b9f2a171709f86fd5873225002,Anthropic
4f98a3b9f2a171709f86fd5873225002,UK Government
240f275a7ca4b58e2e1563153689985b345c4d06,Google Gemini
240f275a7ca4b58e2e1563153689985b345c4d06,AI Chatbot
240f275a7ca4b58e2e1563153689985b345c4d06,Conversation Recall
5f7a9b2c1d5e4f8a76b3a9c2,Arm
5f7a9b2c1d5e4f8a76b3a9c2,Meta
5f7a9b2c1d5e4f8a76b3a9c2,CPU
2d546e8b,OpenAI
2d546e8b,ChatGPT
2d546e8b,Content Warnings
e7472c19a584e98a13b9549711c864b3,OpenAI
e7472c19a584e98a13b9549711c864b3,Elon Musk
e7472c19a584e98a13b9549711c864b3,x.AI
61cae67f420837df0c015518e1124a89,iPhone SE
61cae67f420837df0c015518e1124a89,Apple Intelligence
61cae67f420837df0c015518e1124a89,Face ID
3489302498,Anthropic
3489302498,AI Model
3489302498,Reasoning
a8644191e0e8986946e569d134e39127,AI-driven marketing platform
a8644191e0e8986946e569d134e39127,Omni-channel marketing
a8644191e0e8986946e569d134e39127,Series A
b8315868c164134057869e24f63d51f8,Alibaba
b8315868c164134057869e24f63d51f8,Apple Intelligence
b8315868c164134057869e24f63d51f8,iPhone sales
e58c848f097f4d2e82c2a147b4462160,Copyright Infringement
e58c848f097f4d2e82c2a147b4462160,Generative AI
e58c848f097f4d2e82c2a147b4462160,Cohere
87f3aa49f346c65e157a569c17d880e5,Veo 2
87f3aa49f346c65e157a569c17d880e5,YouTube Shorts
87f3aa49f346c65e157a569c17d880e5,Generative AI
f7e5b8a2c9b7d6e4a1d8c2f0b3a98765,Analog Chips
f7e5b8a2c9b7d6e4a1d8c2f0b3a98765,AI Accelerators
f7e5b8a2c9b7d6e4a1d8c2f0b3a98765,EnCharge AI
6a9b0c1d2e3f4a5b6c7d8e9f0a1b2c3d,Data Centers
6a9b0c1d2e3f4a5b6c7d8e9f0a1b2c3d,Power Capacity
6a9b0c1d2e3f4a5b6c7d8e9f0a1b2c3d,Demand Response
d41d8cd98f00b204e9800998ecf8427e,Humanoid Robots
d41d8cd98f00b204e9800998ecf8427e,Series A
d41d8cd98f00b204e9800998ecf8427e,Apptronik
f94005e487196228e320a0c8e96c3c59,OpenAI
f94005e487196228e320a0c8e96c3c59,Elon Musk
f94005e487196228e320a0c8e96c3c59,Nonprofit
31e569e662f7c9e85e284a1a969281f5,Healthcare Marketplace
31e569e662f7c9e85e284a1a969281f5,AI Chatbot
31e569e662f7c9e85e284a1a969281f5,Southeast Asia
d41d8cd98f00b204e9800998ecf8427e,Latent Labs
d41d8cd98f00b204e9800998ecf8427e,Protein Design
d41d8cd98f00b204e9800998ecf8427e,AlphaFold
e5b727f02a7759dd288738e050d0e11b,AI-powered search
e5b727f02a7759dd288738e050d0e11b,Reddit Answers
e5b727f02a7759dd288738e050d0e11b,User engagement
4a388462b8787946344a8522263c2e0a,OpenAI
4a388462b8787946344a8522263c2e0a,AI Models
4a388462b8787946344a8522263c2e0a,Censorship
3641bc8e062b08788f14f51794d14740,Flock Safety
3641bc8e062b08788f14f51794d14740,Surveillance Technology
3641bc8e062b08788f14f51794d14740,License Plate Recognition
6d6ffef43435f4629647a8d35c784202,Digital Markets Act
6d6ffef43435f4629647a8d35c784202,Y Combinator
6d6ffef43435f4629647a8d35c784202,Big Tech
49f1ecf0e2f307f7e578a3451c9dd503,Founders
49f1ecf0e2f307f7e578a3451c9dd503,Series A
49f1ecf0e2f307f7e578a3451c9dd503,Venture Capital
88213a76102932e7557a9d25c831bc00,Deep Tech
88213a76102932e7557a9d25c831bc00,European Autonomy
88213a76102932e7557a9d25c831bc00,Photonics Computing
a3f7b2c9d4e15a8b60c347e9f1b20da1,Venture Capital
a3f7b2c9d4e15a8b60c347e9f1b20da1,Italian Startups
a3f7b2c9d4e15a8b60c347e9f1b20da1,Early-Stage Funding
,Venture Capital
,Startup Ecosystem
,Artificial Intelligence
5242055763682529995,Tech Layoffs
5242055763682529995,Job Cuts
5242055763682529995,Automation
6d46f81cf4a5f175642c447c4e338737,AI Robotics
6d46f81cf4a5f175642c447c4e338737,Dexterity
6d46f81cf4a5f175642c447c4e338737,Industrial Automation
a8b2c3d4e5f6g7h8i9j0k1l2m3n4o5p6,Decarbonization
a8b2c3d4e5f6g7h8i9j0k1l2m3n4o5p6,Venture Capital
a8b2c3d4e5f6g7h8i9j0k1l2m3n4o5p6,Volkswagen
f75f2d9e8f9117221b89d9a342b782d6,Venture Capital
f75f2d9e8f9117221b89d9a342b782d6,AI Startups
f75f2d9e8f9117221b89d9a342b782d6,Funding
76b6b1a19b5d74925b35f613d770f4c6,Climate Tech
76b6b1a19b5d74925b35f613d770f4c6,African Startups
76b6b1a19b5d74925b35f613d770f4c6,Private Capital
7f7f1e7a7c7a4e3e4e3e4e3e4e3e4e3e,DeepSeek
7f7f1e7a7c7a4e3e4e3e4e3e4e3e4e3e,VC funding
7f7f1e7a7c7a4e3e4e3e4e3e4e3e4e3e,AI chips
4695c0a5f94b0276c67596e1f7b7a56f,Venture Capital
4695c0a5f94b0276c67596e1f7b7a56f,Financial Infrastructure
4695c0a5f94b0276c67596e1f7b7a56f,ARR
e5b74929,Startup Battlefield 200
e5b74929,TechCrunch Disrupt
e5b74929,Pitch Competition
4012a5a27b2054b99e865a99a086f7f6,TechCrunch All Stage
4012a5a27b2054b99e865a99a086f7f6,Startup Exhibition
4012a5a27b2054b99e865a99a086f7f6,Venture Capital
b873a20974314b4357b1198d18534c8857d9b964,TechCrunch Disrupt
b873a20974314b4357b1198d18534c8857d9b964,Startup Exhibition
b873a20974314b4357b1198d18534c8857d9b964,Brand Visibility
827ccb0eea8a706c4c34a16891f84e7b,Defense Tech
827ccb0eea8a706c4c34a16891f84e7b,Venture Capital
827ccb0eea8a706c4c34a16891f84e7b,Lithuania
2d5b5d5d5a5d5d5d5d5d5d5d5d5d5d5d5d5d5d5d,SXSW
2d5b5d5d5a5d5d5d5d5d5d5d5d5d5d5d5d5d5d5d,Artificial Intelligence
2d5b5d5d5a5d5d5d5d5d5d5d5d5d5d5d5d5d5d5d,Autonomous Vehicles
4a932d20f61d2e6733877c71b6e64869,AI regulation
4a932d20f61d2e6733877c71b6e64869,SB 53
4a932d20f61d2e6733877c71b6e64869,CalCompute
a63332f2a357b8cf898245a823a55a0f,AI event
a63332f2a357b8cf898245a823a55a0f,Startup founders
a63332f2a357b8cf898245a823a55a0f,VC leaders
a1b2c3d4e5f6g7h8i9j0,Venture Capital
a1b2c3d4e5f6g7h8i9j0,Founder Relations
a1b2c3d4e5f6g7h8i9j0,Deal Rejection
398c17e4ef7a3a97d6b0674797aa8c2b,Silicon Valley
398c17e4ef7a3a97d6b0674797aa8c2b,Startup Ecosystems
398c17e4ef7a3a97d6b0674797aa8c2b,Venture Capital
6a9b2d3c1e4f5a6b7c8d9e0f1a2b3c4d,Startups
6a9b2d3c1e4f5a6b7c8d9e0f1a2b3c4d,Big Tech
6a9b2d3c1e4f5a6b7c8d9e0f1a2b3c4d,User Experience
9578f2a789486e6c72143b5e96f3d8c312f59784,Digg
9578f2a789486e6c72143b5e96f3d8c312f59784,Kevin Rose
9578f2a789486e6c72143b5e96f3d8c312f59784,Alexis Ohanian
3a6c66e579d885a3621e799db7dfb522,LoftyInc Capital
3a6c66e579d885a3621e799db7dfb522,Series A
3a6c66e579d885a3621e799db7dfb522,African Startups
a2f4e8b7d1c90a3b5e67f8a1b3d2c479,Foundation Capital
a2f4e8b7d1c90a3b5e67f8a1b3d2c479,Venture Capital
a2f4e8b7d1c90a3b5e67f8a1b3d2c479,Seed Funding
171b18b907108764771f12c82e76e8d7,Venture Capital
171b18b907108764771f12c82e76e8d7,Deep Tech
171b18b907108764771f12c82e76e8d7,Female Founders
988258e28a69245d3aba15c7770f9b40,General Catalyst
988258e28a69245d3aba15c7770f9b40,Venture Capital
988258e28a69245d3aba15c7770f9b40,IPO
5b3cf73e38b22e62d8cf50c5e6a62a28,AI Event
5b3cf73e38b22e62d8cf50c5e6a62a28,AI Founders
5b3cf73e38b22e62d8cf50c5e6a62a28,Foundational Models
2558206c279d5a303dd76d770685157f,TechCrunch Sessions AI
2558206c279d5a303dd76d770685157f,Startup Ecosystem
2558206c279d5a303dd76d770685157f,Artificial Intelligence
367c6a9a83271d2a5d97c641f172d5c9,General Catalyst
367c6a9a83271d2a5d97c641f172d5c9,IPO
367c6a9a83271d2a5d97c641f172d5c9,Venture Capital
b205c6f2c3f81c8d9a9a2a017a8f03c4,Startups
b205c6f2c3f81c8d9a9a2a017a8f03c4,Venture Capital
b205c6f2c3f81c8d9a9a2a017a8f03c4,Scaling
817a2c7429d220b82c923f2c4d2f5514,TechCrunch Disrupt
817a2c7429d220b82c923f2c4d2f5514,Startup Battlefield
817a2c7429d220b82c923f2c4d2f5514,Tech events
8a9a2c1c8c3d5b4a9e5d2f7a1b6c5e4d,TechCrunch Sessions: AI
8a9a2c1c8c3d5b4a9e5d2f7a1b6c5e4d,AI Innovation
8a9a2c1c8c3d5b4a9e5d2f7a1b6c5e4d,AI investment
4b93426f08693972714ef77418c0e56a,TechCrunch Disrupt
4b93426f08693972714ef77418c0e56a,AI
4b93426f08693972714ef77418c0e56a,Venture Capital
1a93b3851b2256d76660a198390d7a2c,SPV
1a93b3851b2256d76660a198390d7a2c,Venture Capital
1a93b3851b2256d76660a198390d7a2c,AI Investing
64bcfd4f6102a9092c622e3d678b0b6f,Financial Inclusion
64bcfd4f6102a9092c622e3d678b0b6f,Fintech
64bcfd4f6102a9092c622e3d678b0b6f,Venture Capital
6090877e7b9f0d569f04062a59532b8b,TechCrunch Disrupt
6090877e7b9f0d569f04062a59532b8b,Startup Battlefield
6090877e7b9f0d569f04062a59532b8b,Innovation
a16zhiresformerrepublicancongressmanpatrickmchenryasadvisor,Andreessen Horowitz
a16zhiresformerrepublicancongressmanpatrickmchenryasadvisor,Patrick McHenry
a16zhiresformerrepublicancongressmanpatrickmchenryasadvisor,Crypto
4189b76c,Maternity care
4189b76c,Series A
4189b76c,Digital health
a97e148b2d4704a19b02096b289423e493b39f0,Venture Capital
a97e148b2d4704a19b02096b289423e493b39f0,SignalFire
a97e148b2d4704a19b02096b289423e493b39f0,AI-Driven Investing
97963356736034285711191597315829077769,TechCrunch Sessions: AI
97963356736034285711191597315829077769,AI Innovation
97963356736034285711191597315829077769,AI Ecosystem
20250226-8240,TechCrunch Disrupt
20250226-8240,Startup Battlefield
20250226-8240,AI Innovations
67c6d2b9551ef955b80b9226a79231bb,Perplexity
67c6d2b9551ef955b80b9226a79231bb,Venture Capital
67c6d2b9551ef955b80b9226a79231bb,Investment Fund
e5d06080683f5485121b475c186d49d43023a311,Thoma Bravo
e5d06080683f5485121b475c186d49d43023a311,European Fund
e5d06080683f5485121b475c186d49d43023a311,Private Equity
62c9b0d33d1771cf26b14473c650d7b9,Khosla Ventures
62c9b0d33d1771cf26b14473c650d7b9,Venture Capital
62c9b0d33d1771cf26b14473c650d7b9,OpenAI
64ef098128d89b777c667806b4d8183c,Startup Battlefield 200
64ef098128d89b777c667806b4d8183c,Pitch Competition
64ef098128d89b777c667806b4d8183c,TechCrunch Disrupt
711e958393fbb62c712a186e74f5134e,Growth Funding
711e958393fbb62c712a186e74f5134e,Deep Tech
711e958393fbb62c712a186e74f5134e,Cambridge Innovation Capital
a1b2c3d4e5f6g7h8i9j0k1l2m3n4o5p6,Unicorn Club
a1b2c3d4e5f6g7h8i9j0k1l2m3n4o5p6,Funding Rounds
a1b2c3d4e5f6g7h8i9j0k1l2m3n4o5p6,Legal AI
a1b2c3d4e5f6,Fintech
a1b2c3d4e5f6,Venture Capital
a1b2c3d4e5f6,Investments
a1b2c3d4e5f6g7h8i9j0k1l2m3n4o5p6,AI
a1b2c3d4e5f6g7h8i9j0k1l2m3n4o5p6,Startups
a1b2c3d4e5f6g7h8i9j0k1l2m3n4o5p6,Investors
4b9b66506824d25f181037bb2d3e988b,TechCrunch Disrupt
4b9b66506824d25f181037bb2d3e988b,Startup Battlefield
4b9b66506824d25f181037bb2d3e988b,AI
e5b7a8c1f9a2b3d4c6e8f0a1b2c3d4e5,Startups
e5b7a8c1f9a2b3d4c6e8f0a1b2c3d4e5,Venture Capital
e5b7a8c1f9a2b3d4c6e8f0a1b2c3d4e5,TechCrunch All Stage
83cf3f59979c6d530a2a5e6c35ef6c279e0a6e07,Pre-seed Funding
83cf3f59979c6d530a2a5e6c35ef6c279e0a6e07,Founders-in-Residence
83cf3f59979c6d530a2a5e6c35ef6c279e0a6e07,Startup Ideation
5b300106a8757e3253422b898568e228,Venture Capital
5b300106a8757e3253422b898568e228,Diverse Founders
5b300106a8757e3253422b898568e228,Series A
4a7d0e4f1a163e191091e1c928d1e420,Swizzle Ventures
4a7d0e4f1a163e191091e1c928d1e420,Women's Health
4a7d0e4f1a163e191091e1c928d1e420,Wealth Transfer
83b2b26e03b5434a7b801b346942f54a,Creator Economy
83b2b26e03b5434a7b801b346942f54a,Venture Capital
83b2b26e03b5434a7b801b346942f54a,Slow Ventures
603393,Biotech
603393,Venture Fund
603393,NIH Funding
39668d8a7959354a3f326811649ca9ed,Venture Capital
39668d8a7959354a3f326811649ca9ed,Humanoid Robots
39668d8a7959354a3f326811649ca9ed,Creator Economy
d41d8cd98f00b204e9800998ecf8427e,Andreessen Horowitz
d41d8cd98f00b204e9800998ecf8427e,Venture Capital
d41d8cd98f00b204e9800998ecf8427e,Partnership Model
827ccb0eea708c1934a058b1c63c8b0273c34c65,Startups
827ccb0eea708c1934a058b1c63c8b0273c34c65,Venture Capital
827ccb0eea708c1934a058b1c63c8b0273c34c65,Scaling
2f7e5b372f0c6a4e771551d97b3c98c3,AI
2f7e5b372f0c6a4e771551d97b3c98c3,TechCrunch Sessions
2f7e5b372f0c6a4e771551d97b3c98c3,AI Startups
35e00e4c73333f584431772216ef5d82,Venture Capital
35e00e4c73333f584431772216ef5d82,DEI
35e00e4c73333f584431772216ef5d82,Data-Driven Investment
c84c2f332f0a25d8a55f5733ddc32e48,Alternative App Stores
c84c2f332f0a25d8a55f5733ddc32e48,Digital Markets Act
c84c2f332f0a25d8a55f5733ddc32e48,iOS
9c2a4f6c3b1a8e5e7d2f0a3b8c4d7e9a,Facebook
9c2a4f6c3b1a8e5e7d2f0a3b8c4d7e9a,Creator Monetization
9c2a4f6c3b1a8e5e7d2f0a3b8c4d7e9a,Content Monetization
d457935c23c35988a121ef348d816089,Gemini
d457935c23c35988a121ef348d816089,Personalization
d457935c23c35988a121ef348d816089,Google
9d2c4b71,Mobile Gaming
9d2c4b71,PC Gaming
9d2c4b71,Game Development
28b12b936c44a19c327f01352a9a58f0,Oracle
28b12b936c44a19c327f01352a9a58f0,TikTok
28b12b936c44a19c327f01352a9a58f0,ByteDance
e578c94690271c3e5ca139615a23080c,Alternative App Stores
e578c94690271c3e5ca139615a23080c,Digital Markets Act
e578c94690271c3e5ca139615a23080c,EU
60e2a1a7b0c372463329328e871c7199,Facebook
60e2a1a7b0c372463329328e871c7199,Content Monetization
60e2a1a7b0c372463329328e871c7199,Creator Economy
4604b592850e9b33f0d87bb6d47d3a0d,Gemini
4604b592850e9b33f0d87bb6d47d3a0d,Personalization
4604b592850e9b33f0d87bb6d47d3a0d,AI Chatbot
63728492749283764829,Google Play Games
63728492749283764829,Game Developers Conference
63728492749283764829,Mobile Games
39e9ea47169a595c3a59a3e8570816aa,TechCrunch Sessions: AI
39e9ea47169a595c3a59a3e8570816aa,AI event
39e9ea47169a595c3a59a3e8570816aa,AI innovation
2123456789abcdef0123456789abcdef01234567,Spotify
2123456789abcdef0123456789abcdef01234567,Audiobooks
2123456789abcdef0123456789abcdef01234567,Independent Authors
9070e0f251f980f916b8e472110e624a,Alternative App Store
9070e0f251f980f916b8e472110e624a,Mobile Games
9070e0f251f980f916b8e472110e624a,Digital Markets Act
87b92b827c89e6324d0a6e904e1c9759,ClickUp
87b92b827c89e6324d0a6e904e1c9759,AI meeting notetaker
87b92b827c89e6324d0a6e904e1c9759,Task management
57f33d75d8911a5094170994b0e75f5d,Community Notes
57f33d75d8911a5094170994b0e75f5d,Fact-checking
57f33d75d8911a5094170994b0e75f5d,Misinformation
4372905,Telegram
4372905,Cryptocurrency
4372905,Yield
a52a20286873a06f279b73711fc17370,PhonePe
a52a20286873a06f279b73711fc17370,Indus Appstore
a52a20286873a06f279b73711fc17370,Xiaomi
a768c14b2538d3dd8801714f3d128661,Generative AI
a768c14b2538d3dd8801714f3d128661,Video Lenses
a768c14b2538d3dd8801714f3d128661,Snapchat
a1b2c3d4e5f6g7h8i9j0,Spotify
a1b2c3d4e5f6g7h8i9j0,Royalty Payments
a1b2c3d4e5f6g7h8i9j0,Music Streaming
66cf7301833345c2368c63973b538557,Pocket Casts
66cf7301833345c2368c63973b538557,Podcasts
66cf7301833345c2368c63973b538557,Web Player
a1b2c3d4e5f6g7h8i9j0,AI Agents
a1b2c3d4e5f6g7h8i9j0,Responses API
a1b2c3d4e5f6g7h8i9j0,OpenAI
668f1e96b8115416e245000f0252eb83,TikTok
668f1e96b8115416e245000f0252eb83,Teen Safety
668f1e96b8115416e245000f0252eb83,Family Pairing
b891a9b47521cd7a5a96203e22a1b46d,Bluesky
b891a9b47521cd7a5a96203e22a1b46d,Video Length
b891a9b47521cd7a5a96203e22a1b46d,Social Media
2e86a6946458a98281f859611c17e65a,Surf
2e86a6946458a98281f859611c17e65a,Bluesky
2e86a6946458a98281f859611c17e65a,open social web
a7a174208848f4d0173f39f9281087f4,TikTok
a7a174208848f4d0173f39f9281087f4,ByteDance
a7a174208848f4d0173f39f9281087f4,Data Privacy
e5a8e3d1619049ca9d0a67f604199302,TikTok
e5a8e3d1619049ca9d0a67f604199302,ByteDance
e5a8e3d1619049ca9d0a67f604199302,Acquisition
e4b7c3f2d1a8e9b0b7a3b2c5f4d9e8a1,TechCrunch Disrupt
e4b7c3f2d1a8e9b0b7a3b2c5f4d9e8a1,Startup Exhibition
e4b7c3f2d1a8e9b0b7a3b2c5f4d9e8a1,Brand Visibility
1a0c886a00e2243e40b38f8628388113840459c9,Manus AI
1a0c886a00e2243e40b38f8628388113840459c9,Agentic AI
1a0c886a00e2243e40b38f8628388113840459c9,DeepSeek
63ca7e21b198a9cb922c8995d33fa21c,Doomscrolling
63ca7e21b198a9cb922c8995d33fa21c,Screen Time
63ca7e21b198a9cb922c8995d33fa21c,Digital Wellbeing
6c7ca23233543a8972a11820e9e75b03,Discord
6c7ca23233543a8972a11820e9e75b03,IPO
6c7ca23233543a8972a11820e9e75b03,Investment Banking
4f93890d85213f24b5d4ed680a2081a4,Threads
4f93890d85213f24b5d4ed680a2081a4,Meta
4f93890d85213f24b5d4ed680a2081a4,Social Media
27a30ca48dd2176b2388045358a85883,Threads
27a30ca48dd2176b2388045358a85883,Interests
27a30ca48dd2176b2388045358a85883,Custom Feeds
20250307-174639,Gemini
20250307-174639,Google Calendar
20250307-174639,Google Workspace Labs
2f717a6b696d1a116c99529a5c97a7a3,Spotify
2f717a6b696d1a116c99529a5c97a7a3,Premium
2f717a6b696d1a116c99529a5c97a7a3,Ads
8e4830709269147c730198e1f778831a,Alternative App Stores
8e4830709269147c730198e1f778831a,Digital Markets Act
8e4830709269147c730198e1f778831a,Apple App Store
f02a9c415fe611e490e7f97616a72b47,Facebook
f02a9c415fe611e490e7f97616a72b47,Content Monetization
f02a9c415fe611e490e7f97616a72b47,Creator Economy
6198b9a505b435f75657b53c1e83f360,Gemini
6198b9a505b435f75657b53c1e83f360,Google Search
6198b9a505b435f75657b53c1e83f360,Personalization
a74702484b058cf697942c890170dddd,Google Play Games
a74702484b058cf697942c890170dddd,Game Development
a74702484b058cf697942c890170dddd,Mobile Games
a6b0f8e3a7b2c1d4e9f6a5c8b7d0e2f1,Reddit
a6b0f8e3a7b2c1d4e9f6a5c8b7d0e2f1,Community Engagement
a6b0f8e3a7b2c1d4e9f6a5c8b7d0e2f1,Content Moderation
a906702392196338d7cf2b4e989e2667,AI summaries
a906702392196338d7cf2b4e989e2667,App Store reviews
a906702392196338d7cf2b4e989e2667,Apple Intelligence
2cf24dba5fb0a30e26e83b2ac5b9e29e1b161e5c1fa7425e73043362938b9824,AI Mode
2cf24dba5fb0a30e26e83b2ac5b9e29e1b161e5c1fa7425e73043362938b9824,Gemini 2.0
2cf24dba5fb0a30e26e83b2ac5b9e29e1b161e5c1fa7425e73043362938b9824,Google Search
b8a44a53869ff9a7097878d1a9c809b6993f50b4,Digital Markets Act
b8a44a53869ff9a7097878d1a9c809b6993f50b4,Google
b8a44a53869ff9a7097878d1a9c809b6993f50b4,Antitrust
a1b2c3d4e5f6g7h8i9j0,AI
a1b2c3d4e5f6g7h8i9j0,Social App
a1b2c3d4e5f6g7h8i9j0,Friendship
a7f8b9c2d3e4a5b6c7d8e9f0a1b2c3d4,Gemini Nano
a7f8b9c2d3e4a5b6c7d8e9f0a1b2c3d4,Scam Detection
a7f8b9c2d3e4a5b6c7d8e9f0a1b2c3d4,Pixel Drop
42c8c55e2624b3a79a3860284ff8a6c2,Bill-splitting
42c8c55e2624b3a79a3860284ff8a6c2,Shared payments
42c8c55e2624b3a79a3860284ff8a6c2,Fintech
3701634472,Google Gemini
3701634472,Lock Screen Widget
3701634472,Gemini Live
38a5e67a8f07f4567bca03a0a1a5c34b,Android
38a5e67a8f07f4567bca03a0a1a5c34b,Widgets
38a5e67a8f07f4567bca03a0a1a5c34b,Google Play
65f820401537347c67766d58,TikTok
65f820401537347c67766d58,Alexis Ohanian
65f820401537347c67766d58,Frank McCourt
e5508d7681f8b5246749023bb4f8395b,AI agent
e5508d7681f8b5246749023bb4f8395b,Browser Operator
e5508d7681f8b5246749023bb4f8395b,Task Automation
e02f7bd780d785a5c5961f89456f44d8,Uber for Teens
e02f7bd780d785a5c5961f89456f44d8,Ride-hailing
e02f7bd780d785a5c5961f89456f44d8,Teen safety
83a46d37b93d254182914711a4738f4e,Signal
83a46d37b93d254182914711a4738f4e,Data Privacy
83a46d37b93d254182914711a4738f4e,Netherlands
68e358887c2c3429a9605ffb485ffb36,Siri
68e358887c2c3429a9605ffb485ffb36,Generative AI
68e358887c2c3429a9605ffb485ffb36,Apple Intelligence
f34a58f7305f6f93878d48487c18398758d4f866,Apple Mail
f34a58f7305f6f93878d48487c18398758d4f866,iOS 18
f34a58f7305f6f93878d48487c18398758d4f866,UX design
5b36e848777f96584b29,Protector app
5b36e848777f96584b29,armed security
5b36e848777f96584b29,Nikita Bier
66a3a0d34833994f5d782404465b0a27,Gemini
66a3a0d34833994f5d782404465b0a27,Google Sheets
66a3a0d34833994f5d782404465b0a27,Data Analysis
1b698a6c953a10b6f677489e37f6918f,Bluesky
1b698a6c953a10b6f677489e37f6918f,Flashes
1b698a6c953a10b6f677489e37f6918f,AT Protocol
1b91dfb5044f90d21e659c1c21c480b2,AI
1b91dfb5044f90d21e659c1c21c480b2,Startups
1b91dfb5044f90d21e659c1c21c480b2,TechCrunch Sessions
424e6f4d7395ffdd99f212e37d4f29e2,TechCrunch Disrupt
424e6f4d7395ffdd99f212e37d4f29e2,Startup Battlefield
424e6f4d7395ffdd99f212e37d4f29e2,Tech Events
6107e48a990089912c8a6699,AI
6107e48a990089912c8a6699,TechCrunch Sessions
6107e48a990089912c8a6699,VC
a2d4b6c8e1f0a3b7c9d8e7f6a5b4c3d2,Skype
a2d4b6c8e1f0a3b7c9d8e7f6a5b4c3d2,Microsoft Teams
a2d4b6c8e1f0a3b7c9d8e7f6a5b4c3d2,Cloud Communications
61cae393557f87a9d7c64d5c2d9c8939,TechCrunch Disrupt
61cae393557f87a9d7c64d5c2d9c8939,AI
61cae393557f87a9d7c64d5c2d9c8939,Venture Capital
a1b2c3d4e5f6g7h8i9j0,Meta AI
a1b2c3d4e5f6g7h8i9j0,AI Chatbot
a1b2c3d4e5f6g7h8i9j0,Llama
123e4567-e89b-12d3-a456-426614174000,Data Leak
123e4567-e89b-12d3-a456-426614174000,Confidential Information
123e4567-e89b-12d3-a456-426614174000,Meta
23c6735f1b467b7524ff70168c21635e,Twitch
23c6735f1b467b7524ff70168c21635e,Monetization
23c6735f1b467b7524ff70168c21635e,Streaming
a9c48d2a77e955b26d8c1c11b9944e60,AI
a9c48d2a77e955b26d8c1c11b9944e60,TechCrunch Sessions
a9c48d2a77e955b26d8c1c11b9944e60,AI Innovation
8c9a8b3b3e08e14f775049396a24b8f4,Child Safety
8c9a8b3b3e08e14f775049396a24b8f4,Age Verification
8c9a8b3b3e08e14f775049396a24b8f4,App Store
6b86b273ff34fce19d6b804eff5a3f5747ada4eaa22f1d49c01e52ddb7875b4b,Content Moderation
6b86b273ff34fce19d6b804eff5a3f5747ada4eaa22f1d49c01e52ddb7875b4b,Instagram Reels
6b86b273ff34fce19d6b804eff5a3f5747ada4eaa22f1d49c01e52ddb7875b4b,Meta
638b4ecf3a89846c3638638b,TikTok
638b4ecf3a89846c3638638b,YouTube
638b4ecf3a89846c3638638b,Desktop Platform
71a0a8e76d74e3b753a3e7b0271c75c6,Alternative App Stores
71a0a8e76d74e3b753a3e7b0271c75c6,Digital Markets Act
71a0a8e76d74e3b753a3e7b0271c75c6,App Distribution
e0b8e8e2b4d3a5f6c7a8b9d0e1f2c3d4,Content Monetization
e0b8e8e2b4d3a5f6c7a8b9d0e1f2c3d4,Facebook Stories
e0b8e8e2b4d3a5f6c7a8b9d0e1f2c3d4,Creator Economy
398c7f76d41f54a734a31d2566898435,Gemini
398c7f76d41f54a734a31d2566898435,Google Search
398c7f76d41f54a734a31d2566898435,AI Personalization
4a5e4b3c2d1a0f9876543210abcdef,Google Play Games
4a5e4b3c2d1a0f9876543210abcdef,Game Developers Conference
4a5e4b3c2d1a0f9876543210abcdef,Mobile Gaming
827ccb0eea8a706c4c34a16891f84e7b,Fast Shipping
827ccb0eea8a706c4c34a16891f84e7b,Local Listings
827ccb0eea8a706c4c34a16891f84e7b,AI
a87ff76d8f84909d64b0f38d9c28d542,TechCrunch Disrupt
a87ff76d8f84909d64b0f38d9c28d542,Startup Battlefield
a87ff76d8f84909d64b0f38d9c28d542,Innovation
6e8b4a98d9c6123a,Instagram Reels
6e8b4a98d9c6123a,TikTok
6e8b4a98d9c6123a,Short-form Video
d41d8cd98f00b204e9800998ecf8427e,Generative AI
d41d8cd98f00b204e9800998ecf8427e,Gemini
d41d8cd98f00b204e9800998ecf8427e,Google
a1b2c3d4e5f6g7h8i9j0k1l2m3n4o5p6,Data Privacy
a1b2c3d4e5f6g7h8i9j0k1l2m3n4o5p6,Open Source
a1b2c3d4e5f6g7h8i9j0k1l2m3n4o5p6,Self-Hosting
a1b2c3d4e5f6g7h8i9j0,Hinge
a1b2c3d4e5f6g7h8i9j0,Dating App
a1b2c3d4e5f6g7h8i9j0,Match Note
13af46b3618a98f804743bd71b176cc5c1557440,Amazon
13af46b3618a98f804743bd71b176cc5c1557440,Alexa+
13af46b3618a98f804743bd71b176cc5c1557440,Amazon Kids+
623a91a52f81d4f6a60bb8295773a438,Data Privacy
623a91a52f81d4f6a60bb8295773a438,Google Search
623a91a52f81d4f6a60bb8295773a438,Personal Information Removal
661468f2913122e981e71b15e1955503,AI Innovation
661468f2913122e981e71b15e1955503,TechCrunch Sessions
661468f2913122e981e71b15e1955503,AI Ecosystem
e00429dd639bb121a6150e8f958a651e,TechCrunch Disrupt
e00429dd639bb121a6150e8f958a651e,Startup Battlefield
e00429dd639bb121a6150e8f958a651e,AI Innovations
a98a15f1f707a28f895937f84c415c56,Generative AI
a98a15f1f707a28f895937f84c415c56,E-commerce
a98a15f1f707a28f895937f84c415c56,Google Gemini
99a9f8d4e7c8a1b9c7b6a4e3f2a1d5c8,ElevenLabs
99a9f8d4e7c8a1b9c7b6a4e3f2a1d5c8,Audiobooks
99a9f8d4e7c8a1b9c7b6a4e3f2a1d5c8,AI
2818b6182258a40192c7c491656a1e05,Claude
2818b6182258a40192c7c491656a1e05,Anthropic
2818b6182258a40192c7c491656a1e05,Generative AI
34e2d9d71e4632b1b38f171c263d7304,ChatGPT
34e2d9d71e4632b1b38f171c263d7304,OpenAI
34e2d9d71e4632b1b38f171c263d7304,Pricing Plans
a88911547fd50f04e1d397c26885946a,Framous
a88911547fd50f04e1d397c26885946a,Screenshot App
a88911547fd50f04e1d397c26885946a,Device Frames
641f6d0e38706863607f1e7e9f9b3e8c,Poe Apps
641f6d0e38706863607f1e7e9f9b3e8c,App Creator
641f6d0e38706863607f1e7e9f9b3e8c,Claude 3 Sonnet
c4ca4238a0b923820dcc509a6f75849b,Bluesky
c4ca4238a0b923820dcc509a6f75849b,Opera Browser
c4ca4238a0b923820dcc509a6f75849b,Sidebar Integration
f716516f2b69e4a6a9714587642d9a89,Generative AI
f716516f2b69e4a6a9714587642d9a89,App Development
f716516f2b69e4a6a9714587642d9a89,GPT Engineer
2930482,YouTube
2930482,Mid-roll ads
2930482,Video monetization
e55a6a28,Apple
e55a6a28,WeChat
e55a6a28,Chinese market
63cd59c75a39a0b7d34f4c39e70f8d20,DoorDash
63cd59c75a39a0b7d34f4c39e70f8d20,Delivery Workers
63cd59c75a39a0b7d34f4c39e70f8d20,Wage Theft
d41d8cd98f00b204e9800998ecf8427e,Photoshop
d41d8cd98f00b204e9800998ecf8427e,Mobile App
d41d8cd98f00b204e9800998ecf8427e,Adobe Firefly
e9d717494d15f3d53d8e95f099728995,Android Auto
e9d717494d15f3d53d8e95f099728995,Interoperability
e9d717494d15f3d53d8e95f099728995,Antitrust
6a58a02600d8f7f5415db61b24a03b76,Messaging app
6a58a02600d8f7f5415db61b24a03b76,Data encryption
6a58a02600d8f7f5415db61b24a03b76,Cross-platform
a1b2c3d4e5f6g7h8i9j0,Elon Musk
a1b2c3d4e5f6g7h8i9j0,X
a1b2c3d4e5f6g7h8i9j0,Twitter
644b6d91033f15e4a84c3e7049598e15,SoundCloud
644b6d91033f15e4a84c3e7049598e15,Ticketmaster
644b6d91033f15e4a84c3e7049598e15,Event Ticketing
,Google Drive
,Video Transcripts
,Searchable Videos
a25c91b26b33f1b07f2a46b736371e28,Grok 3
a25c91b26b33f1b07f2a46b736371e28,xAI
a25c91b26b33f1b07f2a46b736371e28,AI Chatbot
54499331121b9f370001430db776e839,Perplexity AI
54499331121b9f370001430db776e839,Comet
54499331121b9f370001430db776e839,Web Browser
d41d8cd98f00b204e9800998ecf8427e,Digital Markets Act
d41d8cd98f00b204e9800998ecf8427e,Alternative App Stores
d41d8cd98f00b204e9800998ecf8427e,EU
6c05851f8c671c40e158b2891e18f855,Facebook Stories
6c05851f8c671c40e158b2891e18f855,Content Monetization
6c05851f8c671c40e158b2891e18f855,Creator Economy
89bd1f97e7c6f57f69c60d8163e0d542,Gemini
89bd1f97e7c6f57f69c60d8163e0d542,Personalization
89bd1f97e7c6f57f69c60d8163e0d542,AI Chatbot
1789ff182304144e118f39791847fd67,Google Play Games
1789ff182304144e118f39791847fd67,Game Developers Conference
1789ff182304144e118f39791847fd67,mobile gaming
3c9a57e93b154a438d72d41c413477f4,TikTok
3c9a57e93b154a438d72d41c413477f4,Douyin
3c9a57e93b154a438d72d41c413477f4,In-app Purchases
a1b2c3d4e5f6,Yope
a1b2c3d4e5f6,Gen Z
a1b2c3d4e5f6,Private Groups
62584f4a9b6d7c3e1a29,Apple Intelligence
62584f4a9b6d7c3e1a29,Priority Notifications
62584f4a9b6d7c3e1a29,iOS 18.4
a9b7c6d5e4f3a2b1c0d9e8a7b6c5d4e3,Apple News+ Food
a9b7c6d5e4f3a2b1c0d9e8a7b6c5d4e3,Recipe Apps
a9b7c6d5e4f3a2b1c0d9e8a7b6c5d4e3,iOS 18.4
9a4a872e3d1b93983a68c69968f43985,Apple Intelligence
9a4a872e3d1b93983a68c69968f43985,Vision Pro
9a4a872e3d1b93983a68c69968f43985,visionOS 2.4
1a9f2d3e4b5c6a7b8d9e0f1a2b3c4d5e,AI
1a9f2d3e4b5c6a7b8d9e0f1a2b3c4d5e,TechCrunch Sessions
1a9f2d3e4b5c6a7b8d9e0f1a2b3c4d5e,AI Innovation
2d88c97231f7c6f43e59d008a93dd4a9,TechCrunch Disrupt
2d88c97231f7c6f43e59d008a93dd4a9,Startup Battlefield
2d88c97231f7c6f43e59d008a93dd4a9,AI
c6c9b7f9d55756a0c8815cf99520f3f7,YouTube Premium
c6c9b7f9d55756a0c8815cf99520f3f7,Premium Lite
c6c9b7f9d55756a0c8815cf99520f3f7,Podcast Subscription
6c81deda572c0319702f1e4352091663,Community Notes
6c81deda572c0319702f1e4352091663,Meta
6c81deda572c0319702f1e4352091663,Fact-checking
5feceb66ffc86f38d952786c6d696c79c2dbc239dd2240a38d7e5d8a65d2d19b,Amazon Chime
5feceb66ffc86f38d952786c6d696c79c2dbc239dd2240a38d7e5d8a65d2d19b,Zoom
5feceb66ffc86f38d952786c6d696c79c2dbc239dd2240a38d7e5d8a65d2d19b,Web Meetings
7853164182,Instagram
7853164182,Testimonials
7853164182,Partnership Ads
3a514d6125450577723fd40d3f609d24,Spotify
3a514d6125450577723fd40d3f609d24,ElevenLabs
3a514d6125450577723fd40d3f609d24,AI-narrated audiobooks
19727e7f249427b5809419e889c44244,Substack
19727e7f249427b5809419e889c44244,Creator monetization
19727e7f249427b5809419e889c44244,Video platform
614ca003676c035c667d5ac97c247355,Twitch
614ca003676c035c667d5ac97c247355,Streamers
614ca003676c035c667d5ac97c247355,Content Storage
28697018214605393071097136880387069663,Amazon Appstore
28697018214605393071097136880387069663,Android
28697018214605393071097136880387069663,Digital Currency
a93665a5929907c9c55576934a10e059,Uber
a93665a5929907c9c55576934a10e059,Auto-rickshaws
a93665a5929907c9c55576934a10e059,India
9b7c3a2e1f9d5b3c8a2b1e5d4a7f609e,Gemini
9b7c3a2e1f9d5b3c8a2b1e5d4a7f609e,Google
9b7c3a2e1f9d5b3c8a2b1e5d4a7f609e,iOS
5e72a8f56b4a99c7a23cf157b81e713b,Google Lens
5e72a8f56b4a99c7a23cf157b81e713b,Visual Search
5e72a8f56b4a99c7a23cf157b81e713b,AI Overviews
7178c179b7086f597c51db50f1d0656e,Instagram DMs
7178c179b7086f597c51db50f1d0656e,Music Sharing
7178c179b7086f597c51db50f1d0656e,Message Scheduling
827e1e8931bb153263b7d8ca04c7f489,X valuation
827e1e8931bb153263b7d8ca04c7f489,Elon Musk
827e1e8931bb153263b7d8ca04c7f489,Fundraising
827ccb0eea8a706c4c34a16891f84e7b,Bumble
827ccb0eea8a706c4c34a16891f84e7b,Dating Apps
827ccb0eea8a706c4c34a16891f84e7b,Financial Challenges
e4ca4294a051cf007a8c5e936d633f5f,AI-powered categorization
e4ca4294a051cf007a8c5e936d633f5f,Email management
e4ca4294a051cf007a8c5e936d633f5f,Auto Label
651066d1a251f81c41a44785b7846b6a,Parenting App
651066d1a251f81c41a44785b7846b6a,AI
651066d1a251f81c41a44785b7846b6a,Family Management
a608624d7a052b3b732c8a8877123765,Google Play Books
a608624d7a052b3b732c8a8877123765,iOS
a608624d7a052b3b732c8a8877123765,App Store commission
a1b2c3d4e5f6,Duolingo
a1b2c3d4e5f6,Marketing
a1b2c3d4e5f6,Cybertruck
b1a02af8397e100a3cf4b59c886090b87063143c,Digital Services Act
b1a02af8397e100a3cf4b59c886090b87063143c,App Store
b1a02af8397e100a3cf4b59c886090b87063143c,Data Privacy
ec46a64ff9242382e1422b81933c7847,Live Videos
ec46a64ff9242382e1422b81933c7847,Cloud Storage
ec46a64ff9242382e1422b81933c7847,Reels
495d384544b71db64559a82b877af49c,Amazon Inspire
495d384544b71db64559a82b877af49c,Social Commerce
495d384544b71db64559a82b877af49c,TikTok
8e6b7a3c9d2f1e4a5b3c8d7e2a1b0a9c,Lingo.dev
8e6b7a3c9d2f1e4a5b3c8d7e2a1b0a9c,App Localization
8e6b7a3c9d2f1e4a5b3c8d7e2a1b0a9c,Translation API
e7ebec872472c04490bd6c41047d0c4e,Grok 3
e7ebec872472c04490bd6c41047d0c4e,xAI
e7ebec872472c04490bd6c41047d0c4e,AI Model
e717107c30c875b7279d401f41c75f8d,Digital Markets Act
e717107c30c875b7279d401f41c75f8d,Alternative App Stores
e717107c30c875b7279d401f41c75f8d,EU
47b258c1b4a0c6c4f65619f55a10a9c8,Facebook
47b258c1b4a0c6c4f65619f55a10a9c8,Content Monetization
47b258c1b4a0c6c4f65619f55a10a9c8,Creator Revenue
2f8b46a5b3c4d7e0f9a2c1b3d6e7f8a9,Gemini
2f8b46a5b3c4d7e0f9a2c1b3d6e7f8a9,Personalization
2f8b46a5b3c4d7e0f9a2c1b3d6e7f8a9,Google Search
c0971a80b35640e9831e6a2a9a7f669c,Google Play Games
c0971a80b35640e9831e6a2a9a7f669c,Game Development
c0971a80b35640e9831e6a2a9a7f669c,Mobile Gaming
2334b25272364a81b8b317deff31f839,Google Photos
2334b25272364a81b8b317deff31f839,Cloud Storage
2334b25272364a81b8b317deff31f839,Photo Storage
3a379e1c6e39f3171c4df1378a91b4e9,Uber
3a379e1c6e39f3171c4df1378a91b4e9,DoorDash
3a379e1c6e39f3171c4df1378a91b4e9,Anti-competitive practices
62555447726242986312085222704728243907,Mastodon
62555447726242986312085222704728243907,Quote Posts
62555447726242986312085222704728243907,Social Media
e86d40c36167236c562a8151f774f325,Instagram
e86d40c36167236c562a8151f774f325,Dislike Button
e86d40c36167236c562a8151f774f325,Comment Ranking
4d9a8f0a5e6b3c1a7b2f8e4c6d3a2b1,ChatGPT
4d9a8f0a5e6b3c1a7b2f8e4c6d3a2b1,OpenAI
4d9a8f0a5e6b3c1a7b2f8e4c6d3a2b1,Content Moderation
12345abc,Telegram
12345abc,AI sticker search
12345abc,Video consumption
d41d8cd98f00b204e9800998ecf8427e,Elon Musk
d41d8cd98f00b204e9800998ecf8427e,Donald Trump
d41d8cd98f00b204e9800998ecf8427e,X (Twitter)
27b408c32a300576125093903a9068e0,AI-powered Search
27b408c32a300576125093903a9068e0,Reddit Answers
27b408c32a300576125093903a9068e0,AI Translation
a1b2c3d4e5f6g7h8i9j0,Voice Cloning
a1b2c3d4e5f6g7h8i9j0,AI Model
a1b2c3d4e5f6g7h8i9j0,Virtual Assistant
c6b5f2a3d4e769b15a82cd98c3339321,Flock Safety
c6b5f2a3d4e769b15a82cd98c3339321,Surveillance Technology
c6b5f2a3d4e769b15a82cd98c3339321,License Plate Recognition
e98c9b5d8e878e31792b6a7f0a3e8691,Light Phone III
e98c9b5d8e878e31792b6a7f0a3e8691,Minimalist Phone
e98c9b5d8e878e31792b6a7f0a3e8691,Disconnection
a1b2c3d4e5f6g7h8i9j0k1l2m3n4o5p6,Y Combinator
a1b2c3d4e5f6g7h8i9j0k1l2m3n4o5p6,AI Agents
a1b2c3d4e5f6g7h8i9j0k1l2m3n4o5p6,Startup
f7c9a41674737a7b67e8f1a739a49b1c,Founders
f7c9a41674737a7b67e8f1a739a49b1c,Series A
f7c9a41674737a7b67e8f1a739a49b1c,VCs
454e0914f8f98959cc64b310f22a6697,TechCrunch Sessions: AI
454e0914f8f98959cc64b310f22a6697,AI event
454e0914f8f98959cc64b310f22a6697,AI innovation
81c3ae82ca66f0a82a5a26267e4e308e,Business Intelligence
81c3ae82ca66f0a82a5a26267e4e308e,Data Analysis
81c3ae82ca66f0a82a5a26267e4e308e,Embedded Analytics
2c4d8f7a9e3b5c298a7b6d1e0f2a3b4c,Generative AI
2c4d8f7a9e3b5c298a7b6d1e0f2a3b4c,Licensed Data
2c4d8f7a9e3b5c298a7b6d1e0f2a3b4c,Bria
61767d975042ea649933800f027717e3,AI security
61767d975042ea649933800f027717e3,Industrial espionage
61767d975042ea649933800f027717e3,Export controls
66247307,Wonder
66247307,Tastemade
66247307,Food Delivery
a975cf0299b75913d08163edb10ef9aa,Venture Capital
a975cf0299b75913d08163edb10ef9aa,MAGA
a975cf0299b75913d08163edb10ef9aa,1789 Capital
89b2a980b86b3624307a70c8f27f248c,Tech Layoffs
89b2a980b86b3624307a70c8f27f248c,Job Cuts
89b2a980b86b3624307a70c8f27f248c,Automation
d41d8cd98f00b204e9800998ecf8427e,AI Scientist-v2
d41d8cd98f00b204e9800998ecf8427e,Sakana
d41d8cd98f00b204e9800998ecf8427e,AI-generated research
6607a6155c7b3642f62981c6,Enterprise Search
6607a6155c7b3642f62981c6,Open Source
6607a6155c7b3642f62981c6,Onyx
2f994d8995306095058e4d2345c1631e,Early-Stage Funding
2f994d8995306095058e4d2345c1631e,European Startups
2f994d8995306095058e4d2345c1631e,Project Europe
614c9747-05b0-442f-9089-c3357e7d8bf1,Northvolt
614c9747-05b0-442f-9089-c3357e7d8bf1,Battery Manufacturing
614c9747-05b0-442f-9089-c3357e7d8bf1,Bankruptcy
66b6a,La Fourche
66b6a,Organic Grocery
66b6a,Subscription Model
b94523f01e80d03c92a34ff3f912705a,AI
b94523f01e80d03c92a34ff3f912705a,Murder Mystery Games
b94523f01e80d03c92a34ff3f912705a,True Crime
27a9d28b7241c8259b7892e77c3e522e,Specialty Chemicals
27a9d28b7241c8259b7892e77c3e522e,Manufacturing
27a9d28b7241c8259b7892e77c3e522e,Supply Chain
1b8993d9738e5c8127955e7803475b14a08b22d2,AI
1b8993d9738e5c8127955e7803475b14a08b22d2,Pathology Labs
1b8993d9738e5c8127955e7803475b14a08b22d2,Healthcare Productivity
17ef6c8d741543d2c2a686e7908026a1,Super App
17ef6c8d741543d2c2a686e7908026a1,One-Click Checkout
17ef6c8d741543d2c2a686e7908026a1,Fintech
4052e851f6d5b0137995a352078b2f96,Artificial Intelligence
4052e851f6d5b0137995a352078b2f96,Entrepreneurship
4052e851f6d5b0137995a352078b2f96,Small Business
1c50d39195e5329b9f5b048a1162e9a0,Fintech
1c50d39195e5329b9f5b048a1162e9a0,SMB underwriting
1c50d39195e5329b9f5b048a1162e9a0,AI
2d9430538cf5702fd3f4b42f1c1f701e,Venture Capital
2d9430538cf5702fd3f4b42f1c1f701e,Decarbonization
2d9430538cf5702fd3f4b42f1c1f701e,Volkswagen Group
e64b98a1d54c3a5c3e2f3b9026789abc,AI Startups
e64b98a1d54c3a5c3e2f3b9026789abc,Venture Capital
e64b98a1d54c3a5c3e2f3b9026789abc,Investment
4f933479a89322678b280c44c125667e,General Fusion
4f933479a89322678b280c44c125667e,Fusion Power
4f933479a89322678b280c44c125667e,Magnetized Target Fusion
5a4d8e9c6e2b3a1f4a2b1c8a,Neobank
5a4d8e9c6e2b3a1f4a2b1c8a,Global Citizens
5a4d8e9c6e2b3a1f4a2b1c8a,Credit History
6c8d2e9f1a1b4c5d8e9f0a1b2c3d4e5f,Passkeys
6c8d2e9f1a1b4c5d8e9f0a1b2c3d4e5f,Passwordless Authentication
6c8d2e9f1a1b4c5d8e9f0a1b2c3d4e5f,Cybersecurity
649a8807d91d809351204c8821f73f32,Energy Upgrades
649a8807d91d809351204c8821f73f32,Commercial Real Estate
649a8807d91d809351204c8821f73f32,Acquisitions
493d0858509f5156f59f01c20f537731,Hexa
493d0858509f5156f59f01c20f537731,Veevart
493d0858509f5156f59f01c20f537731,SaaS
65cfc2e1a819b52b6814a83b,Radiology AI
65cfc2e1a819b52b6814a83b,MRI
65cfc2e1a819b52b6814a83b,Medical Imaging
602e61a0e004e41c3b9619a347618bb1,Predictive Maintenance
602e61a0e004e41c3b9619a347618bb1,AI Diagnostics
602e61a0e004e41c3b9619a347618bb1,Industrial IoT
5e491e817246b15675384d42e5e1e8b1c4c554f2,Relativity Space
5e491e817246b15675384d42e5e1e8b1c4c554f2,Eric Schmidt
5e491e817246b15675384d42e5e1e8b1c4c554f2,Terran R
e59c819f090102f139f580a417a85800,Project Liberty
e59c819f090102f139f580a417a85800,Solid
e59c819f090102f139f580a417a85800,Decentralized Web
16a56105f3d08702f993ea6b52629f994188645f,Startup Battlefield 200
16a56105f3d08702f993ea6b52629f994188645f,TechCrunch Disrupt
16a56105f3d08702f993ea6b52629f994188645f,Pitch Competition
a7a027157264b96692b0e169e884b50e,TechCrunch Sessions: AI
a7a027157264b96692b0e169e884b50e,Side Event
a7a027157264b96692b0e169e884b50e,AI Community
6f206b63253450a99e3896a13202511b,AI
6f206b63253450a99e3896a13202511b,Startups
6f206b63253450a99e3896a13202511b,TechCrunch Sessions
7f855ef229348e5c0f32703302ca3758,Startup
7f855ef229348e5c0f32703302ca3758,Venture Capital
7f855ef229348e5c0f32703302ca3758,TechCrunch All Stage
d41d8cd98f00b204e9800998ecf8427e,TechCrunch Disrupt
d41d8cd98f00b204e9800998ecf8427e,Startup Expo
d41d8cd98f00b204e9800998ecf8427e,Brand Visibility
77b54a0e9d7e681a1a68459c5b1e7a39,De-extinction
77b54a0e9d7e681a1a68459c5b1e7a39,Genetic Editing
77b54a0e9d7e681a1a68459c5b1e7a39,Woolly Mammoth
86d939356580466776852c21a4c942a6,Creatopy
86d939356580466776852c21a4c942a6,AI-powered ads
86d939356580466776852c21a4c942a6,Tammy Nam
66a954c891e6b6302041a954b2c3607f,AI Startups
66a954c891e6b6302041a954b2c3607f,Funding Rounds
66a954c891e6b6302041a954b2c3607f,Venture Capital
6c1925c34777752395f81a1556d292e9,AI coding assistants
6c1925c34777752395f81a1556d292e9,Venture Capital
6c1925c34777752395f81a1556d292e9,ARR
787a99418041915b3e658b5d1ceec5e2,AI Applications
787a99418041915b3e658b5d1ceec5e2,Autonomous Vehicles
787a99418041915b3e658b5d1ceec5e2,Quantum Computing
978a4f999b8183c14b5b529e27c8441f,Discord
978a4f999b8183c14b5b529e27c8441f,IPO
978a4f999b8183c14b5b529e27c8441f,Investment Bankers
a6495361815b5117766db753218b68b4,DEI
a6495361815b5117766db753218b68b4,Google
a6495361815b5117766db753218b68b4,Startups
b6f01,AI Event
b6f01,Startup Founders
b6f01,VC Leaders
a30a012c3a501db1a07f471f21e8a6a7,Venture Capital
a30a012c3a501db1a07f471f21e8a6a7,Artificial Intelligence
a30a012c3a501db1a07f471f21e8a6a7,Fintech
e85626933c0a19d4051a504b10a001302f9044bb,AI Regulation
e85626933c0a19d4051a504b10a001302f9044bb,SB 53
e85626933c0a19d4051a504b10a001302f9044bb,CalCompute
c6a5f4b6541f3d3a5b0a1b2a3c4e5f678901234,AI event
c6a5f4b6541f3d3a5b0a1b2a3c4e5f678901234,Startup founders
c6a5f4b6541f3d3a5b0a1b2a3c4e5f678901234,VC leaders
38a0a0a52ef5294924c7c0754a1e1c48b6510b0a,AI
38a0a0a52ef5294924c7c0754a1e1c48b6510b0a,Manufacturing
38a0a0a52ef5294924c7c0754a1e1c48b6510b0a,Product Design
e7a5f4c2,Scale AI
e7a5f4c2,Department of Labor
e7a5f4c2,Fair Labor Standards Act
2f7cb34e8159357ee76152418f83d99f,Shield AI
2f7cb34e8159357ee76152418f83d99f,Hivemind
2f7cb34e8159357ee76152418f83d99f,Defense Tech
2cf24dba5fb0a30e26e83b2ac5b9e29e1b161e5c1fa7425e73043362938b9824,Mistral AI
2cf24dba5fb0a30e26e83b2ac5b9e29e1b161e5c1fa7425e73043362938b9824,Le Chat
2cf24dba5fb0a30e26e83b2ac5b9e29e1b161e5c1fa7425e73043362938b9824,OpenAI
469c0f62d88615a75b84e2f3a85c8239,3D creation
469c0f62d88615a75b84e2f3a85c8239,Generative AI
469c0f62d88615a75b84e2f3a85c8239,No-code
841a192088503e3e5c08068e583b9f21,AI Models
841a192088503e3e5c08068e583b9f21,Foundational Models
841a192088503e3e5c08068e583b9f21,AI Startups
34c5b98b3b15b88c93022b0748353d1b,Turing
34c5b98b3b15b88c93022b0748353d1b,OpenAI
34c5b98b3b15b88c93022b0748353d1b,LLMs
2c0d303b8d7f622efd345a8a8c12f41c,Counter-drone systems
2c0d303b8d7f622efd345a8a8c12f41c,Sentinel
2c0d303b8d7f622efd345a8a8c12f41c,Alpine Eagle
827ccb0eea8a706c4c34a16891f84e7b,Revenue Prediction
827ccb0eea8a706c4c34a16891f84e7b,Generative AI
827ccb0eea8a706c4c34a16891f84e7b,IPO
78c8dd51,AI
78c8dd51,Cancer Treatment
78c8dd51,Personalized Medicine
64b035270894e91678532f1e84862288,Bolt
64b035270894e91678532f1e84862288,Ryan Breslow
64b035270894e91678532f1e84862288,Fintech
e5b9f53c4393c7a00a501b64e2461e0c,AI Training
e5b9f53c4393c7a00a501b64e2461e0c,LLMs
e5b9f53c4393c7a00a501b64e2461e0c,Ceramic.ai
63e37f513d12a0363c6e25440e36217c,Startup Ecosystems
63e37f513d12a0363c6e25440e36217c,Silicon Valley
63e37f513d12a0363c6e25440e36217c,Venture Capital
d46480181c13281989741436f3b34c2d,Big Tech
d46480181c13281989741436f3b34c2d,Startups
d46480181c13281989741436f3b34c2d,User Experience
668a59a392b54378107a72efb11cdb86,TechCrunch Sessions AI
668a59a392b54378107a72efb11cdb86,AI Innovation
668a59a392b54378107a72efb11cdb86,AI Speakers
6a193f97917545f892d35e725731f0f4,Generative AI
6a193f97917545f892d35e725731f0f4,Biorecycling
6a193f97917545f892d35e725731f0f4,Plastic Waste
b4011a8f83831c114181b3163d4d2836,Epirus
b4011a8f83831c114181b3163d4d2836,Drone Swarms
b4011a8f83831c114181b3163d4d2836,Defense Tech
2e860638939395e33dbb1b5a1333648b,Aspiration
2e860638939395e33dbb1b5a1333648b,Fintech
2e860638939395e33dbb1b5a1333648b,Fraud
f49b0e9d9833379a75f8b324519169e3,Female Founders
f49b0e9d9833379a75f8b324519169e3,Deep Tech
f49b0e9d9833379a75f8b324519169e3,Venture Capital
86f2c950b6a1a474e009572141dd62c2,LlamaIndex
86f2c950b6a1a474e009572141dd62c2,LlamaCloud
86f2c950b6a1a474e009572141dd62c2,AI Agents
a9488f75f6b17ca92d33463c79c39804,Defense Tech
a9488f75f6b17ca92d33463c79c39804,UAV
a9488f75f6b17ca92d33463c79c39804,Decentralized Factories
f1a2b3c4d5e6f7a8b9c0d1e2f3a4b5c6,Quantum Computing
f1a2b3c4d5e6f7a8b9c0d1e2f3a4b5c6,Quantum Processors
f1a2b3c4d5e6f7a8b9c0d1e2f3a4b5c6,Error Correction
a5b8d2e7f9c3a1b624d5e8a0b7c9d6f1,Sodium-ion batteries
a5b8d2e7f9c3a1b624d5e8a0b7c9d6f1,Solar energy storage
a5b8d2e7f9c3a1b624d5e8a0b7c9d6f1,Renewable energy
615b02c799a8a945a1f073bf75b0d90f,Ramp
615b02c799a8a945a1f073bf75b0d90f,Fintech
615b02c799a8a945a1f073bf75b0d90f,AI
6f2c2a3d1b4e8c7a9f6d5e3c2b1a0987,Anthropic
6f2c2a3d1b4e8c7a9f6d5e3c2b1a0987,Claude 3.7 Sonnet
6f2c2a3d1b4e8c7a9f6d5e3c2b1a0987,AI Models
b0b6954d07d999999d7e1c8433c1d6a165f470d160004e8b98568d1ffcc815e2,Ramp
b0b6954d07d999999d7e1c8433c1d6a165f470d160004e8b98568d1ffcc815e2,Valuation
b0b6954d07d999999d7e1c8433c1d6a165f470d160004e8b98568d1ffcc815e2,Fintech
f77180d39c9636a68244167d7999bc3c,Engineering Productivity
f77180d39c9636a68244167d7999bc3c,B2B Platform
f77180d39c9636a68244167d7999bc3c,Developer Tools
e5136f325405010fc660b53f987752f719c1f264,Software Supply Chain Security
e5136f325405010fc660b53f987752f719c1f264,Artifact Management
e5136f325405010fc660b53f987752f719c1f264,Open Source Vulnerabilities
6a362d82208a88447736340f84d50781,AI creative tools
6a362d82208a88447736340f84d50781,Infinite canvas
6a362d82208a88447736340f84d50781,Visual design
7772ffb86485b55f4b13d6cf4e6aa115,Gamification
7772ffb86485b55f4b13d6cf4e6aa115,Treadmill
7772ffb86485b55f4b13d6cf4e6aa115,Connected Fitness
814a7533a7775803c2f7efaa282e6d5a,TechCrunch Sessions AI
814a7533a7775803c2f7efaa282e6d5a,Artificial Intelligence
814a7533a7775803c2f7efaa282e6d5a,Foundation Models
a450945c1f2a3429d775329e97b18924,DeepSeek
a450945c1f2a3429d775329e97b18924,AI Models
a450945c1f2a3429d775329e97b18924,Profit Margins
6490a0018661f35c0709f9cfc00e7171,AI
6490a0018661f35c0709f9cfc00e7171,Startups
6490a0018661f35c0709f9cfc00e7171,TechCrunch Sessions: AI
6f956b14-915b-479b-a8a7-d0c41e9928f0,OpenAI Startup Fund
6f956b14-915b-479b-a8a7-d0c41e9928f0,Venture Capital
6f956b14-915b-479b-a8a7-d0c41e9928f0,AI Startups
89cf72c1a436ca9477bc8fd096010f46827f404f,SaaS platform
89cf72c1a436ca9477bc8fd096010f46827f404f,Scientific Research
89cf72c1a436ca9477bc8fd096010f46827f404f,AI solution
3e66a7b168a7a1a56925f1755c71b473,Longevity
3e66a7b168a7a1a56925f1755c71b473,Preventive Health
3e66a7b168a7a1a56925f1755c71b473,Diagnostics
e0a7f09245b9414ebf7374455b0c009f,Quantum Computing
e0a7f09245b9414ebf7374455b0c009f,LLMs
e0a7f09245b9414ebf7374455b0c009f,Fusion Power
20250228techcrunchai,AI
20250228techcrunchai,TechCrunch Sessions
20250228techcrunchai,Startups
c157a77b47227f608e17a640f809778b,Startups
c157a77b47227f608e17a640f809778b,Venture Capital
c157a77b47227f608e17a640f809778b,Scaling
2c6c78a54f374436a4a98899f7157fa7,AI
2c6c78a54f374436a4a98899f7157fa7,Factory Workers
2c6c78a54f374436a4a98899f7157fa7,Surveillance
4a85942b2562814c9c53656191581a28,TechCrunch Disrupt
4a85942b2562814c9c53656191581a28,Startup Battlefield
4a85942b2562814c9c53656191581a28,Tech Events
8f9e2b3a1c4e5d7a6b8c9d0e1f2a3b4c,TechCrunch Sessions: AI
8f9e2b3a1c4e5d7a6b8c9d0e1f2a3b4c,AI Innovation
8f9e2b3a1c4e5d7a6b8c9d0e1f2a3b4c,AI event
24a4e3a7f17800f759b9a1f047310490,TechCrunch Disrupt
24a4e3a7f17800f759b9a1f047310490,AI
24a4e3a7f17800f759b9a1f047310490,Venture Capital
284a4dd8d6b8f11b4b9d0c3367c78a74,Snowflake
284a4dd8d6b8f11b4b9d0c3367c78a74,Startup Accelerator
284a4dd8d6b8f11b4b9d0c3367c78a74,AI
2a0cf7847a2c08430a3452d374b3b7d3a5854207,AI
2a0cf7847a2c08430a3452d374b3b7d3a5854207,TechCrunch Sessions
2a0cf7847a2c08430a3452d374b3b7d3a5854207,AI Innovation
657df71b1d22926271f100e5671e5521,AI Accounting
657df71b1d22926271f100e5671e5521,Accounting Automation
657df71b1d22926271f100e5671e5521,Real-Time Reporting
8a4c8a3a8f4b9c9a8d5f6e7b4a3c2d1e,Workhelix
8a4c8a3a8f4b9c9a8d5f6e7b4a3c2d1e,Generative AI
8a4c8a3a8f4b9c9a8d5f6e7b4a3c2d1e,AI adoption
3b098c11875ef8f1d9b1a473363a018c,AI Night Vision
3b098c11875ef8f1d9b1a473363a018c,Computer Vision
3b098c11875ef8f1d9b1a473363a018c,Military Tech
a1b2c3d4e5f6g7h8i9j0k1l2m3n4o5p6,TechCrunch Disrupt
a1b2c3d4e5f6g7h8i9j0k1l2m3n4o5p6,Startup Battlefield
a1b2c3d4e5f6g7h8i9j0k1l2m3n4o5p6,Tech Events
58c1a953313c8e740f9f60565703a383,Home setup services
58c1a953313c8e740f9f60565703a383,Embedded finance
58c1a953313c8e740f9f60565703a383,Insurtech
c5b742c127a9f331f4385d08313d1a73,Automated Decision-Making
c5b742c127a9f331f4385d08313d1a73,Fintech
c5b742c127a9f331f4385d08313d1a73,Workflows
3a49b7a65c7a93a8cbdb93f6884783146022f235,Maternity Care
3a49b7a65c7a93a8cbdb93f6884783146022f235,Series A
3a49b7a65c7a93a8cbdb93f6884783146022f235,Healthcare
5f68801f17a2c6f07e6c7047718a99a1,Diffusion Models
5f68801f17a2c6f07e6c7047718a99a1,Large Language Models
5f68801f17a2c6f07e6c7047718a99a1,Generative AI
26e4b50548493f5969a29f27f33e0c0b,AI Startups
26e4b50548493f5969a29f27f33e0c0b,Gradient Ventures
26e4b50548493f5969a29f27f33e0c0b,Seed Stage Investments
63e4b11b7657938655644b8e09687b14,AI Startups
63e4b11b7657938655644b8e09687b14,Incumbent Competition
63e4b11b7657938655644b8e09687b14,World Model
c200b3e6c7fe458e34457948e10b719f,AI coding assistants
c200b3e6c7fe458e34457948e10b719f,Open-source
c200b3e6c7fe458e34457948e10b719f,Developer tools
778e2e9b11426e22f2426b72cc240a5a,BNPL
778e2e9b11426e22f2426b72cc240a5a,Vertical SaaS
778e2e9b11426e22f2426b72cc240a5a,Dental Services
4f45a8a2c509b7365393b567a8910ff7,AI
4f45a8a2c509b7365393b567a8910ff7,TechCrunch Sessions
4f45a8a2c509b7365393b567a8910ff7,AI Innovation
18d57648e33302a23633503ff7918df3,TechCrunch Disrupt
18d57648e33302a23633503ff7918df3,Startup Battlefield
18d57648e33302a23633503ff7918df3,AI Innovations
5dd6a5d97373805b66f8a408a58914f7,Cybersecurity Training
5dd6a5d97373805b66f8a408a58914f7,Gamification
5dd6a5d97373805b66f8a408a58914f7,Phishing
6f374a5d8e7a3c2b1d9f5e8c0a2b7d6e,Sales Enablement
6f374a5d8e7a3c2b1d9f5e8c0a2b7d6e,Generative AI
6f374a5d8e7a3c2b1d9f5e8c0a2b7d6e,Regie.ai
a8f5b3c7e9d2a1b4c6f8e3d2a1b4c6f8e3d2a1b4,AI Agents
a8f5b3c7e9d2a1b4c6f8e3d2a1b4c6f8e3d2a1b4,Due Diligence
a8f5b3c7e9d2a1b4c6f8e3d2a1b4c6f8e3d2a1b4,Expert Networks
1cae55973f1505378c96cf3d005c345b,AI
1cae55973f1505378c96cf3d005c345b,Worker Surveillance
1cae55973f1505378c96cf3d005c345b,Y Combinator
629a66306a753199818db498774a2e86,Humanoid Robots
629a66306a753199818db498774a2e86,Manufacturing
629a66306a753199818db498774a2e86,Apptronik
4059704f6b50b0d780e8d98c9e60a073,Customs Automation
4059704f6b50b0d780e8d98c9e60a073,AI Platform
4059704f6b50b0d780e8d98c9e60a073,DocUnlock
69f5b03b52e95994015290342f496828,Endometriosis
69f5b03b52e95994015290342f496828,microRNA
69f5b03b52e95994015290342f496828,Diagnostics
708676253,Tenstorrent
708676253,AI accelerators
708676253,Serverless cloud
2b6922d0361e24989873515d330d4e68,Private Equity
2b6922d0361e24989873515d330d4e68,Software
2b6922d0361e24989873515d330d4e68,European Market
6a204bd89f14c97b54359a3979f1d0b4,Startup Battlefield 200
6a204bd89f14c97b54359a3979f1d0b4,Pitch Competition
6a204bd89f14c97b54359a3979f1d0b4,Early-Stage Startups
98a7f152474f4683979b31b5867f728a,Patent Analytics
98a7f152474f4683979b31b5867f728a,Generative AI
98a7f152474f4683979b31b5867f728a,Series A
a7163b2c4f40697039c6142dd281f1b3,AI-powered greenhouses
a7163b2c4f40697039c6142dd281f1b3,Sensei Farms
a7163b2c4f40697039c6142dd281f1b3,Sustainable agriculture
6b86b273ff34fce19d6b804eff5a3f5747ada4eaa22f1d49c01e52ddb7875b4b,Mental Health
6b86b273ff34fce19d6b804eff5a3f5747ada4eaa22f1d49c01e52ddb7875b4b,Chatbot
6b86b273ff34fce19d6b804eff5a3f5747ada4eaa22f1d49c01e52ddb7875b4b,Education
8438312c2d4c100616e1a7305a627a50,Fintech
8438312c2d4c100616e1a7305a627a50,Fraud
8438312c2d4c100616e1a7305a627a50,Acquisition
3e86e52f7b506f3494d4a49a5912f6b4,AI drug discovery
3e86e52f7b506f3494d4a49a5912f6b4,circular RNA
3e86e52f7b506f3494d4a49a5912f6b4,biotech
70c750c4930986f5895704a95b54f7b7,AI Pin
70c750c4930986f5895704a95b54f7b7,Wearable AI
70c750c4930986f5895704a95b54f7b7,HP
b8ca547f9f1b0a1c49999e12732298d2,AI
b8ca547f9f1b0a1c49999e12732298d2,Startups
b8ca547f9f1b0a1c49999e12732298d2,Investments
677b990e116a4f3440708c442ca2ff73,TechCrunch Disrupt
677b990e116a4f3440708c442ca2ff73,Startup Battlefield
677b990e116a4f3440708c442ca2ff73,AI
66870c0cfb7775282b0f6a68,TechCrunch All Stage
66870c0cfb7775282b0f6a68,Startup Scaling
66870c0cfb7775282b0f6a68,Venture Capital
4921847219487491283,Unicorns
4921847219487491283,Venture Capital
4921847219487491283,Series B
6b86b273ff34fce19d6b804eff5a3f5747ada4eaa22f1d49c01e52ddb7875b4b,Clearview AI
6b86b273ff34fce19d6b804eff5a3f5747ada4eaa22f1d49c01e52ddb7875b4b,Facial Recognition
6b86b273ff34fce19d6b804eff5a3f5747ada4eaa22f1d49c01e52ddb7875b4b,Data Privacy
d41d8cd98f00b204e9800998ecf8427e,AI observability
d41d8cd98f00b204e9800998ecf8427e,AI evaluation
d41d8cd98f00b204e9800998ecf8427e,Arize AI
559c62474cfb65576298ca0375c6a307,Codeium
559c62474cfb65576298ca0375c6a307,AI coding
559c62474cfb65576298ca0375c6a307,Valuation
saronicraises600mtomass-produceautonomouswarships,Autonomous warships
saronicraises600mtomass-produceautonomouswarships,Defense tech
saronicraises600mtomass-produceautonomouswarships,Unmanned ships
2515ce5f298fd9c436720c20584237eb,IVF insurance
2515ce5f298fd9c436720c20584237eb,Future Family
2515ce5f298fd9c436720c20584237eb,Munich Re Ventures
b0744e1d9268519119272045dd186224,Accent Modification
b0744e1d9268519119272045dd186224,Speech Recognition
b0744e1d9268519119272045dd186224,AI
f9f93a7b0d477e31e1a15e6d1c689609,Mistral AI
f9f93a7b0d477e31e1a15e6d1c689609,Le Chat
f9f93a7b0d477e31e1a15e6d1c689609,AI Assistant
577b84d4093d9e719e6b1c32867bc984,Creator Economy
577b84d4093d9e719e6b1c32867bc984,Venture Capital
577b84d4093d9e719e6b1c32867bc984,Slow Ventures
7f4d473658d8531978c63d8918d0602b,AI
7f4d473658d8531978c63d8918d0602b,Training Videos
7f4d473658d8531978c63d8918d0602b,Software
61ca3c69e8f1c37b08c3255f87f8b7a1,Safe Superintelligence
61ca3c69e8f1c37b08c3255f87f8b7a1,Ilya Sutskever
61ca3c69e8f1c37b08c3255f87f8b7a1,Generative AI
a9f2e64f8718dd76e1e68ff06d162060,Mira Murati
a9f2e64f8718dd76e1e68ff06d162060,Thinking Machines Lab
a9f2e64f8718dd76e1e68ff06d162060,AI Safety
7a3b8c2d1e4f5a6b7c8d9e0f1a2b3c4d,Group Rideshare
7a3b8c2d1e4f5a6b7c8d9e0f1a2b3c4d,Fetii
7a3b8c2d1e4f5a6b7c8d9e0f1a2b3c4d,Mark Cuban
6a562781b2756e2b023c125a66123c08,Hightouch
6a562781b2756e2b023c125a66123c08,AI Decisioning
6a562781b2756e2b023c125a66123c08,Customer Data Platform
a27c4cf094f4b139843247d144d893a0,App Localization
a27c4cf094f4b139843247d144d893a0,AI Translation
a27c4cf094f4b139843247d144d893a0,Language Models
d41d8cd98f00b204e9800998ecf8427e,Legal AI
d41d8cd98f00b204e9800998ecf8427e,Luminance
d41d8cd98f00b204e9800998ecf8427e,Contract Automation
3a44958d77dae426d0c24846c16643d1,Hormone Monitoring
3a44958d77dae426d0c24846c16643d1,Wearable Medtech
3a44958d77dae426d0c24846c16643d1,Pre-Seed Funding
683e2edd75f960a4655e269379061cae,Edtech
683e2edd75f960a4655e269379061cae,Gamification
683e2edd75f960a4655e269379061cae,Adaptive learning
3b2148325305636308e4136a65ff1108,Mistral AI
3b2148325305636308e4136a65ff1108,Mistral Saba
3b2148325305636308e4136a65ff1108,Arabic Language Model
64a45f2d8fa6e7d8851e2c84c2c87981,xAI
64a45f2d8fa6e7d8851e2c84c2c87981,Colossus
64a45f2d8fa6e7d8851e2c84c2c87981,Hazardous Air Pollutants
3c5e191c033b368a9204201b936470d8,Perplexity AI
3c5e191c033b368a9204201b936470d8,Deep Research
3c5e191c033b368a9204201b936470d8,AI Research Tools
6c8e9c36a3f83a465a8147c86236d8e3,Figure AI
6c8e9c36a3f83a465a8147c86236d8e3,Humanoid Robots
6c8e9c36a3f83a465a8147c86236d8e3,Robotics
419ae82c597c5e05c9ca9560f490110e,IPO
419ae82c597c5e05c9ca9560f490110e,SailPoint
419ae82c597c5e05c9ca9560f490110e,Renaissance Capital
6f9143,xAI
6f9143,Grok
6f9143,Funding Round
a7f8b9c2d1e5a4b3c8d7e6f5a4b3c2d1,AI
a7f8b9c2d1e5a4b3c8d7e6f5a4b3c2d1,Security
a7f8b9c2d1e5a4b3c8d7e6f5a4b3c2d1,Startup Funding
66f5b796864f3350e9508735,AI
66f5b796864f3350e9508735,TechCrunch Sessions
66f5b796864f3350e9508735,Startup
a8822723b8341202f74451f5c90f3665,Startups
a8822723b8341202f74451f5c90f3665,Scaling
a8822723b8341202f74451f5c90f3665,Venture Capital
8175027234979061806869403702870729572,OpenAI
8175027234979061806869403702870729572,Elon Musk
8175027234979061806869403702870729572,Acquisition
b6c8a4998834f2263f0165409827c2f9,No-code platform
b6c8a4998834f2263f0165409827c2f9,UI/UX design
b6c8a4998834f2263f0165409827c2f9,Interactive prototypes
6a1380d6638d597843270f08ff6ef208,Generative AI
6a1380d6638d597843270f08ff6ef208,B2B Marketing
6a1380d6638d597843270f08ff6ef208,Omni-channel Marketing
a261f9711524dd5b077f5f7f590a3e9a,DEI
a261f9711524dd5b077f5f7f590a3e9a,OpenAI
a261f9711524dd5b077f5f7f590a3e9a,Political Backlash
5fe66370cf45a5c6456222a71416c6f45852436f567d536830483a3875612747,Startups
5fe66370cf45a5c6456222a71416c6f45852436f567d536830483a3875612747,Pitch Competition
5fe66370cf45a5c6456222a71416c6f45852436f567d536830483a3875612747,Early-Stage
b2992b39f611b69209c7c6ca0a376e92,Strike Drones
b2992b39f611b69209c7c6ca0a376e92,Helsing
b2992b39f611b69209c7c6ca0a376e92,Defense Tech
21c77449f413f2782e5b7b10f3a8cf4f,Autonomous Delivery Robots
21c77449f413f2782e5b7b10f3a8cf4f,Uber Eats
21c77449f413f2782e5b7b10f3a8cf4f,Avride
47139f1f89457786b607d920a7407889,Humanoid Robots
47139f1f89457786b607d920a7407889,Series A
47139f1f89457786b607d920a7407889,Apptronik
