article_id,people
5e9d8c1a2b3f47689d6a543c12345678,Brendan Iribe
f78314ff467375e94572e09878b712931d9cf9dd,Liang Wenfeng
f78314ff467375e94572e09878b712931d9cf9dd,Xi Jinping
30a808a913095329294d843c6a070c323f6c4b24,Dave Citron
a1b2c3d4e5f6,Sam Altman
a1b2c3d4e5f6,Tuhin Chakrabarty
a1b2c3d4e5f6,Simon Willison
a1b2c3d4e5f6,Linda Maye Adams
a1b2c3d4e5f6,Michelle Taransky
78e7310a503068653b2a0122c91d25d9,Jae Lee
78e7310a503068653b2a0122c91d25d9,Oliver Cameron
78e7310a503068653b2a0122c91d25d9,Kanu Gulati
79f34f89f74815f47a52b924e65c6d60,Fatima Kardar
94557829e7c486e88cf1c5414d2c9c87,Daniel Dines
94557829e7c486e88cf1c5414d2c9c87,Richard Potter
94557829e7c486e88cf1c5414d2c9c87,David Leitch
94557829e7c486e88cf1c5414d2c9c87,Atul Sharma
94557829e7c486e88cf1c5414d2c9c87,Robert Anton
87b7d559168308f4b2b1507c6233a2f2,Yair Adato
87b7d559168308f4b2b1507c6233a2f2,Assa Eldar
3684238acb445ca540e7739c05904ff072206939,Lip-Bu Tan
3684238acb445ca540e7739c05904ff072206939,Pat Gelsinger
3684238acb445ca540e7739c05904ff072206939,David Zinsner
3684238acb445ca540e7739c05904ff072206939,Michelle Johnston Holthaus
e9d71f552a0119001ca998f642c3a10920f89acb,Dario Amodei
8f77a9965a6131ef18d4a9f9c97c9384,Jensen Huang
5f6a7b8c9d2e1a3456789012,Jensen Huang
5b3151c89a87a807e448068e1787958b,Gregor Zunic
5b3151c89a87a807e448068e1787958b,Magnus Müller
58b1930480837a7989d3916a9346598a,Yaron Schneider
58b1930480837a7989d3916a9346598a,Mark Fussell
58b1930480837a7989d3916a9346598a,Roberto Rodriguez
6f265e3b1843c87dd9a509349468b6c5,Robert Lange
6f265e3b1843c87dd9a509349468b6c5,Matthew Guzdial
6f265e3b1843c87dd9a509349468b6c5,Mike Cook
60379,Naeem Talukdar
60379,Étienne-Jules Marey
a2e2a18a9a8584844090c92197f441c2,Chris Weaver
a2e2a18a9a8584844090c92197f441c2,Yuhong Sun
a2e2a18a9a8584844090c92197f441c2,Gokul Rajaram
a2e2a18a9a8584844090c92197f441c2,Arash Ferdowsi
a2e2a18a9a8584844090c92197f441c2,Amit Agarwal
e724b1057d92311c11989d8d67a85a63,Amitai Ratzon
e724b1057d92311c11989d8d67a85a63,Richard Seewald
551d21449684367b6c88042cb9710f84,Elliot Wolf
551d21449684367b6c88042cb9710f84,Andrew Adashek
551d21449684367b6c88042cb9710f84,Noah Rosenberg
551d21449684367b6c88042cb9710f84,Dick Wolf
551d21449684367b6c88042cb9710f84,Jimmy Iovine
551d21449684367b6c88042cb9710f84,Paul Wachter
551d21449684367b6c88042cb9710f84,Ashton Kutcher
551d21449684367b6c88042cb9710f84,will.i.am
6a82a3c61790c29e4dd481c03919f132,Maia Bensimon
6a82a3c61790c29e4dd481c03919f132,Renaud Lefebvre
a91c2a0d69190446ff81f304536f4dd8,Christoph Schröder
a91c2a0d69190446ff81f304536f4dd8,Sebastian Casu
927c059c5f19a714df587,Dario Amodei
28f039a96e76171b5ca6c0325f542446,Arvind Krishna
28f039a96e76171b5ca6c0325f542446,Dario Amodei
28f039a96e76171b5ca6c0325f542446,Thomas Wolf
28f039a96e76171b5ca6c0325f542446,Sam Altman
28f039a96e76171b5ca6c0325f542446,Einstein
28f039a96e76171b5ca6c0325f542446,Oppenheimer
582e67716590496c870447a7f1ff7863,Sam Altman
9783682a6c3e451b8b62a900b10654a5,Ryan Sipes
9783682a6c3e451b8b62a900b10654a5,Clem Delangue
19d01c278a91ef7915553bfdb7c36a575803e84b,Samir Menon
42b31b266308941c31860a2d189a36b1,Olivier Godement
42b31b266308941c31860a2d189a36b1,Sam Altman
a79447503b948141ff3f7149806579af,Mark Cuban
b6d84a496f1c480f365b13274c5dd0783038044a,Harsimrat Sandhawalia
b6d84a496f1c480f365b13274c5dd0783038044a,Remi Cadene
9d49e702a052f44c8714a66a49ca2a6a,Donald Trump
9d49e702a052f44c8714a66a49ca2a6a,JD Vance
9d49e702a052f44c8714a66a49ca2a6a,Arthur Mensh
a1b2c3d4e5f6g7h8i9j0,Zeya Yang
a1b2c3d4e5f6g7h8i9j0,Jill Chase
a1b2c3d4e5f6g7h8i9j0,Kanu Gulati
a6c8b29d3e910a8b7a6c,Guy Flechter
a6c8b29d3e910a8b7a6c,Ron Peled
a6c8b29d3e910a8b7a6c,Mike Moritz
4710f2c245a2982e8e8b894a21b678e3,Christian Allouche
a6429e7b8f548242262e6247f44f25c2089237c2d9f9991492a5a15e7d9b856a,Sam Altman
a6429e7b8f548242262e6247f44f25c2089237c2d9f9991492a5a15e7d9b856a,Mustafa Suleyman
a913c3010c56a675d0548614a7b66514,Jason Warner
a913c3010c56a675d0548614a7b66514,Eiso Kant
a1b2c3d4e5f6g7h8i9j0k1l2m3n4o5p6,Liang Wenfeng
6a790ce,Isaac Bratzel
6a790ce,Latif Peracha
6a411f24a7d189869291b008a187a843e1b930ff,Grace Gedye
64701f71d5d7a782433bb75812a801e9,Alexey Shabanov
7a9d5e2b1a3c8f0d46e8b5a7c2d3491c,Amit Zavery
7a9d5e2b1a3c8f0d46e8b5a7c2d3491c,Bhavin Shah
7a9d5e2b1a3c8f0d46e8b5a7c2d3491c,Vaibhav Nivargi
7a9d5e2b1a3c8f0d46e8b5a7c2d3491c,Varun Singh
7a9d5e2b1a3c8f0d46e8b5a7c2d3491c,Jiang Chen
663116695b2a7,Dean Ball
663116695b2a7,Yichao Ji
663116695b2a7,Alexander Doria
323e41f1556935900b85669049487d5b,Tammy Nam
323e41f1556935900b85669049487d5b,Dan Oros
323e41f1556935900b85669049487d5b,Eva Arh
644b684ead94b2515640e2cf4a9c19a1,Mark Gurman
3829b05a39412951c7c73188a1988413,Elon Musk
3829b05a39412951c7c73188a1988413,Sam Altman
3829b05a39412951c7c73188a1988413,Greg Brockman
3829b05a39412951c7c73188a1988413,Yvonne Gonzalez Rogers
3829b05a39412951c7c73188a1988413,Marc Toberoff
3829b05a39412951c7c73188a1988413,Tyler Whitmer
25a3b9c7e1f4d2a86b3c04d5a7b8f6,Joe Biden
25a3b9c7e1f4d2a86b3c04d5a7b8f6,Donald Trump
25a3b9c7e1f4d2a86b3c04d5a7b8f6,Omeed Assefi
25a3b9c7e1f4d2a86b3c04d5a7b8f6,Amit P. Mehta
4433e983c5b8a1b4c67a06434811e60e,Richard Kadrey
4433e983c5b8a1b4c67a06434811e60e,Sarah Silverman
4433e983c5b8a1b4c67a06434811e60e,Ta-Nehisi Coates
4433e983c5b8a1b4c67a06434811e60e,Mark Zuckerberg
4433e983c5b8a1b4c67a06434811e60e,Vince Chhabria
31a835955e7efdd37700e21e850131d2,Bryan Johnson
31a835955e7efdd37700e21e850131d2,Elon Musk
31a835955e7efdd37700e21e850131d2,Matt Mahan
31a835955e7efdd37700e21e850131d2,John Fogerty
31a835955e7efdd37700e21e850131d2,Tom Morello
31a835955e7efdd37700e21e850131d2,Gretchen Effgen
31a835955e7efdd37700e21e850131d2,Pankaj Kedia
31a835955e7efdd37700e21e850131d2,Alan Wexler
31a835955e7efdd37700e21e850131d2,Charina Chou
31a835955e7efdd37700e21e850131d2,Micheál Martin
31a835955e7efdd37700e21e850131d2,Kevin Sherry
31a835955e7efdd37700e21e850131d2,J.D. Vance
31a835955e7efdd37700e21e850131d2,President Trump
f7d9a8c1b2e34567890123456789abcd,Mustafa Suleyman
e5b7d8c29f27a9a2f4a3b5c8a7e8d0e2,Meredith Whittaker
e5b7d8c29f27a9a2f4a3b5c8a7e8d0e2,RJ Scaringe
e5b7d8c29f27a9a2f4a3b5c8a7e8d0e2,Alan Baratz
e5b7d8c29f27a9a2f4a3b5c8a7e8d0e2,Cristiano Amon
e5b7d8c29f27a9a2f4a3b5c8a7e8d0e2,Ben Lamm
e5b7d8c29f27a9a2f4a3b5c8a7e8d0e2,Rene Haas
2a7b8c9d3e4f1a2b3c4d5e6f7a8b9c0d,Meredith Whittaker
a6f762b39427e4f00ca857ddb2c4a05278667910,Adam Thierer
a6f762b39427e4f00ca857ddb2c4a05278667910,Trump
d41d8cd98f00b204e9800998ecf8427e,Elon Musk
d41d8cd98f00b204e9800998ecf8427e,Brent Mayo
8f843c2b3a2a7f3a2e9f6e93b9c3b7a6,Tim Cook
8f843c2b3a2a7f3a2e9f6e93b9c3b7a6,M.G. Siegler
d41d8cd98f00b204e9800998ecf8427e,Kasley Killam
e4ca4ea88d400a1144e7797219699b8a,Liang Wenfeng
e4ca4ea88d400a1144e7797219699b8a,Clem Delangue
e4ca4ea88d400a1144e7797219699b8a,Sam Altman
e4ca4ea88d400a1144e7797219699b8a,Mark Zuckerberg
e4ca4ea88d400a1144e7797219699b8a,Jensen Huang
2f7b5d3e9c8a1b4a2f6c8e7d9a3b2c1a,Scott Wiener
2f7b5d3e9c8a1b4a2f6c8e7d9a3b2c1a,Kirsten Korosec
2f7b5d3e9c8a1b4a2f6c8e7d9a3b2c1a,Max Zeff
2f7b5d3e9c8a1b4a2f6c8e7d9a3b2c1a,Anthony Ha
2f791b5b1d9016037bb32a043f0cfc748cf63f57,Chris Cox
65326b23-2052-4444-8b58-17f712915393,Elon Musk
3a03a29f8449a80836f9a3195c9ee149,Larry Page
3a03a29f8449a80836f9a3195c9ee149,Chris Anderson
78110714699154759993704405592274747032,Alexandr Wang
78110714699154759993704405592274747032,Michael Kratsios
78110714699154759993704405592274747032,Donald Trump
99a835d302f585a15ed59250515e3401,Thomas Wolf
99a835d302f585a15ed59250515e3401,Sam Altman
99a835d302f585a15ed59250515e3401,Dario Amodei
99a835d302f585a15ed59250515e3401,François Chollet
2165729527,Refik Anadol
2165729527,Nicole Sales Giles
61a56e9e4b91f8864d2af02633237977,Alexander Embiricos
61a56e9e4b91f8864d2af02633237977,Jared Friedman
47e211262f6b743d9c7f0060f53302b2,Arthur Mensch
47e211262f6b743d9c7f0060f53302b2,Timothée Lacroix
47e211262f6b743d9c7f0060f53302b2,Guillaume Lample
47e211262f6b743d9c7f0060f53302b2,Emmanuel Macron
47e211262f6b743d9c7f0060f53302b2,Jean-Charles Samuelian-Werve
47e211262f6b743d9c7f0060f53302b2,Charles Gorintin
47e211262f6b743d9c7f0060f53302b2,Cédric O
2f97e5241965e0a80b61737f1a7144e4,Miles Brundage
2f97e5241965e0a80b61737f1a7144e4,Sam Altman
68f68a1a729084428f2198cb6979fd5b,Guillaume Lample
a1446d7a73a22f988ff56a9c7d897574,Charles Migos
a1446d7a73a22f988ff56a9c7d897574,Bharat Vasan
a1446d7a73a22f988ff56a9c7d897574,Philip Metschan
d41d8cd98f00b204e9800998ecf8427e,Omer Agiv
d41d8cd98f00b204e9800998ecf8427e,Ori Fingerer
d41d8cd98f00b204e9800998ecf8427e,Gil Kaplan
d41d8cd98f00b204e9800998ecf8427e,Moshe Sarfati
d41d8cd98f00b204e9800998ecf8427e,Gigi Levy-Weiss
4b56e461d3a3a49a8ca815ef565c6813d96f83a9722a152bc755a8b9e2a1c23a,Logan Kilpatrick
4b56e461d3a3a49a8ca815ef565c6813d96f83a9722a152bc755a8b9e2a1c23a,Sara Hooker
4b56e461d3a3a49a8ca815ef565c6813d96f83a9722a152bc755a8b9e2a1c23a,Jae Lee
89b0d223185a6c1541a79b742f6b2b0b,Jonathan Siddharth
89b0d223185a6c1541a79b742f6b2b0b,Sumir Chadha
9421a414b7b38b1e369487e46828860a,Carlos Pereira
55c2b9401004a69e83c65987352245d3,Monzy Merza
55c2b9401004a69e83c65987352245d3,David Dorsey
55c2b9401004a69e83c65987352245d3,Tim Tully
55c2b9401004a69e83c65987352245d3,Brad Lovering
e64434266a0343e096c3ff6e37039c04,Jared Friedman
e64434266a0343e096c3ff6e37039c04,Garry Tan
e64434266a0343e096c3ff6e37039c04,Harj Taggar
e64434266a0343e096c3ff6e37039c04,Diana Hu
e64434266a0343e096c3ff6e37039c04,Andrej Karpathy
2f9b3b9d7a5e4c8f1a2b3c4d5e6f7a8b9c0d1e2f3a4b5c6d7e8f9a0b1c2d3e4f,Eric Schmidt
2f9b3b9d7a5e4c8f1a2b3c4d5e6f7a8b9c0d1e2f3a4b5c6d7e8f9a0b1c2d3e4f,Alexandr Wang
2f9b3b9d7a5e4c8f1a2b3c4d5e6f7a8b9c0d1e2f3a4b5c6d7e8f9a0b1c2d3e4f,Dan Hendrycks
2f9b3b9d7a5e4c8f1a2b3c4d5e6f7a8b9c0d1e2f3a4b5c6d7e8f9a0b1c2d3e4f,Chris Wright
2f9b3b9d7a5e4c8f1a2b3c4d5e6f7a8b9c0d1e2f3a4b5c6d7e8f9a0b1c2d3e4f,Greg Brockman
a1b2c3d4e5f6g7h8i9j0,Elon Musk
f1d923b9f1b86a95f590335e59e3e256,Amit Bendov
d45225d32b8f3d4b36532e70c2d4d74c402709b0,Michael Intrator
d45225d32b8f3d4b36532e70c2d4d74c402709b0,Brian Venturo
d45225d32b8f3d4b36532e70c2d4d74c402709b0,Brannin McBee
d45225d32b8f3d4b36532e70c2d4d74c402709b0,Chen Goldberg
30f6469257f429f483504b09c58ca26b,Anna Patterson
30f6469257f429f483504b09c58ca26b,Tom Costello
5b3d80d8b507199c26007a250f86e329,Robby Stein
a7a3a3671a41e6918a0f980cae34689a,Elon Musk
a7a3a3671a41e6918a0f980cae34689a,Marc Andreessen
a7a3a3671a41e6918a0f980cae34689a,David Sacks
a7a3a3671a41e6918a0f980cae34689a,Donald Trump
f918c309559444671d753f60e8d309f7,Andrew G. Barto
f918c309559444671d753f60e8d309f7,Richard S. Sutton
f918c309559444671d753f60e8d309f7,Alan Turing
f918c309559444671d753f60e8d309f7,Geoff Hinton
f918c309559444671d753f60e8d309f7,John Hopfield
f918c309559444671d753f60e8d309f7,Demis Hassabis
f918c309559444671d753f60e8d309f7,John Jumper
f918c309559444671d753f60e8d309f7,Yannis Ioannidis
f918c309559444671d753f60e8d309f7,Yann LeCun
f918c309559444671d753f60e8d309f7,Yoshua Bengio
a1b2c3d4e5f6,Oliver Cameron
a1b2c3d4e5f6,Jae Lee
a1b2c3d4e5f6,Jill Chase
a1b2c3d4e5f6,Kanu Gulati
541c5116a2699630325f7995c20450f7,Boris Starkov
541c5116a2699630325f7995c20450f7,Anton Pidkuiko
541c5116a2699630325f7995c20450f7,Marques Brownlee
347298gh4yd92,Sara Beery
347298gh4yd92,Sam Altman
347298gh4yd92,Dario Amodei
347298gh4yd92,Favia Dubyk
347298gh4yd92,Ashique KhudaBukhsh
347298gh4yd92,Lana Sinapayen
144a6325912b9033405f0cf4b484f28c,Sam Altman
31f2a5e89f5e8a793f7819b4d294402112984b7a,Rafizi Ramli
6442ef7958172034768225f5d45fd39f,Lukas Biewald
6442ef7958172034768225f5d45fd39f,Chris Van Pelt
6442ef7958172034768225f5d45fd39f,Shawn Lewis
91cf17ca91c40d2a617a2797fcae7100,Peter Michelson
91cf17ca91c40d2a617a2797fcae7100,Robert Björk
b959d6d73274e3743082218e160f8cf0,Monika Bickert
b91d5437,Vishal Marria
b91d5437,Avid Larizadeh Duggan
3b6a1ca6f82b56a0501266ad19f20c4a,Alec Radford
3b6a1ca6f82b56a0501266ad19f20c4a,Paul Tremblay
3b6a1ca6f82b56a0501266ad19f20c4a,Sarah Silverman
3b6a1ca6f82b56a0501266ad19f20c4a,Michael Chabon
3b6a1ca6f82b56a0501266ad19f20c4a,Dario Amodei
3b6a1ca6f82b56a0501266ad19f20c4a,Benjamin Mann
38d9581118e124b8d3794430190c202734c621af,Elon Musk
38d9581118e124b8d3794430190c202734c621af,Sam Altman
38d9581118e124b8d3794430190c202734c621af,Yvonne Gonzalez Rogers
a6dd0791890533074922a71608e47279,Matt Garman
a6dd0791890533074922a71608e47279,Swami Sivasubramanian
46421878576305763458,Sebastian Siemiatkowski
46421878576305763458,Marc Benioff
66a0a07a9a79b57876a441b8,Donald Trump
66a0a07a9a79b57876a441b8,Marc Andreessen
66a0a07a9a79b57876a441b8,David Sacks
66a0a07a9a79b57876a441b8,Elon Musk
66a0a07a9a79b57876a441b8,J. D. Vance
2f74b897e11e291c1c8652b9317e0d6b,Bret Taylor
2f74b897e11e291c1c8652b9317e0d6b,Anna Stewart
6e5e9c89-6993-4664-a9d1-5d866f129dd9,Chris Andrew
6e5e9c89-6993-4664-a9d1-5d866f129dd9,Robert MacCloy
6e5e9c89-6993-4664-a9d1-5d866f129dd9,Clara Shih
6e5e9c89-6993-4664-a9d1-5d866f129dd9,TJ Parker
6e5e9c89-6993-4664-a9d1-5d866f129dd9,Bryant Chou
e9d7809996476d703d02215bb214c998,Jerry Liu
e9d7809996476d703d02215bb214c998,Simon Suo
1b3f97431011156b8dd47d57d075c165,Arthur Mensch
1b3f97431011156b8dd47d57d075c165,Xavier Niel
2715f5b9881c562e279f18513798a9a1,Elon Musk
2715f5b9881c562e279f18513798a9a1,Geoffrey Hinton
108d1f6d4923525b97f400a89dd99938,Andrej Karpathy
a9c6e11c8f5b08939a2a0a580e610c5b,Ray Kurzweil
a9c6e11c8f5b08939a2a0a580e610c5b,Scott Galloway
a9c6e11c8f5b08939a2a0a580e610c5b,Elon Musk
a9c6e11c8f5b08939a2a0a580e610c5b,Sam Altman
a9c6e11c8f5b08939a2a0a580e610c5b,Jeff Bezos
a9c6e11c8f5b08939a2a0a580e610c5b,Tim Cook
d41d8cd98f00b204e9800998ecf8427e,Scott Wiener
d41d8cd98f00b204e9800998ecf8427e,Gavin Newsom
d41d8cd98f00b204e9800998ecf8427e,J.D. Vance
a954dc587126277c5675b03028a9bb81,Donald Trump
a954dc587126277c5675b03028a9bb81,C. C. Wei
a954dc587126277c5675b03028a9bb81,Daniel Newman
a954dc587126277c5675b03028a9bb81,Howard Lutnick
7f9c2a3b5e1d84c9a6b3f2e1d78a93b2,Arto Yeritsyan
144969795,Kathy Korevec
9f0b8c7a2d3e4f1a6b8d9c2e1a3f5b7d,Vishal Sharma
9f0b8c7a2d3e4f1a6b8d9c2e1a3f5b7d,Elon Musk
a89cc9b66354503f02b699b06d5a535c,Dario Amodei
a89cc9b66354503f02b699b06d5a535c,Mike Krieger
a89cc9b66354503f02b699b06d5a535c,Durk Kingma
a89cc9b66354503f02b699b06d5a535c,Jan Leike
a89cc9b66354503f02b699b06d5a535c,Jack Clark
6197810c6e7f3b7a8b9b6f9d8d3a4b2a,Joe Biden
6197810c6e7f3b7a8b9b6f9d8d3a4b2a,Donald Trump
83f812c0-295b-4d9f-8e4e-d4f4b35b81e8,Conan O'Brien
83f812c0-295b-4d9f-8e4e-d4f4b35b81e8,Dávid Jancsó
83f812c0-295b-4d9f-8e4e-d4f4b35b81e8,Adrien Brody
83f812c0-295b-4d9f-8e4e-d4f4b35b81e8,Felicity Jones
83f812c0-295b-4d9f-8e4e-d4f4b35b81e8,Brady Corbet
83f812c0-295b-4d9f-8e4e-d4f4b35b81e8,Karla Sofía Gascón
83f812c0-295b-4d9f-8e4e-d4f4b35b81e8,Camille
83f812c0-295b-4d9f-8e4e-d4f4b35b81e8,Cyril Holtz
259951db15926c8b17383764d2c949aa,Claudia Nemat
259951db15926c8b17383764d2c949aa,Aravind Srinivas
ea45750b03b158e3571910ff147c852b,Prem Akkaraju
ea45750b03b158e3571910ff147c852b,Eric Schmidt
ea45750b03b158e3571910ff147c852b,Sean Parker
ea45750b03b158e3571910ff147c852b,Emad Mostaque
ea45750b03b158e3571910ff147c852b,James Cameron
93a9ca134e2c8543217a9895b334c6b6,Antti Saarnio
93a9ca134e2c8543217a9895b334c6b6,Sami Pienimäki
6c0e2147d29e661453708ef1c4b1a4aa,Mark Gurman
5ffb2e34b3e1c9e97919f1d03ff5959b,Weber Wong
765021,Jae Lee
765021,Sara Hooker
765021,Oliver Cameron
765021,Kanu Gulati
765021,Jill Chase
765021,Artemis
e53991a4e7682db33224371d328690315c1ef1f8,Oliver Cameron
e53991a4e7682db33224371d328690315c1ef1f8,Jae Lee
e53991a4e7682db33224371d328690315c1ef1f8,Jill Chase
e53991a4e7682db33224371d328690315c1ef1f8,Kanu Gulati
b506a1b0517f89d7b39f09942911a45e,Sam Altman
b506a1b0517f89d7b39f09942911a45e,Arianna Huffington
b506a1b0517f89d7b39f09942911a45e,Daniel Gross
b506a1b0517f89d7b39f09942911a45e,Jeff Bezos
6ca9f2b288a22644b801975c1857a3d3,Sergey Brin
a94ffed9f4c3fba0886d2c9c96bad61f,Ashia Livaudais
a94ffed9f4c3fba0886d2c9c96bad61f,Michael House
17ed44629354e017d8ca4ea1f0c3e328,Rohan Sahai
6d734c608a4329e52e33c854ca1a96f8,Brendan Eich
6d734c608a4329e52e33c854ca1a96f8,Brandon Borrman
6d734c608a4329e52e33c854ca1a96f8,Kenya Friend-Daniel
6c9587f1102e5282a984675795e682c9,Kirsten Korosec
6c9587f1102e5282a984675795e682c9,Max Zeff
6c9587f1102e5282a984675795e682c9,Anthony Ha
6c9587f1102e5282a984675795e682c9,Theresa Loconsolo
424a3efd27678a4bc38d2103f5ce1e00,Kanu Gulati
424a3efd27678a4bc38d2103f5ce1e00,Oliver Cameron
424a3efd27678a4bc38d2103f5ce1e00,Jill Chase
424a3efd27678a4bc38d2103f5ce1e00,Jae Lee
1f99f770a9a9152ff7a702ea3d75a383,Mark Zuckerberg
1f99f770a9a9152ff7a702ea3d75a383,Anne Wojcicki
1f99f770a9a9152ff7a702ea3d75a383,Whitney Wolfe Herd
664561a129596058e9b9293d,Andrew Ng
a1b2c3d4e5f6g7h8i9j0,Sam Altman
a1b2c3d4e5f6g7h8i9j0,Casper Hansen
e90486c328e8a94e6f30f7b77a178d03,Ilya Sutskever
6f2d1e2a2b3c4d5e6f7a8b9c0d1e2f3a,Oliver Cameron
6f2d1e2a2b3c4d5e6f7a8b9c0d1e2f3a,Jae Lee
6f2d1e2a2b3c4d5e6f7a8b9c0d1e2f3a,Jill Chase
6f2d1e2a2b3c4d5e6f7a8b9c0d1e2f3a,Kanu Gulati
80a9313d5c02b0447297b0d82b5892c2,Brett Adcock
1b6e8a795c6a6a2138675a2dd008a72e,James Milin
1b6e8a795c6a6a2138675a2dd008a72e,Erik Brynjolfsson
1b6e8a795c6a6a2138675a2dd008a72e,Andrew McAfee
1b6e8a795c6a6a2138675a2dd008a72e,Daniel Rock
1b6e8a795c6a6a2138675a2dd008a72e,Reid Hoffman
1b6e8a795c6a6a2138675a2dd008a72e,Mira Murati
1b6e8a795c6a6a2138675a2dd008a72e,Jeff Dean
1b6e8a795c6a6a2138675a2dd008a72e,Shaun Johnson
1b6e8a795c6a6a2138675a2dd008a72e,Christopher Manning
123a4b5c6d7e8f901234,Manuel Grenacher
123a4b5c6d7e8f901234,Michelle Heppler
123a4b5c6d7e8f901234,Andreas Hauri
b84a8f1a5f1f4a4b8834c386f6b8059d,Craig Federighi
6f5902ac3b4ff20b138a247c40c118d8,Tim Cook
f4d201a52b776d6141916c8e677338e7,Chris Stott
f4d201a52b776d6141916c8e677338e7,Michael Wu
49a321c4c1735b612416471d322821b4,Jensen Huang
a93f89a92646c4d6967009f994877c33,Daniel Rausch
c8c3997839f87e03e9698b395148012f,Stefano Ermon
c8c3997839f87e03e9698b395148012f,Aditya Grover
c8c3997839f87e03e9698b395148012f,Volodymyr Kuleshov
e5f7b9a0a7b8c2d1e3f4a5b6c7d8e9f0,Eylul Kayin
e5f7b9a0a7b8c2d1e3f4a5b6c7d8e9f0,Mary Ann Azevedo
e5f7b9a0a7b8c2d1e3f4a5b6c7d8e9f0,Theresa Loconsolo
8a97e3046412e3a073496a96c9a102d1,Mati Staniszewski
689b92a7c51a248a011d5d2a8b5a3d1a,Mara Segal
67cf224b89a0a1505498f82e54b9d2d5826064b2,Panos Panay
720963c6873231c199328b7a508697c5,Mara Segal
62a3e61d87f5a2458a55f2462b9999f8,Daniel Rausch
1a11c63433a276709c647f6e82993758,Oliver Cameron
97e7375642c4e70a6d07495e07210024,Ty Dunn
97e7375642c4e70a6d07495e07210024,Nate Sesti
66a42e7e0c5246b1a72d8401,Panos Panay
6b86b273ff34fce19d6b804eff5a3f5747ada4eaa22f1d49c01e52ddb7875b4b,Oliver Cameron
6b86b273ff34fce19d6b804eff5a3f5747ada4eaa22f1d49c01e52ddb7875b4b,Kanu
6b86b273ff34fce19d6b804eff5a3f5747ada4eaa22f1d49c01e52ddb7875b4b,Jill
6b86b273ff34fce19d6b804eff5a3f5747ada4eaa22f1d49c01e52ddb7875b4b,Jae Lee
a3b2c4d5e6f7g8h9i0j1k2l3m4n5o6p7,Matt Millen
a3b2c4d5e6f7g8h9i0j1k2l3m4n5o6p7,Srinath Sridhar
9280685a5f80c40196534928e5888807,Harsh Sahai
3f2a1b5b8e7a9c6d4f1a8e0c7b5a3d2c,Nirav Patel
5b3b9e9d6b9a9c9c9d9a9c9c9d9a9c9c,Kacper Nowicki
5b3b9e9d6b9a9c9c9d9a9c9c9d9a9c9c,Marek Cygan
5b3b9e9d6b9a9c9c9d9a9c9c9d9a9c9c,Tristan d’Orgeval
5b3b9e9d6b9a9c9c9d9a9c9c9d9a9c9c,Bruno Lusic
5b3b9e9d6b9a9c9c9d9a9c9c9d9a9c9c,Kanu Gulati
c2741a54275991805923795a877e739d,Mati Staniszewski
711c323c1f58993982a33c7c437aa30b13a68f18,Ethan Mollick
711c323c1f58993982a33c7c437aa30b13a68f18,Dario Amodei
711c323c1f58993982a33c7c437aa30b13a68f18,Sam Altman
7945c0b7e839cd955ffb69ca4c3a8220,Kelly Graziadei
7945c0b7e839cd955ffb69ca4c3a8220,Joanna Lee Shevelenko
6a390f,Peter Whidden
4d5e9f29a9b44c1a8e129b97a3f4e1a3,Anton Osika
4d5e9f29a9b44c1a8e129b97a3f4e1a3,Fabian Hedin
4d5e9f29a9b44c1a8e129b97a3f4e1a3,Fredrik Cassel
4d5e9f29a9b44c1a8e129b97a3f4e1a3,Charlie Songhurst
4d5e9f29a9b44c1a8e129b97a3f4e1a3,Adam D’Angelo
4d5e9f29a9b44c1a8e129b97a3f4e1a3,Thomas Wolf
4d5e9f29a9b44c1a8e129b97a3f4e1a3,Eric Bernhardsson
4d5e9f29a9b44c1a8e129b97a3f4e1a3,Stephen Hawking
4d5e9f29a9b44c1a8e129b97a3f4e1a3,Garry Tan
47794336,Panos Panay
47794336,Andy Jassy
31e42b947db28134382ca1f56ac0a8b1,Sepehr Fakour
31e42b947db28134382ca1f56ac0a8b1,Ned Cartmell
31e42b947db28134382ca1f56ac0a8b1,Nicolas Dessaigne
31e42b947db28134382ca1f56ac0a8b1,Julien Lemoine
a3f7b8c2d9e4a157b6c3d2e1a8b5f496,Donald Trump
a3f7b8c2d9e4a157b6c3d2e1a8b5f496,Hussain Sajwani
37a78707c3193413b1d55a9868421673,Yann Leger
3f75048e26a6f72733056b586e2e3b41,Eylon Etshtein
3f75048e26a6f72733056b586e2e3b41,Young Sohn
3f75048e26a6f72733056b586e2e3b41,Lior Prosor
a76187a00e7f34b1f2d45348d68d389c,Ryan Salva
6a9698b86df8e2dd7845502931637e01,Kate Bush
6a9698b86df8e2dd7845502931637e01,Imogen Heap
6a9698b86df8e2dd7845502931637e01,Max Richter
6a9698b86df8e2dd7845502931637e01,Thomas Hewitt Jones
6a9698b86df8e2dd7845502931637e01,Annie Lennox
6a9698b86df8e2dd7845502931637e01,Damon Albarn
6a9698b86df8e2dd7845502931637e01,Billy Ocean
6a9698b86df8e2dd7845502931637e01,Ed Newton-Rex
6a9698b86df8e2dd7845502931637e01,Alice Newton-Rex
809c061a1735b6817acdd1625f0f3974,Alexandr Wang
809c061a1735b6817acdd1625f0f3974,Felix Salmon
809c061a1735b6817acdd1625f0f3974,President Trump
e9943c1169f6d51a92f7e378170858ff,Dianne Penn
e9943c1169f6d51a92f7e378170858ff,Sam Altman
27b725530fd603689db58901e8a5094a,Elon Musk
27b725530fd603689db58901e8a5094a,Donald Trump
59691b6a9d4708e49c1c378737f97892,Ryan Petersen
59691b6a9d4708e49c1c378737f97892,Brian Chesky
59691b6a9d4708e49c1c378737f97892,Dave Clark
59691b6a9d4708e49c1c378737f97892,Paul Graham
3b7f1cf59c953a08e88b8d01b6a8d20d,Ben Christensen
3b7f1cf59c953a08e88b8d01b6a8d20d,Marisa Repka
3b7f1cf59c953a08e88b8d01b6a8d20d,Theo Hooker
23d4963cfb6b0912d6e5a73233404a90,Paul Lee
23d4963cfb6b0912d6e5a73233404a90,Arthur Jen
23d4963cfb6b0912d6e5a73233404a90,Eric Lin
23d4963cfb6b0912d6e5a73233404a90,Bob Steinberg
a1b2c3d4e5f6g7h8i9j0,Tim Cook
684e78a31812927905d8dd227a676f2e6a9c1181,Jon Barron
d41d8cd98f00b204e9800998ecf8427e,Drew Barvir
3b9c2e3a1a4b5f7c8d9e0a1b2c3d4e5f,Elon Musk
3b9c2e3a1a4b5f7c8d9e0a1b2c3d4e5f,Donald Trump
3b9c2e3a1a4b5f7c8d9e0a1b2c3d4e5f,Volodymyr Zelenskyy
3b9c2e3a1a4b5f7c8d9e0a1b2c3d4e5f,Igor Babuschkin
5637f3f9b05c3427212614476658616f,Elon Musk
5637f3f9b05c3427212614476658616f,Igor Babuschkin
5637f3f9b05c3427212614476658616f,Nathan Lambert
15a7f705d6779483692808e4428af46e,Joe Biden
15a7f705d6779483692808e4428af46e,Donald Trump
15a7f705d6779483692808e4428af46e,Jason Green-Lowe
2123ea832225481f65315879564e6179,Mira Murati
2123ea832225481f65315879564e6179,John Schulman
2123ea832225481f65315879564e6179,Barret Zoph
2123ea832225481f65315879564e6179,Elon Musk
2123ea832225481f65315879564e6179,Mark Zuckerberg
2123ea832225481f65315879564e6179,Priscilla Chan
6c8f82e948d73c49a91e00e8f171a8a2,Mark Zuckerberg
6c8f82e948d73c49a91e00e8f171a8a2,Melanie Kambadur
6c8f82e948d73c49a91e00e8f171a8a2,Xavier Martinet
6c8f82e948d73c49a91e00e8f171a8a2,Joelle Pineau
6c8f82e948d73c49a91e00e8f171a8a2,Sony Theakanath
6c8f82e948d73c49a91e00e8f171a8a2,Chaya Nayak
6c8f82e948d73c49a91e00e8f171a8a2,Sarah Silverman
6c8f82e948d73c49a91e00e8f171a8a2,Ta-Nehisi Coates
e935e80f87e55d25187968a8468bb2c6,Jensen Huang
e935e80f87e55d25187968a8468bb2c6,Alex Bouzari
15f78148286b42b861a301197694a7a7,Lucas Beyer
hash,Sam Altman
676aa4ed3c9e24d70a25753ef43d3b76,Hoan Ton-That
676aa4ed3c9e24d70a25753ef43d3b76,Hal Lambert
676aa4ed3c9e24d70a25753ef43d3b76,Richard Schwartz
676aa4ed3c9e24d70a25753ef43d3b76,Rudy Giuliani
676aa4ed3c9e24d70a25753ef43d3b76,Charles Johnson
676aa4ed3c9e24d70a25753ef43d3b76,Peter Thiel
676aa4ed3c9e24d70a25753ef43d3b76,Naval Ravikant
d41d8cd98f00b204e9800998ecf8427e,Navkendar Singh
d41d8cd98f00b204e9800998ecf8427e,Sanyam Chaurasia
1a1b2c3d4e5f6g7h8i9j0k,Imran Chaudhri
1a1b2c3d4e5f6g7h8i9j0k,Bethany Bongiorno
1a1b2c3d4e5f6g7h8i9j0k,Andie Adragna
a1b2c3d4e5f6g7h8i9j0k1l2m3n4o5p6,Brett Adcock
54a5e98a506585b32938f3695750a1092a440970,Jason Lopatecki
54a5e98a506585b32938f3695750a1092a440970,Aparna Dhinakaran
3c6192420db4d0543849b675b26969f7,Brendan Foody
3c6192420db4d0543849b675b26969f7,Adarsh Hiremath
3c6192420db4d0543849b675b26969f7,Surya Midha
3c6192420db4d0543849b675b26969f7,Peter Thiel
3c6192420db4d0543849b675b26969f7,Jack Dorsey
3c6192420db4d0543849b675b26969f7,Adam D’Angelo
a4a35e79d0637474732871184224b574,Varun Mohan
a4a35e79d0637474732871184224b574,Douglas Chen
e88555747b9747445773c6749e88c37c11f78672,Teun van den Dries
e88555747b9747445773c6749e88c37c11f78672,Daynan Crull
e88555747b9747445773c6749e88c37c11f78672,Sten Tamkivi
e88555747b9747445773c6749e88c37c11f78672,Kevin Mahaffey
259d82649f5b5e42e954f65136b423d5,Elon Musk
259d82649f5b5e42e954f65136b423d5,Ethan Mollick
259d82649f5b5e42e954f65136b423d5,Mira Murati
6c702c0151a0572355b0bbd62d1a0c32,Sharath Keshava Narayana
6c702c0151a0572355b0bbd62d1a0c32,Maxim Serebryakov
6c702c0151a0572355b0bbd62d1a0c32,Shawn Zhang
6c702c0151a0572355b0bbd62d1a0c32,Andrés Soderi
6f253f429161f10c2e1a1d6f04d8b54e,Emmanuel Macron
1a3b4c7d8e9f0a1b2c3d,Rahul Vohra
a89cb7a453104f16f5429422a8299fb9,Mohsen Asad
a89cb7a453104f16f5429422a8299fb9,Hossein Fariborzi
6f2d4b3a7a6d6b1b0d0a8e8c0c5c1a4a,Saar Yoskovitz
6f2d4b3a7a6d6b1b0d0a8e8c0c5c1a4a,Paul Murphy
6f2d4b3a7a6d6b1b0d0a8e8c0c5c1a4a,Ashish Puri
670ba309d5a7f4c2e12a7b364e41515c,Yoav Einav
670ba309d5a7f4c2e12a7b364e41515c,Dan Sahar
62b361225ca99169a586b169,Bethany Bongiorno
62b361225ca99169a586b169,Imran Chaudhri
2e94786391c25d10c4a5f40313eb7704,Connie Loizos
2e94786391c25d10c4a5f40313eb7704,Alex Gove
3a7d8c9e2b1a4f638d5f70a89c2345b6,Ilya Sutskever
3a7d8c9e2b1a4f638d5f70a89c2345b6,Daniel Levy
3a7d8c9e2b1a4f638d5f70a89c2345b6,Daniel Gross
46b9a428a19f8d6f8867b26468bb1972,Mira Murati
46b9a428a19f8d6f8867b26468bb1972,John Schulman
46b9a428a19f8d6f8867b26468bb1972,Barret Zoph
46b9a428a19f8d6f8867b26468bb1972,Sam Altman
46b9a428a19f8d6f8867b26468bb1972,Ilya Sutskever
629503092431660664,Micha Kaufman
64c98e8730c6e996c87e18e637b4c6ca,Elon Musk
548f7155c97a9b1d0e34105b709120ca,Mark Zuckerberg
6d1cf9680525478a34e4974e47173f8e,Tejas Manohar
6d1cf9680525478a34e4974e47173f8e,Kashish Gupta
6d1cf9680525478a34e4974e47173f8e,Josh Curl
6d1cf9680525478a34e4974e47173f8e,Rajeev Dham
24184000,Max Prilutskiy
24184000,Veronica Prilutskaya
f9a5d67b11c9f2b3e8d4a70a9b5c6a1a,Adam Guthrie
f9a5d67b11c9f2b3e8d4a70a9b5c6a1a,Graham Sills
f9a5d67b11c9f2b3e8d4a70a9b5c6a1a,Mike Lynch
f9a5d67b11c9f2b3e8d4a70a9b5c6a1a,Eleanor Lightbody
3f927a8154cb3ff5920e49a8e51f82f5,Elon Musk
d41d8cd98f00b204e9800998ecf8427e,Stephanos Bibas
d41d8cd98f00b204e9800998ecf8427e,Shubha Ghosh
d41d8cd98f00b204e9800998ecf8427e,Randy McCarthy
d41d8cd98f00b204e9800998ecf8427e,Mark Lezama
2e5e1d3d6f406f1735a0c1b19f367570,Liang Feng
42b922226705a69c4bcf57817a4b181e,Arjun Guha
42b922226705a69c4bcf57817a4b181e,Will Shortz
6a98234ea5e57801034ca55a07e1f92f,Sam Altman
6a98234ea5e57801034ca55a07e1f92f,Elon Musk
6a98234ea5e57801034ca55a07e1f92f,John Schulman
6a98234ea5e57801034ca55a07e1f92f,Mark Zuckerberg
6a98234ea5e57801034ca55a07e1f92f,Miles Brundage
6a98234ea5e57801034ca55a07e1f92f,Dean Ball
66d0e98594bb835b4e48e4a276e096b18e40f5c2,Jan Hajič
66d0e98594bb835b4e48e4a276e096b18e40f5c2,Peter Sarlin
66d0e98594bb835b4e48e4a276e096b18e40f5c2,Anastasia Stasenko
66d0e98594bb835b4e48e4a276e096b18e40f5c2,Andre Martins
66d0e98594bb835b4e48e4a276e096b18e40f5c2,Elon Musk
d41d8cd98f00b204e9800998ecf8427e,Suchir Balaji
d41d8cd98f00b204e9800998ecf8427e,Elon Musk
d41d8cd98f00b204e9800998ecf8427e,Tucker Carlson
d41d8cd98f00b204e9800998ecf8427e,Ro Khanna
6b86b273ff34fce19d6b804eff5a3f5747ada4eaa22f1d49c01e52ddb7875b4b,Mark Gurman
5f85a1f4b181557949b6814557c2a60f,Elon Musk
5f85a1f4b181557949b6814557c2a60f,Eric Hilt
4b9c2903706863e12382532047c83471,Sarah Silverman
4b9c2903706863e12382532047c83471,Ta-Nehisi Coates
4b9c2903706863e12382532047c83471,Sy Choudhury
90b1d75b637a6a92850f728e5b532928,Elon Musk
90b1d75b637a6a92850f728e5b532928,Sam Altman
90b1d75b637a6a92850f728e5b532928,Bret Taylor
90b1d75b637a6a92850f728e5b532928,Ari Emanuel
90b1d75b637a6a92850f728e5b532928,Marc Toberoff
3c5d14b7089c0cd22a5e06618ca0ffc5,Liang Wenfeng
3c5d14b7089c0cd22a5e06618ca0ffc5,Xi Jinping
3c5d14b7089c0cd22a5e06618ca0ffc5,Jack Ma
55f4d3299a8ff3e80780a881,Elon Musk
6a9b7c2d3e4f5a1b8c9d,Marc Whitten
6a9b7c2d3e4f5a1b8c9d,Andrew Bosworth
63d9b8794859d893f09f1c3f28c36583,Caleb Peffer
63d9b8794859d893f09f1c3f28c36583,Nicolas Silberstein Camara
63d9b8794859d893f09f1c3f28c36583,Eric Ciarla
3f779c32973d98046f8a258a574257bc,Elon Musk
3f779c32973d98046f8a258a574257bc,Sam Altman
3f779c32973d98046f8a258a574257bc,Kirsten Korosec
3f779c32973d98046f8a258a574257bc,Max Zeff
3f779c32973d98046f8a258a574257bc,Anthony Ha
3f779c32973d98046f8a258a574257bc,Theresa Loconsolo
47b6cd247100e32068924d842944b50e,Brian Chesky
47b6cd247100e32068924d842944b50e,Ellie Mertz
5400553163e1c4019c101e03ef6e62f6,Henna Virkkunen
5400553163e1c4019c101e03ef6e62f6,JD Vance
4f98a3b9f2a171709f86fd5873225002,Dario Amodei
4f98a3b9f2a171709f86fd5873225002,Ian Hogarth
4f98a3b9f2a171709f86fd5873225002,Peter Kyle
4f98a3b9f2a171709f86fd5873225002,J.D. Vance
240f275a7ca4b58e2e1563153689985b345c4d06,Sam Altman
2d546e8b,Laurentia Romaniuk
2d546e8b,Nick Turley
2d546e8b,Donald Trump
2d546e8b,Elon Musk
2d546e8b,David Sacks
e7472c19a584e98a13b9549711c864b3,Elon Musk
e7472c19a584e98a13b9549711c864b3,Sam Altman
e7472c19a584e98a13b9549711c864b3,Joe Lonsdale
e7472c19a584e98a13b9549711c864b3,Donald Trump
61cae67f420837df0c015518e1124a89,Tim Cook
3489302498,Dario Amodei
3489302498,Romain Dillet
a8644191e0e8986946e569d134e39127,EJ Cho
b8315868c164134057869e24f63d51f8,Joseph Tsai
b8315868c164134057869e24f63d51f8,Tim Cook
b8315868c164134057869e24f63d51f8,Donald Trump
e58c848f097f4d2e82c2a147b4462160,Josh Gartner
87f3aa49f346c65e157a569c17d880e5,Dina Berrada
f7e5b8a2c9b7d6e4a1d8c2f0b3a98765,Naveen Verma
f7e5b8a2c9b7d6e4a1d8c2f0b3a98765,Echere Iroaga
f7e5b8a2c9b7d6e4a1d8c2f0b3a98765,Kailash Gopalakrishnan
f7e5b8a2c9b7d6e4a1d8c2f0b3a98765,Jimmy Kan
d41d8cd98f00b204e9800998ecf8427e,Jeff Cardenas
d41d8cd98f00b204e9800998ecf8427e,Brett Adcock
f94005e487196228e320a0c8e96c3c59,Elon Musk
f94005e487196228e320a0c8e96c3c59,Sam Altman
31e569e662f7c9e85e284a1a969281f5,Sheji Ho
d41d8cd98f00b204e9800998ecf8427e,Simon Kohl
d41d8cd98f00b204e9800998ecf8427e,Aaron Rosenberg
d41d8cd98f00b204e9800998ecf8427e,Jeff Dean
d41d8cd98f00b204e9800998ecf8427e,Aidan Gomez
d41d8cd98f00b204e9800998ecf8427e,Mati Staniszewski
e5b727f02a7759dd288738e050d0e11b,Steve Huffman
e5b727f02a7759dd288738e050d0e11b,Drew Vollero
4a388462b8787946344a8522263c2e0a,Elon Musk
4a388462b8787946344a8522263c2e0a,David Sacks
4a388462b8787946344a8522263c2e0a,Donald Trump
3641bc8e062b08788f14f51794d14740,Garrett Langley
3641bc8e062b08788f14f51794d14740,Geoff Lewis
3641bc8e062b08788f14f51794d14740,Holly Beilin
3641bc8e062b08788f14f51794d14740,David Ulevitch
3641bc8e062b08788f14f51794d14740,Garry Tan
6d6ffef43435f4629647a8d35c784202,Luther Lowe
6d6ffef43435f4629647a8d35c784202,J.D. Vance
6d6ffef43435f4629647a8d35c784202,Donald Trump
49f1ecf0e2f307f7e578a3451c9dd503,Charles Hudson
49f1ecf0e2f307f7e578a3451c9dd503,Chris Gardner
49f1ecf0e2f307f7e578a3451c9dd503,Jahanvi Sardana
49f1ecf0e2f307f7e578a3451c9dd503,Tiffany Luck
49f1ecf0e2f307f7e578a3451c9dd503,Jon McNeill
49f1ecf0e2f307f7e578a3451c9dd503,Cathy Cao
88213a76102932e7557a9d25c831bc00,Lukas Leitner
88213a76102932e7557a9d25c831bc00,Arnaud de la Tour
a3f7b2c9d4e15a8b60c347e9f1b20da1,Sam Altman
a3f7b2c9d4e15a8b60c347e9f1b20da1,Reid Hoffman
a3f7b2c9d4e15a8b60c347e9f1b20da1,Elon Musk
a3f7b2c9d4e15a8b60c347e9f1b20da1,John Elkann
a3f7b2c9d4e15a8b60c347e9f1b20da1,Diyala D’Aveni
a3f7b2c9d4e15a8b60c347e9f1b20da1,Diego Piacentini
a3f7b2c9d4e15a8b60c347e9f1b20da1,Mike Volpi
a3f7b2c9d4e15a8b60c347e9f1b20da1,Jean de La Rochebrochard
,Aileen Lee
,Connie Loizos
5242055763682529995,Elon Musk
5242055763682529995,Marc Whitten
5242055763682529995,Mike Seckler
5242055763682529995,Paul Kesserwanian
5242055763682529995,Paul Aaron
6d46f81cf4a5f175642c447c4e338737,Samir Menon
a8b2c3d4e5f6g7h8i9j0k1l2m3n4o5p6,Oliver Blume
a8b2c3d4e5f6g7h8i9j0k1l2m3n4o5p6,Matt Trevithick
a8b2c3d4e5f6g7h8i9j0k1l2m3n4o5p6,Jens Wiese
f75f2d9e8f9117221b89d9a342b782d6,Zeya Yang
f75f2d9e8f9117221b89d9a342b782d6,Jill Chase
f75f2d9e8f9117221b89d9a342b782d6,Kanu Gulati
76b6b1a19b5d74925b35f613d770f4c6,Nijhad Jamal
76b6b1a19b5d74925b35f613d770f4c6,Morgan DeFoort
7f7f1e7a7c7a4e3e4e3e4e3e4e3e4e3e,Liang Wenfeng
4695c0a5f94b0276c67596e1f7b7a56f,Ryan Hinkle
827ccb0eea8a706c4c34a16891f84e7b,Viktorija Trimbel
827ccb0eea8a706c4c34a16891f84e7b,Linas Idzelis
827ccb0eea8a706c4c34a16891f84e7b,Valerijus Šerelis
2d5b5d5d5a5d5d5d5d5d5d5d5d5d5d5d5d5d5d5d,Meredith Whittaker
2d5b5d5d5a5d5d5d5d5d5d5d5d5d5d5d5d5d5d5d,RJ Scaringe
2d5b5d5d5a5d5d5d5d5d5d5d5d5d5d5d5d5d5d5d,Alan Baratz
2d5b5d5d5a5d5d5d5d5d5d5d5d5d5d5d5d5d5d5d,Cristiano Amon
2d5b5d5d5a5d5d5d5d5d5d5d5d5d5d5d5d5d5d5d,Ben Lamm
2d5b5d5d5a5d5d5d5d5d5d5d5d5d5d5d5d5d5d5d,Rene Haas
4a932d20f61d2e6733877c71b6e64869,Scott Wiener
4a932d20f61d2e6733877c71b6e64869,Kirsten Korosec
4a932d20f61d2e6733877c71b6e64869,Max Zeff
4a932d20f61d2e6733877c71b6e64869,Anthony Ha
4a932d20f61d2e6733877c71b6e64869,Theresa Loconsolo
a1b2c3d4e5f6g7h8i9j0,Mercedes Bent
a1b2c3d4e5f6g7h8i9j0,Sheel Mohnot
a1b2c3d4e5f6g7h8i9j0,Eric Bahn
a1b2c3d4e5f6g7h8i9j0,Rex Salisbury
a1b2c3d4e5f6g7h8i9j0,Addie Lerner Katz
a1b2c3d4e5f6g7h8i9j0,Andy Grove
398c17e4ef7a3a97d6b0674797aa8c2b,Ryan Hinkle
398c17e4ef7a3a97d6b0674797aa8c2b,Julie Bort
6a9b2d3c1e4f5a6b7c8d9e0f1a2b3c4d,Ed Zitron
6a9b2d3c1e4f5a6b7c8d9e0f1a2b3c4d,Elon Musk
6a9b2d3c1e4f5a6b7c8d9e0f1a2b3c4d,Mark Zuckerberg
9578f2a789486e6c72143b5e96f3d8c312f59784,Kevin Rose
9578f2a789486e6c72143b5e96f3d8c312f59784,Alexis Ohanian
9578f2a789486e6c72143b5e96f3d8c312f59784,Justin Mezzell
9578f2a789486e6c72143b5e96f3d8c312f59784,Connie Loizos
3a6c66e579d885a3621e799db7dfb522,Idris Ayo Bello
3a6c66e579d885a3621e799db7dfb522,Marsha Wulff
3a6c66e579d885a3621e799db7dfb522,Michael Oluwagbemi
3a6c66e579d885a3621e799db7dfb522,Mariam Kamel
3a6c66e579d885a3621e799db7dfb522,Kevin Simmons
a2f4e8b7d1c90a3b5e67f8a1b3d2c479,Steve Vassallo
a2f4e8b7d1c90a3b5e67f8a1b3d2c479,Charles Moldow
171b18b907108764771f12c82e76e8d7,Agata Nowicka
988258e28a69245d3aba15c7770f9b40,Deep Nishar
988258e28a69245d3aba15c7770f9b40,Kyle Doherty
988258e28a69245d3aba15c7770f9b40,Adam Valkin
988258e28a69245d3aba15c7770f9b40,Jeannette zu Fürstenberg
988258e28a69245d3aba15c7770f9b40,Neeraj Arora
5b3cf73e38b22e62d8cf50c5e6a62a28,Jae Lee
5b3cf73e38b22e62d8cf50c5e6a62a28,Sara Hooker
5b3cf73e38b22e62d8cf50c5e6a62a28,Oliver Cameron
5b3cf73e38b22e62d8cf50c5e6a62a28,Kanu Gulati
5b3cf73e38b22e62d8cf50c5e6a62a28,Jill Chase
5b3cf73e38b22e62d8cf50c5e6a62a28,Artemis
2558206c279d5a303dd76d770685157f,Oliver Cameron
2558206c279d5a303dd76d770685157f,Jae Lee
2558206c279d5a303dd76d770685157f,Jill Chase
2558206c279d5a303dd76d770685157f,Kanu Gulati
367c6a9a83271d2a5d97c641f172d5c9,Hemant Taneja
367c6a9a83271d2a5d97c641f172d5c9,Neil Sequeira
8a9a2c1c8c3d5b4a9e5d2f7a1b6c5e4d,Kanu Gulati
8a9a2c1c8c3d5b4a9e5d2f7a1b6c5e4d,Oliver Cameron
8a9a2c1c8c3d5b4a9e5d2f7a1b6c5e4d,Jill Chase
8a9a2c1c8c3d5b4a9e5d2f7a1b6c5e4d,Jae Lee
4b93426f08693972714ef77418c0e56a,Mark Zuckerberg
4b93426f08693972714ef77418c0e56a,Anne Wojcicki
4b93426f08693972714ef77418c0e56a,Whitney Wolfe Herd
1a93b3851b2256d76660a198390d7a2c,Roelof Botha
64bcfd4f6102a9092c622e3d678b0b6f,Tahira Dosani
64bcfd4f6102a9092c622e3d678b0b6f,Vikas Raj
a16zhiresformerrepublicancongressmanpatrickmchenryasadvisor,Patrick McHenry
a16zhiresformerrepublicancongressmanpatrickmchenryasadvisor,Gary Gensler
a16zhiresformerrepublicancongressmanpatrickmchenryasadvisor,Brian Quintenz
a16zhiresformerrepublicancongressmanpatrickmchenryasadvisor,Sriram Krishnan
a16zhiresformerrepublicancongressmanpatrickmchenryasadvisor,Scott Kupor
a16zhiresformerrepublicancongressmanpatrickmchenryasadvisor,Jamie Sullivan
a16zhiresformerrepublicancongressmanpatrickmchenryasadvisor,Daniel Penny
4189b76c,Anu Sharma
4189b76c,Melinda French Gates
a97e148b2d4704a19b02096b289423e493b39f0,Chris Farmer
a97e148b2d4704a19b02096b289423e493b39f0,Connie Loizos
97963356736034285711191597315829077769,Oliver Cameron
97963356736034285711191597315829077769,Kanu
97963356736034285711191597315829077769,Jill
97963356736034285711191597315829077769,Jae Lee
67c6d2b9551ef955b80b9226a79231bb,Kelly Graziadei
67c6d2b9551ef955b80b9226a79231bb,Joanna Lee Shevelenko
e5d06080683f5485121b475c186d49d43023a311,Irina Hemmers
62c9b0d33d1771cf26b14473c650d7b9,Vinod Khosla
62c9b0d33d1771cf26b14473c650d7b9,Keith Rabois
711e958393fbb62c712a186e74f5134e,Andrew Williamson
a1b2c3d4e5f6g7h8i9j0k1l2m3n4o5p6,Mira Murati
a1b2c3d4e5f6g7h8i9j0k1l2m3n4o5p6,Ilya Sutskever
a1b2c3d4e5f6g7h8i9j0k1l2m3n4o5p6,Saar Yoskovitz
a1b2c3d4e5f6g7h8i9j0k1l2m3n4o5p6,Colin Walsh
a1b2c3d4e5f6g7h8i9j0k1l2m3n4o5p6,Marc Andreessen
a1b2c3d4e5f6,Jeremy Jonker
a1b2c3d4e5f6,Jay Ganatra
a1b2c3d4e5f6,Mario Ruiz
a1b2c3d4e5f6,Jake Gibson
a1b2c3d4e5f6,Sheel Mohnot
a1b2c3d4e5f6,Nik Milanović
a1b2c3d4e5f6,Lizzie (Guynn) Hartley
a1b2c3d4e5f6,Nigel Morris
83cf3f59979c6d530a2a5e6c35ef6c279e0a6e07,Anamitra Banerji
83cf3f59979c6d530a2a5e6c35ef6c279e0a6e07,Gaurav Jain
5b300106a8757e3253422b898568e228,Stacy Brown-Philpot
5b300106a8757e3253422b898568e228,Melinda French Gates
5b300106a8757e3253422b898568e228,Reid Hoffman
5b300106a8757e3253422b898568e228,Mellody Hobson
5b300106a8757e3253422b898568e228,Sheryl Sandberg
4a7d0e4f1a163e191091e1c928d1e420,Jessica Kamada
83b2b26e03b5434a7b801b346942f54a,Megan Lightcap
83b2b26e03b5434a7b801b346942f54a,Rebecca Bellan
603393,Chris Gibson
603393,David Bearss
39668d8a7959354a3f326811649ca9ed,Connie Loizos
39668d8a7959354a3f326811649ca9ed,Alex Gove
d41d8cd98f00b204e9800998ecf8427e,Marc Andreessen
35e00e4c73333f584431772216ef5d82,Miriam Rivera
c84c2f332f0a25d8a55f5733ddc32e48,Riley Testut
d457935c23c35988a121ef348d816089,Dave Citron
28b12b936c44a19c327f01352a9a58f0,Donald Trump
e578c94690271c3e5ca139615a23080c,Riley Testut
4604b592850e9b33f0d87bb6d47d3a0d,Dave Citron
39e9ea47169a595c3a59a3e8570816aa,Jae Lee
39e9ea47169a595c3a59a3e8570816aa,Oliver Cameron
39e9ea47169a595c3a59a3e8570816aa,Kanu Gulati
9070e0f251f980f916b8e472110e624a,Sergey Budkovski
87b92b827c89e6324d0a6e904e1c9759,Zeb Evans
57f33d75d8911a5094170994b0e75f5d,Elon Musk
57f33d75d8911a5094170994b0e75f5d,Mark Zuckerberg
57f33d75d8911a5094170994b0e75f5d,Neil Potts
57f33d75d8911a5094170994b0e75f5d,Rachel Lambert
57f33d75d8911a5094170994b0e75f5d,Joe Rogan
4372905,Andrew Rogozov
4372905,Pavel Durov
a52a20286873a06f279b73711fc17370,Sudhin Mathur
a1b2c3d4e5f6g7h8i9j0,Rashida Tlaib
a1b2c3d4e5f6g7h8i9j0,Jamaal Bowman
a1b2c3d4e5f6g7h8i9j0,Olivier Godement
a1b2c3d4e5f6g7h8i9j0,Sam Altman
668f1e96b8115416e245000f0252eb83,Donald Trump
2e86a6946458a98281f859611c17e65a,Mike McCue
2e86a6946458a98281f859611c17e65a,Donald Trump
2e86a6946458a98281f859611c17e65a,Elon Musk
a7a174208848f4d0173f39f9281087f4,Frank McCourt
a7a174208848f4d0173f39f9281087f4,Jesse Tinsley
a7a174208848f4d0173f39f9281087f4,Angelo Zino
a7a174208848f4d0173f39f9281087f4,Elon Musk
a7a174208848f4d0173f39f9281087f4,Joe Biden
a7a174208848f4d0173f39f9281087f4,Donald Trump
e5a8e3d1619049ca9d0a67f604199302,Donald Trump
e5a8e3d1619049ca9d0a67f604199302,Frank McCourt
e5a8e3d1619049ca9d0a67f604199302,Alexis Ohanian
e5a8e3d1619049ca9d0a67f604199302,Kevin O’Leary
e5a8e3d1619049ca9d0a67f604199302,Jesse Tinsley
e5a8e3d1619049ca9d0a67f604199302,Bobby Kotick
1a0c886a00e2243e40b38f8628388113840459c9,Dean Ball
1a0c886a00e2243e40b38f8628388113840459c9,Yichao “Peak” Ji
1a0c886a00e2243e40b38f8628388113840459c9,Alexander Doria
63ca7e21b198a9cb922c8995d33fa21c,Mark Zuckerberg
4f93890d85213f24b5d4ed680a2081a4,Elon Musk
4f93890d85213f24b5d4ed680a2081a4,Adam Mosseri
4f93890d85213f24b5d4ed680a2081a4,Rob Sherman
8e4830709269147c730198e1f778831a,Riley Testut
6198b9a505b435f75657b53c1e83f360,Dave Citron
2cf24dba5fb0a30e26e83b2ac5b9e29e1b161e5c1fa7425e73043362938b9824,Robby Stein
b8a44a53869ff9a7097878d1a9c809b6993f50b4,Teresa Ribera
b8a44a53869ff9a7097878d1a9c809b6993f50b4,Henna Virkkunen
b8a44a53869ff9a7097878d1a9c809b6993f50b4,Trump
a1b2c3d4e5f6g7h8i9j0,Andy Dunn
a1b2c3d4e5f6g7h8i9j0,Samir Mahafzah
a1b2c3d4e5f6g7h8i9j0,Sam Stubbs
42c8c55e2624b3a79a3860284ff8a6c2,Elena Churilova
42c8c55e2624b3a79a3860284ff8a6c2,Lina Saleh
42c8c55e2624b3a79a3860284ff8a6c2,Greta Anderson
42c8c55e2624b3a79a3860284ff8a6c2,Barney Hussey-Yeo
65f820401537347c67766d58,Alexis Ohanian
65f820401537347c67766d58,Frank McCourt
65f820401537347c67766d58,Jesse Tinsley
65f820401537347c67766d58,Bobby Kotick
65f820401537347c67766d58,Donald Trump
83a46d37b93d254182914711a4738f4e,Meredith Whittaker
83a46d37b93d254182914711a4738f4e,Rejo Zenger
83a46d37b93d254182914711a4738f4e,Vincent Böhre
83a46d37b93d254182914711a4738f4e,Donald Trump
83a46d37b93d254182914711a4738f4e,Elon Musk
68e358887c2c3429a9605ffb485ffb36,Mark Gurman
5b36e848777f96584b29,Nikita Bier
5b36e848777f96584b29,Brian Thompson
5b36e848777f96584b29,Andrew Frame
5b36e848777f96584b29,Balaji Srinivasan
5b36e848777f96584b29,Kerry KingBrown
1b698a6c953a10b6f677489e37f6918f,Sebastian Vogelsang
6107e48a990089912c8a6699,Kanu Gulati
6107e48a990089912c8a6699,Oliver Cameron
6107e48a990089912c8a6699,Jill Chase
6107e48a990089912c8a6699,Jae Lee
a2d4b6c8e1f0a3b7c9d8e7f6a5b4c3d2,Jeff Teper
a2d4b6c8e1f0a3b7c9d8e7f6a5b4c3d2,Amit Fulay
61cae393557f87a9d7c64d5c2d9c8939,Mark Zuckerberg
61cae393557f87a9d7c64d5c2d9c8939,Anne Wojcicki
61cae393557f87a9d7c64d5c2d9c8939,Whitney Wolfe Herd
123e4567-e89b-12d3-a456-426614174000,Mark Zuckerberg
123e4567-e89b-12d3-a456-426614174000,Andrew Bosworth
23c6735f1b467b7524ff70168c21635e,Dan Clancy
a9c48d2a77e955b26d8c1c11b9944e60,Oliver Cameron
a9c48d2a77e955b26d8c1c11b9944e60,Jae Lee
a9c48d2a77e955b26d8c1c11b9944e60,Jill Chase
a9c48d2a77e955b26d8c1c11b9944e60,Kanu Gulati
638b4ecf3a89846c3638638b,Cody Puckett
71a0a8e76d74e3b753a3e7b0271c75c6,Riley Testut
398c7f76d41f54a734a31d2566898435,Dave Citron
6e8b4a98d9c6123a,Adam Mosseri
d41d8cd98f00b204e9800998ecf8427e,Craig Federighi
13af46b3618a98f804743bd71b176cc5c1557440,Mara Segal
661468f2913122e981e71b15e1955503,Oliver Cameron
661468f2913122e981e71b15e1955503,Kanu
661468f2913122e981e71b15e1955503,Jill
661468f2913122e981e71b15e1955503,Jae Lee
a98a15f1f707a28f895937f84c415c56,Naveen Tewari
99a9f8d4e7c8a1b9c7b6a4e3f2a1d5c8,Mati Staniszewski
a88911547fd50f04e1d397c26885946a,Charlie Chapman
c4ca4238a0b923820dcc509a6f75849b,Joanna Czajka
f716516f2b69e4a6a9714587642d9a89,Anton Osika
f716516f2b69e4a6a9714587642d9a89,Fabian Hedin
f716516f2b69e4a6a9714587642d9a89,Fredrik Cassel
f716516f2b69e4a6a9714587642d9a89,Charlie Songhurst
f716516f2b69e4a6a9714587642d9a89,Adam D’Angelo
f716516f2b69e4a6a9714587642d9a89,Thomas Wolf
f716516f2b69e4a6a9714587642d9a89,Eric Bernhardsson
f716516f2b69e4a6a9714587642d9a89,Garry Tan
f716516f2b69e4a6a9714587642d9a89,Stephen Hawking
d41d8cd98f00b204e9800998ecf8427e,Shambhavi Kadam
6a58a02600d8f7f5415db61b24a03b76,Eric Migicovsky
6a58a02600d8f7f5415db61b24a03b76,Kishan Bagaria
a1b2c3d4e5f6g7h8i9j0,Elon Musk
a25c91b26b33f1b07f2a46b736371e28,Elon Musk
a25c91b26b33f1b07f2a46b736371e28,Donald Trump
d41d8cd98f00b204e9800998ecf8427e,Riley Testut
89bd1f97e7c6f57f69c60d8163e0d542,Dave Citron
3c9a57e93b154a438d72d41c413477f4,Donald Trump
a1b2c3d4e5f6,Bahram Ismailau
a1b2c3d4e5f6,Paul Rudkouski
a1b2c3d4e5f6,Jean de La Rochebrochard
a1b2c3d4e5f6,Greg Tkachenko
a1b2c3d4e5f6,Dima Shvets
a1b2c3d4e5f6,Andrei Tkachenka
a1b2c3d4e5f6,Chi-Hua Chien
6c81deda572c0319702f1e4352091663,Mark Zuckerberg
6c81deda572c0319702f1e4352091663,Donald Trump
7178c179b7086f597c51db50f1d0656e,JENNIE
7178c179b7086f597c51db50f1d0656e,Doechii
827e1e8931bb153263b7d8ca04c7f489,Elon Musk
827e1e8931bb153263b7d8ca04c7f489,President Trump
827ccb0eea8a706c4c34a16891f84e7b,Lidiane Jones
827ccb0eea8a706c4c34a16891f84e7b,Whitney Wolfe Herd
e4ca4294a051cf007a8c5e936d633f5f,Rahul Vohra
651066d1a251f81c41a44785b7846b6a,Amanda DeLuca
651066d1a251f81c41a44785b7846b6a,Natasha Sharma
a1b2c3d4e5f6,Luis von Ahn
a1b2c3d4e5f6,Elon Musk
8e6b7a3c9d2f1e4a5b3c8d7e2a1b0a9c,Max Prilutskiy
8e6b7a3c9d2f1e4a5b3c8d7e2a1b0a9c,Veronica Prilutskaya
e7ebec872472c04490bd6c41047d0c4e,Elon Musk
e717107c30c875b7279d401f41c75f8d,Riley Testut
2f8b46a5b3c4d7e0f9a2c1b3d6e7f8a9,Dave Citron
3a379e1c6e39f3171c4df1378a91b4e9,Sarfraz Maredia
e86d40c36167236c562a8151f774f325,Adam Mosseri
e86d40c36167236c562a8151f774f325,Alessandro Paluzzi
4d9a8f0a5e6b3c1a7b2f8e4c6d3a2b1,Laurentia Romaniuk
4d9a8f0a5e6b3c1a7b2f8e4c6d3a2b1,Nick Turley
4d9a8f0a5e6b3c1a7b2f8e4c6d3a2b1,Donald Trump
4d9a8f0a5e6b3c1a7b2f8e4c6d3a2b1,Elon Musk
4d9a8f0a5e6b3c1a7b2f8e4c6d3a2b1,David Sacks
d41d8cd98f00b204e9800998ecf8427e,Elon Musk
d41d8cd98f00b204e9800998ecf8427e,Donald Trump
d41d8cd98f00b204e9800998ecf8427e,Jack Dorsey
27b408c32a300576125093903a9068e0,Steve Huffman
27b408c32a300576125093903a9068e0,Drew Vollero
a1b2c3d4e5f6g7h8i9j0,Brendan Iribe
c6b5f2a3d4e769b15a82cd98c3339321,Garrett Langley
c6b5f2a3d4e769b15a82cd98c3339321,Geoff Lewis
c6b5f2a3d4e769b15a82cd98c3339321,Holly Beilin
c6b5f2a3d4e769b15a82cd98c3339321,David Ulevitch
c6b5f2a3d4e769b15a82cd98c3339321,Garry Tan
e98c9b5d8e878e31792b6a7f0a3e8691,Joe Hollier
a1b2c3d4e5f6g7h8i9j0k1l2m3n4o5p6,Eva Herget
f7c9a41674737a7b67e8f1a739a49b1c,Charles Hudson
f7c9a41674737a7b67e8f1a739a49b1c,Chris Gardner
f7c9a41674737a7b67e8f1a739a49b1c,Jahanvi Sardana
f7c9a41674737a7b67e8f1a739a49b1c,Tiffany Luck
f7c9a41674737a7b67e8f1a739a49b1c,Jon McNeill
f7c9a41674737a7b67e8f1a739a49b1c,Cathy Cao
454e0914f8f98959cc64b310f22a6697,Jae Lee
454e0914f8f98959cc64b310f22a6697,Oliver Cameron
454e0914f8f98959cc64b310f22a6697,Kanu Gulati
81c3ae82ca66f0a82a5a26267e4e308e,Colin Zima
2c4d8f7a9e3b5c298a7b6d1e0f2a3b4c,Yair Adato
2c4d8f7a9e3b5c298a7b6d1e0f2a3b4c,Assa Eldar
61767d975042ea649933800f027717e3,Dario Amodei
66247307,Marc Lore
a975cf0299b75913d08163edb10ef9aa,Donald Trump Jr.
a975cf0299b75913d08163edb10ef9aa,Omeed Malik
a975cf0299b75913d08163edb10ef9aa,Rebekah Mercer
a975cf0299b75913d08163edb10ef9aa,Charlie Kirk
a975cf0299b75913d08163edb10ef9aa,Clay Travis
a975cf0299b75913d08163edb10ef9aa,Marc Andreessen
a975cf0299b75913d08163edb10ef9aa,Tucker Carlson
a975cf0299b75913d08163edb10ef9aa,Elon Musk
a975cf0299b75913d08163edb10ef9aa,Eric Trump
89b2a980b86b3624307a70c8f27f248c,Elon Musk
89b2a980b86b3624307a70c8f27f248c,Marc Whitten
89b2a980b86b3624307a70c8f27f248c,Mike Seckler
89b2a980b86b3624307a70c8f27f248c,Paul Kesserwaniann
89b2a980b86b3624307a70c8f27f248c,Paul Aaron
d41d8cd98f00b204e9800998ecf8427e,Robert Lange
d41d8cd98f00b204e9800998ecf8427e,Matthew Guzdial
d41d8cd98f00b204e9800998ecf8427e,Mike Cook
6607a6155c7b3642f62981c6,Chris Weaver
6607a6155c7b3642f62981c6,Yuhong Sun
6607a6155c7b3642f62981c6,Gokul Rajaram
6607a6155c7b3642f62981c6,Arash Ferdowsi
6607a6155c7b3642f62981c6,Amit Agarwal
2f994d8995306095058e4d2345c1631e,Ian Hogarth
2f994d8995306095058e4d2345c1631e,Harry Stebbings
2f994d8995306095058e4d2345c1631e,Victor Riparbelli
2f994d8995306095058e4d2345c1631e,Mati Staniszewski
2f994d8995306095058e4d2345c1631e,Rina Onur Sirinoglu
66b6a,Nathan Labat
b94523f01e80d03c92a34ff3f912705a,Elliot Wolf
b94523f01e80d03c92a34ff3f912705a,Dick Wolf
b94523f01e80d03c92a34ff3f912705a,Andrew Adashek
b94523f01e80d03c92a34ff3f912705a,Noah Rosenberg
b94523f01e80d03c92a34ff3f912705a,Jimmy Iovine
b94523f01e80d03c92a34ff3f912705a,Paul Wachter
b94523f01e80d03c92a34ff3f912705a,Ashton Kutcher
b94523f01e80d03c92a34ff3f912705a,will.i.am
27a9d28b7241c8259b7892e77c3e522e,Sachin Santhosh
27a9d28b7241c8259b7892e77c3e522e,Salil Srivastava
27a9d28b7241c8259b7892e77c3e522e,Dheeraj Dhingra
1b8993d9738e5c8127955e7803475b14a08b22d2,Christoph Schröder
1b8993d9738e5c8127955e7803475b14a08b22d2,Sebastian Casu
17ef6c8d741543d2c2a686e7908026a1,Ryan Breslow
4052e851f6d5b0137995a352078b2f96,Mark Cuban
1c50d39195e5329b9f5b048a1162e9a0,Sal Rehmetullah
1c50d39195e5329b9f5b048a1162e9a0,Suneera Madhani
1c50d39195e5329b9f5b048a1162e9a0,Neil Kapur
2d9430538cf5702fd3f4b42f1c1f701e,Oliver Blume
2d9430538cf5702fd3f4b42f1c1f701e,Matt Trevithick
2d9430538cf5702fd3f4b42f1c1f701e,Jens Wiese
e64b98a1d54c3a5c3e2f3b9026789abc,Zeya Yang
e64b98a1d54c3a5c3e2f3b9026789abc,Jill Chase
e64b98a1d54c3a5c3e2f3b9026789abc,Kanu Gulati
5a4d8e9c6e2b3a1f4a2b1c8a,Raghunandan G
6c8d2e9f1a1b4c5d8e9f0a1b2c3d4e5f,Riya Shanmugam
6c8d2e9f1a1b4c5d8e9f0a1b2c3d4e5f,Selva Kumaraswamy
6c8d2e9f1a1b4c5d8e9f0a1b2c3d4e5f,Ravi Ramaraju
6c8d2e9f1a1b4c5d8e9f0a1b2c3d4e5f,Tushar Phondge
6c8d2e9f1a1b4c5d8e9f0a1b2c3d4e5f,Dan Goodin
649a8807d91d809351204c8821f73f32,Benjamin Stanzl
493d0858509f5156f59f01c20f537731,Antonio Velasco Echeverry
65cfc2e1a819b52b6814a83b,Christian Allouche
602e61a0e004e41c3b9619a347618bb1,Raunak Bhinge
5e491e817246b15675384d42e5e1e8b1c4c554f2,Eric Schmidt
5e491e817246b15675384d42e5e1e8b1c4c554f2,Tim Ellis
5e491e817246b15675384d42e5e1e8b1c4c554f2,Sergey Brin
5e491e817246b15675384d42e5e1e8b1c4c554f2,Larry Page
5e491e817246b15675384d42e5e1e8b1c4c554f2,Mark Cuban
e59c819f090102f139f580a417a85800,Frank McCourt
e59c819f090102f139f580a417a85800,Tim Berners-Lee
e59c819f090102f139f580a417a85800,John Bruce
e59c819f090102f139f580a417a85800,Paul Allen
77b54a0e9d7e681a1a68459c5b1e7a39,Ben Lamm
77b54a0e9d7e681a1a68459c5b1e7a39,Joe Manganiello
77b54a0e9d7e681a1a68459c5b1e7a39,George Church
86d939356580466776852c21a4c942a6,Tammy Nam
86d939356580466776852c21a4c942a6,Dan Oros
86d939356580466776852c21a4c942a6,Eva Arh
787a99418041915b3e658b5d1ceec5e2,Meredith Whittaker
787a99418041915b3e658b5d1ceec5e2,RJ Scaringe
787a99418041915b3e658b5d1ceec5e2,Alan Baratz
787a99418041915b3e658b5d1ceec5e2,Cristiano Amon
787a99418041915b3e658b5d1ceec5e2,Ben Lamm
787a99418041915b3e658b5d1ceec5e2,Rene Haas
a30a012c3a501db1a07f471f21e8a6a7,Ryan Breslow
a30a012c3a501db1a07f471f21e8a6a7,Ethan Thornton
a30a012c3a501db1a07f471f21e8a6a7,Ed Zitron
e85626933c0a19d4051a504b10a001302f9044bb,Scott Wiener
e85626933c0a19d4051a504b10a001302f9044bb,Kirsten Korosec
e85626933c0a19d4051a504b10a001302f9044bb,Max Zeff
e85626933c0a19d4051a504b10a001302f9044bb,Anthony Ha
38a0a0a52ef5294924c7c0754a1e1c48b6510b0a,Larry Page
38a0a0a52ef5294924c7c0754a1e1c48b6510b0a,Chris Anderson
e7a5f4c2,Joe Osborne
e7a5f4c2,Alexandr Wang
e7a5f4c2,Michael Kratsios
e7a5f4c2,Donald Trump
e7a5f4c2,Michael Petersen
2cf24dba5fb0a30e26e83b2ac5b9e29e1b161e5c1fa7425e73043362938b9824,Arthur Mensch
2cf24dba5fb0a30e26e83b2ac5b9e29e1b161e5c1fa7425e73043362938b9824,Timothée Lacroix
2cf24dba5fb0a30e26e83b2ac5b9e29e1b161e5c1fa7425e73043362938b9824,Guillaume Lample
2cf24dba5fb0a30e26e83b2ac5b9e29e1b161e5c1fa7425e73043362938b9824,Emmanuel Macron
2cf24dba5fb0a30e26e83b2ac5b9e29e1b161e5c1fa7425e73043362938b9824,Jean-Charles Samuelian-Werve
2cf24dba5fb0a30e26e83b2ac5b9e29e1b161e5c1fa7425e73043362938b9824,Charles Gorintin
2cf24dba5fb0a30e26e83b2ac5b9e29e1b161e5c1fa7425e73043362938b9824,Cédric O
469c0f62d88615a75b84e2f3a85c8239,Charles Migos
469c0f62d88615a75b84e2f3a85c8239,Bharat Vasan
469c0f62d88615a75b84e2f3a85c8239,Philip Metschan
841a192088503e3e5c08068e583b9f21,Logan Kilpatrick
841a192088503e3e5c08068e583b9f21,Sara Hooker
841a192088503e3e5c08068e583b9f21,Jae Lee
34c5b98b3b15b88c93022b0748353d1b,Jonathan Siddharth
34c5b98b3b15b88c93022b0748353d1b,Sumir Chadha
2c0d303b8d7f622efd345a8a8c12f41c,Jan-Hendrik Boelens
2c0d303b8d7f622efd345a8a8c12f41c,Joe Lonsdale
827ccb0eea8a706c4c34a16891f84e7b,Amit Bendov
78c8dd51,Jan Witowski
78c8dd51,Krzysztof Geras
78c8dd51,Yann LeCun
78c8dd51,Reid Hoffman
64b035270894e91678532f1e84862288,Ryan Breslow
64b035270894e91678532f1e84862288,Justin Grooms
64b035270894e91678532f1e84862288,Maju Kuruvilla
e5b9f53c4393c7a00a501b64e2461e0c,Anna Patterson
e5b9f53c4393c7a00a501b64e2461e0c,Tom Costello
63e37f513d12a0363c6e25440e36217c,Ryan Hinkle
63e37f513d12a0363c6e25440e36217c,Julie Bort
d46480181c13281989741436f3b34c2d,Ed Zitron
d46480181c13281989741436f3b34c2d,Elon Musk
d46480181c13281989741436f3b34c2d,Mark Zuckerberg
668a59a392b54378107a72efb11cdb86,Oliver Cameron
668a59a392b54378107a72efb11cdb86,Jae Lee
668a59a392b54378107a72efb11cdb86,Jill Chase
668a59a392b54378107a72efb11cdb86,Kanu Gulati
6a193f97917545f892d35e725731f0f4,Jacob Nathan
b4011a8f83831c114181b3163d4d2836,Joe Lonsdale
2e860638939395e33dbb1b5a1333648b,Joseph Sanberg
2e860638939395e33dbb1b5a1333648b,Ibrahim AlHusseini
2e860638939395e33dbb1b5a1333648b,Orlando Bloom
2e860638939395e33dbb1b5a1333648b,Leonardo DiCaprio
2e860638939395e33dbb1b5a1333648b,Robert Downey Jr.
2e860638939395e33dbb1b5a1333648b,Drake
2e860638939395e33dbb1b5a1333648b,Doc Rivers
f49b0e9d9833379a75f8b324519169e3,Agata Nowicka
86f2c950b6a1a474e009572141dd62c2,Jerry Liu
86f2c950b6a1a474e009572141dd62c2,Simon Suo
a9488f75f6b17ca92d33463c79c39804,Ethan Thornton
a9488f75f6b17ca92d33463c79c39804,Stephanie Zhan
a9488f75f6b17ca92d33463c79c39804,Shaun Maguire
a9488f75f6b17ca92d33463c79c39804,Geoff Lewis
a9488f75f6b17ca92d33463c79c39804,Palmer Luckey
a9488f75f6b17ca92d33463c79c39804,Peterson Conway
f1a2b3c4d5e6f7a8b9c0d1e2f3a4b5c6,Matthijs Rijlaarsdam
a5b8d2e7f9c3a1b624d5e8a0b7c9d6f1,Valentin Rota
a5b8d2e7f9c3a1b624d5e8a0b7c9d6f1,Zukui Hu
a5b8d2e7f9c3a1b624d5e8a0b7c9d6f1,Guillaume Mancini
a5b8d2e7f9c3a1b624d5e8a0b7c9d6f1,Paul Bazin
615b02c799a8a945a1f073bf75b0d90f,Eric Glyman
6f2c2a3d1b4e8c7a9f6d5e3c2b1a0987,Mike Krieger
6f2c2a3d1b4e8c7a9f6d5e3c2b1a0987,Durk Kingma
6f2c2a3d1b4e8c7a9f6d5e3c2b1a0987,Jan Leike
6f2c2a3d1b4e8c7a9f6d5e3c2b1a0987,Dario Amodei
6f2c2a3d1b4e8c7a9f6d5e3c2b1a0987,Jack Clark
b0b6954d07d999999d7e1c8433c1d6a165f470d160004e8b98568d1ffcc815e2,Eric Glyman
f77180d39c9636a68244167d7999bc3c,Gleb Braverman
f77180d39c9636a68244167d7999bc3c,Bill Gurley
f77180d39c9636a68244167d7999bc3c,Alberto Scherb
e5136f325405010fc660b53f987752f719c1f264,Glenn Weinstein
e5136f325405010fc660b53f987752f719c1f264,Alan Carson
e5136f325405010fc660b53f987752f719c1f264,Lee Skillen
6a362d82208a88447736340f84d50781,Weber Wong
814a7533a7775803c2f7efaa282e6d5a,Jae Lee
814a7533a7775803c2f7efaa282e6d5a,Sara Hooker
814a7533a7775803c2f7efaa282e6d5a,Oliver Cameron
814a7533a7775803c2f7efaa282e6d5a,Kanu Gulati
814a7533a7775803c2f7efaa282e6d5a,Jill Chase
814a7533a7775803c2f7efaa282e6d5a,Artemis
6490a0018661f35c0709f9cfc00e7171,Oliver Cameron
6490a0018661f35c0709f9cfc00e7171,Jae Lee
6490a0018661f35c0709f9cfc00e7171,Jill Chase
6490a0018661f35c0709f9cfc00e7171,Kanu Gulati
6f956b14-915b-479b-a8a7-d0c41e9928f0,Sam Altman
6f956b14-915b-479b-a8a7-d0c41e9928f0,Arianna Huffington
6f956b14-915b-479b-a8a7-d0c41e9928f0,Daniel Gross
6f956b14-915b-479b-a8a7-d0c41e9928f0,Jeff Bezos
89cf72c1a436ca9477bc8fd096010f46827f404f,Ashia Livaudais
89cf72c1a436ca9477bc8fd096010f46827f404f,Michael House
3e66a7b168a7a1a56925f1755c71b473,Peter Attia
3e66a7b168a7a1a56925f1755c71b473,John Hering
3e66a7b168a7a1a56925f1755c71b473,Elon Musk
3e66a7b168a7a1a56925f1755c71b473,Alexander Tamas
3e66a7b168a7a1a56925f1755c71b473,Michael Doney
3e66a7b168a7a1a56925f1755c71b473,Balaji Srinivasan
3e66a7b168a7a1a56925f1755c71b473,Sam Altman
2c6c78a54f374436a4a98899f7157fa7,Kirsten Korosec
2c6c78a54f374436a4a98899f7157fa7,Max Zeff
2c6c78a54f374436a4a98899f7157fa7,Anthony Ha
2c6c78a54f374436a4a98899f7157fa7,Theresa Loconsolo
8f9e2b3a1c4e5d7a6b8c9d0e1f2a3b4c,Kanu Gulati
8f9e2b3a1c4e5d7a6b8c9d0e1f2a3b4c,Oliver Cameron
8f9e2b3a1c4e5d7a6b8c9d0e1f2a3b4c,Jill Chase
8f9e2b3a1c4e5d7a6b8c9d0e1f2a3b4c,Jae Lee
24a4e3a7f17800f759b9a1f047310490,Mark Zuckerberg
24a4e3a7f17800f759b9a1f047310490,Anne Wojcicki
24a4e3a7f17800f759b9a1f047310490,Whitney Wolfe Herd
284a4dd8d6b8f11b4b9d0c3367c78a74,Andrew Ng
2a0cf7847a2c08430a3452d374b3b7d3a5854207,Oliver Cameron
2a0cf7847a2c08430a3452d374b3b7d3a5854207,Jae Lee
2a0cf7847a2c08430a3452d374b3b7d3a5854207,Jill Chase
2a0cf7847a2c08430a3452d374b3b7d3a5854207,Kanu Gulati
657df71b1d22926271f100e5671e5521,Helen Hastings
657df71b1d22926271f100e5671e5521,Elad Gil
8a4c8a3a8f4b9c9a8d5f6e7b4a3c2d1e,James Milin
8a4c8a3a8f4b9c9a8d5f6e7b4a3c2d1e,Erik Brynjolfsson
8a4c8a3a8f4b9c9a8d5f6e7b4a3c2d1e,Andrew McAfee
8a4c8a3a8f4b9c9a8d5f6e7b4a3c2d1e,Daniel Rock
8a4c8a3a8f4b9c9a8d5f6e7b4a3c2d1e,Reid Hoffman
8a4c8a3a8f4b9c9a8d5f6e7b4a3c2d1e,Mira Murati
8a4c8a3a8f4b9c9a8d5f6e7b4a3c2d1e,Jeff Dean
8a4c8a3a8f4b9c9a8d5f6e7b4a3c2d1e,Shaun Johnson
8a4c8a3a8f4b9c9a8d5f6e7b4a3c2d1e,Christopher Manning
3b098c11875ef8f1d9b1a473363a018c,Lucas Young
3b098c11875ef8f1d9b1a473363a018c,Thomas Li
3b098c11875ef8f1d9b1a473363a018c,Vladlen Koltun
58c1a953313c8e740f9f60565703a383,Ross Nichols
58c1a953313c8e740f9f60565703a383,James Tootell
58c1a953313c8e740f9f60565703a383,Simon Rogerson
58c1a953313c8e740f9f60565703a383,Chris Hulatt
c5b742c127a9f331f4385d08313d1a73,Maximilian Eber
c5b742c127a9f331f4385d08313d1a73,Maik Taro Wehmeyer
c5b742c127a9f331f4385d08313d1a73,Larry Summers
3a49b7a65c7a93a8cbdb93f6884783146022f235,Anu Sharma
3a49b7a65c7a93a8cbdb93f6884783146022f235,Melinda French Gates
5f68801f17a2c6f07e6c7047718a99a1,Stefano Ermon
5f68801f17a2c6f07e6c7047718a99a1,Aditya Grover
5f68801f17a2c6f07e6c7047718a99a1,Volodymyr Kuleshov
26e4b50548493f5969a29f27f33e0c0b,Eylul Kayin
26e4b50548493f5969a29f27f33e0c0b,Mary Ann Azevedo
26e4b50548493f5969a29f27f33e0c0b,Theresa Loconsolo
63e4b11b7657938655644b8e09687b14,Oliver Cameron
c200b3e6c7fe458e34457948e10b719f,Ty Dunn
c200b3e6c7fe458e34457948e10b719f,Nate Sesti
778e2e9b11426e22f2426b72cc240a5a,Marcelo Lutz
778e2e9b11426e22f2426b72cc240a5a,Roberto Biselli
778e2e9b11426e22f2426b72cc240a5a,Carlos Costa
778e2e9b11426e22f2426b72cc240a5a,Mike Packer
778e2e9b11426e22f2426b72cc240a5a,Sergio Furio
4f45a8a2c509b7365393b567a8910ff7,Oliver Cameron
4f45a8a2c509b7365393b567a8910ff7,Kanu
4f45a8a2c509b7365393b567a8910ff7,Jill
4f45a8a2c509b7365393b567a8910ff7,Jae Lee
5dd6a5d97373805b66f8a408a58914f7,Harley Sugarman
6f374a5d8e7a3c2b1d9f5e8c0a2b7d6e,Matt Millen
6f374a5d8e7a3c2b1d9f5e8c0a2b7d6e,Srinath Sridhar
a8f5b3c7e9d2a1b4c6f8e3d2a1b4c6f8e3d2a1b4,Harsh Sahai
1cae55973f1505378c96cf3d005c345b,Kushal Mohta
1cae55973f1505378c96cf3d005c345b,Vivaan Baid
1cae55973f1505378c96cf3d005c345b,Eoghan McCabe
4059704f6b50b0d780e8d98c9e60a073,Sepehr Fakour
4059704f6b50b0d780e8d98c9e60a073,Ned Cartmell
4059704f6b50b0d780e8d98c9e60a073,Nicolas Dessaigne
4059704f6b50b0d780e8d98c9e60a073,Julien Lemoine
69f5b03b52e95994015290342f496828,Lauren Foster
69f5b03b52e95994015290342f496828,Jocelyn Wessels
69f5b03b52e95994015290342f496828,Jake Prigoff
708676253,Yann Leger
2b6922d0361e24989873515d330d4e68,Irina Hemmers
98a7f152474f4683979b31b5867f728a,Paul Lee
98a7f152474f4683979b31b5867f728a,Arthur Jen
98a7f152474f4683979b31b5867f728a,Eric Lin
98a7f152474f4683979b31b5867f728a,Bob Steinberg
a7163b2c4f40697039c6142dd281f1b3,Larry Ellison
a7163b2c4f40697039c6142dd281f1b3,David Agus
6b86b273ff34fce19d6b804eff5a3f5747ada4eaa22f1d49c01e52ddb7875b4b,Drew Barvir
8438312c2d4c100616e1a7305a627a50,Charlie Javice
3e86e52f7b506f3494d4a49a5912f6b4,Crystal Brown
3e86e52f7b506f3494d4a49a5912f6b4,Joe Deangelo
3e86e52f7b506f3494d4a49a5912f6b4,William Grenawitzke
3e86e52f7b506f3494d4a49a5912f6b4,Nia Batts
3e86e52f7b506f3494d4a49a5912f6b4,Dug Song
4921847219487491283,Steph Curry
4921847219487491283,Jack Dorsey
4921847219487491283,Peter Thiel
6b86b273ff34fce19d6b804eff5a3f5747ada4eaa22f1d49c01e52ddb7875b4b,Hoan Ton-That
6b86b273ff34fce19d6b804eff5a3f5747ada4eaa22f1d49c01e52ddb7875b4b,Hal Lambert
6b86b273ff34fce19d6b804eff5a3f5747ada4eaa22f1d49c01e52ddb7875b4b,Richard Schwartz
6b86b273ff34fce19d6b804eff5a3f5747ada4eaa22f1d49c01e52ddb7875b4b,Rudy Giuliani
6b86b273ff34fce19d6b804eff5a3f5747ada4eaa22f1d49c01e52ddb7875b4b,Charles Johnson
6b86b273ff34fce19d6b804eff5a3f5747ada4eaa22f1d49c01e52ddb7875b4b,Peter Thiel
6b86b273ff34fce19d6b804eff5a3f5747ada4eaa22f1d49c01e52ddb7875b4b,Naval Ravikant
d41d8cd98f00b204e9800998ecf8427e,Jason Lopatecki
d41d8cd98f00b204e9800998ecf8427e,Aparna Dhinakaran
559c62474cfb65576298ca0375c6a307,Varun Mohan
559c62474cfb65576298ca0375c6a307,Douglas Chen
saronicraises600mtomass-produceautonomouswarships,Dino Mavrookas
saronicraises600mtomass-produceautonomouswarships,Elad Gil
2515ce5f298fd9c436720c20584237eb,Claire Tomkins
b0744e1d9268519119272045dd186224,Sharath Keshava Narayana
b0744e1d9268519119272045dd186224,Maxim Serebryakov
b0744e1d9268519119272045dd186224,Shawn Zhang
b0744e1d9268519119272045dd186224,Andrés Soderi
f9f93a7b0d477e31e1a15e6d1c689609,Emmanuel Macron
577b84d4093d9e719e6b1c32867bc984,Megan Lightcap
577b84d4093d9e719e6b1c32867bc984,Rebecca Bellan
7f4d473658d8531978c63d8918d0602b,Yoav Einav
7f4d473658d8531978c63d8918d0602b,Dan Sahar
61ca3c69e8f1c37b08c3255f87f8b7a1,Ilya Sutskever
61ca3c69e8f1c37b08c3255f87f8b7a1,Daniel Levy
61ca3c69e8f1c37b08c3255f87f8b7a1,Daniel Gross
a9f2e64f8718dd76e1e68ff06d162060,Mira Murati
a9f2e64f8718dd76e1e68ff06d162060,John Schulman
a9f2e64f8718dd76e1e68ff06d162060,Barret Zoph
a9f2e64f8718dd76e1e68ff06d162060,Sam Altman
a9f2e64f8718dd76e1e68ff06d162060,Ilya Sutskever
7a3b8c2d1e4f5a6b7c8d9e0f1a2b3c4d,Matthew Iommi
7a3b8c2d1e4f5a6b7c8d9e0f1a2b3c4d,Justin Rath
7a3b8c2d1e4f5a6b7c8d9e0f1a2b3c4d,Mark Cuban
6a562781b2756e2b023c125a66123c08,Tejas Manohar
6a562781b2756e2b023c125a66123c08,Kashish Gupta
6a562781b2756e2b023c125a66123c08,Josh Curl
6a562781b2756e2b023c125a66123c08,Rajeev Dham
a27c4cf094f4b139843247d144d893a0,Max Prilutskiy
a27c4cf094f4b139843247d144d893a0,Veronica Prilutskaya
d41d8cd98f00b204e9800998ecf8427e,Adam Guthrie
d41d8cd98f00b204e9800998ecf8427e,Graham Sills
d41d8cd98f00b204e9800998ecf8427e,Mike Lynch
d41d8cd98f00b204e9800998ecf8427e,Eleanor Lightbody
3a44958d77dae426d0c24846c16643d1,Ula Rustamova
3a44958d77dae426d0c24846c16643d1,Irene Jia
3a44958d77dae426d0c24846c16643d1,Philip Kneis
683e2edd75f960a4655e269379061cae,Sophie Silver
683e2edd75f960a4655e269379061cae,Christian Silver
683e2edd75f960a4655e269379061cae,Liam Don
64a45f2d8fa6e7d8851e2c84c2c87981,Elon Musk
64a45f2d8fa6e7d8851e2c84c2c87981,Eric Hilt
6c8e9c36a3f83a465a8147c86236d8e3,Brett Adcock
419ae82c597c5e05c9ca9560f490110e,Nick Einhorn
419ae82c597c5e05c9ca9560f490110e,Mark McClain
6f9143,Elon Musk
a7f8b9c2d1e5a4b3c8d7e6f5a4b3c2d1,Peter Thiel
a7f8b9c2d1e5a4b3c8d7e6f5a4b3c2d1,Sheel Mohnot
a7f8b9c2d1e5a4b3c8d7e6f5a4b3c2d1,Mary Ann Azevedo
8175027234979061806869403702870729572,Elon Musk
8175027234979061806869403702870729572,Sam Altman
8175027234979061806869403702870729572,Kirsten Korosec
8175027234979061806869403702870729572,Max Zeff
8175027234979061806869403702870729572,Anthony Ha
b6c8a4998834f2263f0165409827c2f9,Nick Budden
6a1380d6638d597843270f08ff6ef208,EJ Cho
a261f9711524dd5b077f5f7f590a3e9a,Pam Bondi
b2992b39f611b69209c7c6ca0a376e92,Daniel Ek
b2992b39f611b69209c7c6ca0a376e92,Gundbert Scherf
b2992b39f611b69209c7c6ca0a376e92,Niklas Köhler
b2992b39f611b69209c7c6ca0a376e92,Donald Trump
b2992b39f611b69209c7c6ca0a376e92,Vladimir Putin
21c77449f413f2782e5b7b10f3a8cf4f,Dara Khosrowshahi
47139f1f89457786b607d920a7407889,Jeff Cardenas
47139f1f89457786b607d920a7407889,Brett Adcock
