article_id,products
5e9d8c1a2b3f47689d6a543c12345678,Maya
5e9d8c1a2b3f47689d6a543c12345678,CSM-1B
5e9d8c1a2b3f47689d6a543c12345678,SoundStream
5e9d8c1a2b3f47689d6a543c12345678,Encodec
5e9d8c1a2b3f47689d6a543c12345678,Llama
f78314ff467375e94572e09878b712931d9cf9dd,R1 reasoning model
30a808a913095329294d843c6a070c323f6c4b24,Gemini
30a808a913095329294d843c6a070c323f6c4b24,Gemini Advanced
30a808a913095329294d843c6a070c323f6c4b24,Gemini 2.0 Flash Thinking Experimental
30a808a913095329294d843c6a070c323f6c4b24,Google Search
30a808a913095329294d843c6a070c323f6c4b24,Google Photos
30a808a913095329294d843c6a070c323f6c4b24,YouTube
30a808a913095329294d843c6a070c323f6c4b24,ChatGPT
30a808a913095329294d843c6a070c323f6c4b24,Alexa
a1b2c3d4e5f6,ChatGPT
79f34f89f74815f47a52b924e65c6d60,Copilot for Gaming
79f34f89f74815f47a52b924e65c6d60,SIMA
79f34f89f74815f47a52b924e65c6d60,Aloy
94557829e7c486e88cf1c5414d2c9c87,UiPath Platform
94557829e7c486e88cf1c5414d2c9c87,Peak decision-making AI
94557829e7c486e88cf1c5414d2c9c87,RPA
6b86b273ff34fce19d6b804eff5a3f5747ada4eaa22f1d49c01e52ddb7875b4b,Nvidia chips
6b86b273ff34fce19d6b804eff5a3f5747ada4eaa22f1d49c01e52ddb7875b4b,Server computers
87b7d559168308f4b2b1507c6233a2f2,Image Generators
87b7d559168308f4b2b1507c6233a2f2,Fine-tuning API
87b7d559168308f4b2b1507c6233a2f2,Photoshop
87b7d559168308f4b2b1507c6233a2f2,Figma
3684238acb445ca540e7739c05904ff072206939,Arc B580 graphics card
3684238acb445ca540e7739c05904ff072206939,Falcon Shores AI chip
8f77a9965a6131ef18d4a9f9c97c9384,Blackwell Ultra
8f77a9965a6131ef18d4a9f9c97c9384,Rubin chip architecture
5f6a7b8c9d2e1a3456789012,Blackwell B300
5f6a7b8c9d2e1a3456789012,Blackwell Ultra
5f6a7b8c9d2e1a3456789012,Rubin
5f6a7b8c9d2e1a3456789012,Rubin Ultra
276922e6f27a68e5b4cf12e412ca320ca55b327d,Gemini Robotics
276922e6f27a68e5b4cf12e412ca320ca55b327d,Gemini Robotics-ER
276922e6f27a68e5b4cf12e412ca320ca55b327d,Asimov
5b3151c89a87a807e448068e1787958b,Browser Use
5b3151c89a87a807e448068e1787958b,Manus
58b1930480837a7989d3916a9346598a,Dapr
58b1930480837a7989d3916a9346598a,Dapr Agents
58b1930480837a7989d3916a9346598a,Floki
58b1930480837a7989d3916a9346598a,AWS Bedrock
58b1930480837a7989d3916a9346598a,OpenAI
58b1930480837a7989d3916a9346598a,Anthropic
58b1930480837a7989d3916a9346598a,Mistral
58b1930480837a7989d3916a9346598a,Hugging Face
6f265e3b1843c87dd9a509349468b6c5,The AI Scientist-v2
8c98393135385a3b0f41b34b6a68b428,AI Video Lenses
8c98393135385a3b0f41b34b6a68b428,Snapchat Platinum
60379,Marey
60379,Sora
60379,Adobe Stock
a2e2a18a9a8584844090c92197f441c2,Onyx
a2e2a18a9a8584844090c92197f441c2,Kiki
e724b1057d92311c11989d8d67a85a63,Automated Security Validation
551d21449684367b6c88042cb9710f84,Public Eye
551d21449684367b6c88042cb9710f84,Gemini
6a82a3c61790c29e4dd481c03919f132,Llama
68f97a217fd9c2605137e47e34f25239,Agentforce
68f97a217fd9c2605137e47e34f25239,Einstein
68f97a217fd9c2605137e47e34f25239,Service Cloud
68f97a217fd9c2605137e47e34f25239,Data Cloud
a91c2a0d69190446ff81f304536f4dd8,Elea AI operating system
3a5a64a38f469c83b6f4a44515e8b08b462575a8,In-house AI Training Chips
3a5a64a38f469c83b6f4a44515e8b08b462575a8,Nvidia GPUs
28f039a96e76171b5ca6c0325f542446,AI-powered products
28f039a96e76171b5ca6c0325f542446,Assistive coding tools
9783682a6c3e451b8b62a900b10654a5,Flower Intelligence
9783682a6c3e451b8b62a900b10654a5,Thunderbird
9783682a6c3e451b8b62a900b10654a5,Assist
42b31b266308941c31860a2d189a36b1,Responses API
42b31b266308941c31860a2d189a36b1,Agents SDK
42b31b266308941c31860a2d189a36b1,ChatGPT
42b31b266308941c31860a2d189a36b1,Operator
42b31b266308941c31860a2d189a36b1,GPT-4o search
42b31b266308941c31860a2d189a36b1,GPT-4o mini search
42b31b266308941c31860a2d189a36b1,Assistants API
a79447503b948141ff3f7149806579af,Perplexity
a79447503b948141ff3f7149806579af,Anthropic Claude
a79447503b948141ff3f7149806579af,ChatGPT
a79447503b948141ff3f7149806579af,Gemini
b6d84a496f1c480f365b13274c5dd0783038044a,LeRobot
b6d84a496f1c480f365b13274c5dd0783038044a,Learning to Drive (L2D)
a6c8b29d3e910a8b7a6c,Sola Platform
a6c8b29d3e910a8b7a6c,AWS Network Security app
4710f2c245a2982e8e8b894a21b678e3,AI assistant for radiologists
4710f2c245a2982e8e8b894a21b678e3,AI-powered MRI analysis
4710f2c245a2982e8e8b894a21b678e3,Bone trauma interpretation product
4710f2c245a2982e8e8b894a21b678e3,Chest X-ray analysis software
4710f2c245a2982e8e8b894a21b678e3,Orthopedic measurement software
4710f2c245a2982e8e8b894a21b678e3,Bone age measurement software
4710f2c245a2982e8e8b894a21b678e3,Mammography product
a6429e7b8f548242262e6247f44f25c2089237c2d9f9991492a5a15e7d9b856a,Blackwell
a6429e7b8f548242262e6247f44f25c2089237c2d9f9991492a5a15e7d9b856a,MAI
a913c3010c56a675d0548614a7b66514,Poolside AI-powered software development platform
8b75e0044923e29e663e99546bb98f9b,Gmail
8b75e0044923e29e663e99546bb98f9b,Google Calendar
8b75e0044923e29e663e99546bb98f9b,Gemini
8b75e0044923e29e663e99546bb98f9b,Google Workspace
6a790ce,Lil Miquela
6a790ce,Amelia 2.0
6a411f24a7d189869291b008a187a843e1b930ff,Descript
6a411f24a7d189869291b008a187a843e1b930ff,ElevenLabs
6a411f24a7d189869291b008a187a843e1b930ff,Lovo
6a411f24a7d189869291b008a187a843e1b930ff,PlayHT
6a411f24a7d189869291b008a187a843e1b930ff,Resemble AI
6a411f24a7d189869291b008a187a843e1b930ff,Speechify
64701f71d5d7a782433bb75812a801e9,Copilot
64701f71d5d7a782433bb75812a801e9,Muse
64701f71d5d7a782433bb75812a801e9,Minecraft
64701f71d5d7a782433bb75812a801e9,Babylon.js
64701f71d5d7a782433bb75812a801e9,three.js
64701f71d5d7a782433bb75812a801e9,Unity
7a9d5e2b1a3c8f0d46e8b5a7c2d3491c,Moveworks AI assistant
7a9d5e2b1a3c8f0d46e8b5a7c2d3491c,ServiceNow AI solutions
7a9d5e2b1a3c8f0d46e8b5a7c2d3491c,Cuein conversation data analysis platform
663116695b2a7,Manus
663116695b2a7,Claude
663116695b2a7,Qwen
663116695b2a7,Deep Research
663116695b2a7,Operator
323e41f1556935900b85669049487d5b,Creatopy
644b684ead94b2515640e2cf4a9c19a1,Siri
644b684ead94b2515640e2cf4a9c19a1,Apple Intelligence
644b684ead94b2515640e2cf4a9c19a1,Apple Smart Home Hub
25a3b9c7e1f4d2a86b3c04d5a7b8f6,Chrome
25a3b9c7e1f4d2a86b3c04d5a7b8f6,Android
4433e983c5b8a1b4c67a06434811e60e,Llama AI models
663888c7b3b48e0f5e653ffb713095a3,Cursor
663888c7b3b48e0f5e653ffb713095a3,Windsurf
31a835955e7efdd37700e21e850131d2,Waymo One
31a835955e7efdd37700e21e850131d2,Uber App
31a835955e7efdd37700e21e850131d2,Google Maps
31a835955e7efdd37700e21e850131d2,ChatGPT
31a835955e7efdd37700e21e850131d2,Cadillac OPTIQ
31a835955e7efdd37700e21e850131d2,Cadillac VISTIQ
31a835955e7efdd37700e21e850131d2,Dolby Atmos
31a835955e7efdd37700e21e850131d2,Amazon Music
31a835955e7efdd37700e21e850131d2,Google Assistant
31a835955e7efdd37700e21e850131d2,Google Play
f7d9a8c1b2e34567890123456789abcd,Microsoft Copilot
f7d9a8c1b2e34567890123456789abcd,MAI
f7d9a8c1b2e34567890123456789abcd,o1
e5b7d8c29f27a9a2f4a3b5c8a7e8d0e2,Waymo on Uber
29b22a514f1f762a924115f1a988a274,Gemini Embedding
29b22a514f1f762a924115f1a988a274,text-embedding-004
d41d8cd98f00b204e9800998ecf8427e,Grok
d41d8cd98f00b204e9800998ecf8427e,Tesla Batteries
d41d8cd98f00b204e9800998ecf8427e,Nvidia GPUs
8f843c2b3a2a7f3a2e9f6e93b9c3b7a6,Siri
8f843c2b3a2a7f3a2e9f6e93b9c3b7a6,Apple Intelligence
8f843c2b3a2a7f3a2e9f6e93b9c3b7a6,ChatGPT
d41d8cd98f00b204e9800998ecf8427e,ChatGPT
d41d8cd98f00b204e9800998ecf8427e,AI companion mobile apps
e4ca4ea88d400a1144e7797219699b8a,DeepSeek Coder
e4ca4ea88d400a1144e7797219699b8a,DeepSeek LLM
e4ca4ea88d400a1144e7797219699b8a,DeepSeek Chat
e4ca4ea88d400a1144e7797219699b8a,DeepSeek-V2
e4ca4ea88d400a1144e7797219699b8a,DeepSeek-V3
e4ca4ea88d400a1144e7797219699b8a,R1 reasoning model
e4ca4ea88d400a1144e7797219699b8a,GPT-4o
e4ca4ea88d400a1144e7797219699b8a,Llama
4d5b9a1a7b3c2e1f8a9d4c6b8a5e3f2g,Google Calendar
4d5b9a1a7b3c2e1f8a9d4c6b8a5e3f2g,Gemini
4d5b9a1a7b3c2e1f8a9d4c6b8a5e3f2g,Gmail
4d5b9a1a7b3c2e1f8a9d4c6b8a5e3f2g,Google Drive
4d5b9a1a7b3c2e1f8a9d4c6b8a5e3f2g,Docs
4d5b9a1a7b3c2e1f8a9d4c6b8a5e3f2g,Sheets
4d5b9a1a7b3c2e1f8a9d4c6b8a5e3f2g,Slides
4d5b9a1a7b3c2e1f8a9d4c6b8a5e3f2g,Chat
61a9a03d2f56e0c3f2c7c1e873e98c62,ChatGPT
61a9a03d2f56e0c3f2c7c1e873e98c62,Meta AI
2f791b5b1d9016037bb32a043f0cfc748cf63f57,Llama 4
2f791b5b1d9016037bb32a043f0cfc748cf63f57,ChatGPT Voice Mode
2f791b5b1d9016037bb32a043f0cfc748cf63f57,Gemini Live
65326b23-2052-4444-8b58-17f712915393,Grok
65326b23-2052-4444-8b58-17f712915393,Meta AI
65326b23-2052-4444-8b58-17f712915393,Llama
698d51a19d8a812aa05413e5c16c347c,Claude Code
d41d8cd98f00b204e9800998ecf8427e,ChatGPT
d41d8cd98f00b204e9800998ecf8427e,GPT-4o
d41d8cd98f00b204e9800998ecf8427e,Advanced Voice Mode
2165729527,Machine Hallucinations — ISS Dreams — A
61a56e9e4b91f8864d2af02633237977,ChatGPT
61a56e9e4b91f8864d2af02633237977,Xcode
61a56e9e4b91f8864d2af02633237977,VS Code
61a56e9e4b91f8864d2af02633237977,JetBrains
61a56e9e4b91f8864d2af02633237977,GitHub Copilot
47e211262f6b743d9c7f0060f53302b2,Le Chat
47e211262f6b743d9c7f0060f53302b2,Mistral OCR
47e211262f6b743d9c7f0060f53302b2,Mistral NeMo
47e211262f6b743d9c7f0060f53302b2,Azure
2f97e5241965e0a80b61737f1a7144e4,ChatGPT
2f97e5241965e0a80b61737f1a7144e4,GPT-2
2f97e5241965e0a80b61737f1a7144e4,R1
68f68a1a729084428f2198cb6979fd5b,Mistral OCR
68f68a1a729084428f2198cb6979fd5b,ChatGPT
68f68a1a729084428f2198cb6979fd5b,Le Chat
68f68a1a729084428f2198cb6979fd5b,GPT-4o
a1446d7a73a22f988ff56a9c7d897574,Intangible 3D Studio
6a9b7c2d8e3f1a4b5c6d,Duck.ai
6a9b7c2d8e3f1a4b5c6d,ChatGPT
6a9b7c2d8e3f1a4b5c6d,Llama 3.3
6a9b7c2d8e3f1a4b5c6d,o3-mini
6a9b7c2d8e3f1a4b5c6d,Small 3
d41d8cd98f00b204e9800998ecf8427e,AI-powered auto scan technology
d41d8cd98f00b204e9800998ecf8427e,AI quality assurance system
4b56e461d3a3a49a8ca815ef565c6813d96f83a9722a152bc755a8b9e2a1c23a,Google Gemini
a1b2c3d4e5f6g7h8i9j0,Claude 3
a1b2c3d4e5f6g7h8i9j0,Nvidia H20
9421a414b7b38b1e369487e46828860a,Voice Engine
9421a414b7b38b1e369487e46828860a,ChatGPT Voice Mode
55c2b9401004a69e83c65987352245d3,Crogl AI platform
a1b2c3d4e5f6g7h8i9j0,Aya Vision
a1b2c3d4e5f6g7h8i9j0,Orion
a1b2c3d4e5f6g7h8i9j0,Sonnet 3.7
a1b2c3d4e5f6g7h8i9j0,Grok 3
a1b2c3d4e5f6g7h8i9j0,Deep Research
a1b2c3d4e5f6g7h8i9j0,Le Chat
a1b2c3d4e5f6g7h8i9j0,Operator
a1b2c3d4e5f6g7h8i9j0,Gemini
a1b2c3d4e5f6g7h8i9j0,R1
a1b2c3d4e5f6g7h8i9j0,Deep Research
a1b2c3d4e5f6g7h8i9j0,Llama
a1b2c3d4e5f6g7h8i9j0,Sora
a1b2c3d4e5f6g7h8i9j0,GPT 4o-mini
a1b2c3d4e5f6g7h8i9j0,Command R+
a1b2c3d4e5f6g7h8i9j0,Aurora
f1d923b9f1b86a95f590335e59e3e256,Cursor
2a35a058163f0203786e6d83a9127229,X-Ray Recaps
2a35a058163f0203786e6d83a9127229,Dialogue Boost
7963134249497799406798525626424643849,AI Agents
3f644bc6e2205891e1f0524f135c6f0b,iOS 18.4
3f644bc6e2205891e1f0524f135c6f0b,Apple Intelligence
3f644bc6e2205891e1f0524f135c6f0b,Gemini AI
6357c5cf0a8d9105412c7e6a33a2b114,GPT-4.5
6357c5cf0a8d9105412c7e6a33a2b114,ChatGPT
d45225d32b8f3d4b36532e70c2d4d74c402709b0,Blackwell
d45225d32b8f3d4b36532e70c2d4d74c402709b0,AI-specific cloud service
d45225d32b8f3d4b36532e70c2d4d74c402709b0,Kubernetes
5b3d80d8b507199c26007a250f86e329,AI Mode
5b3d80d8b507199c26007a250f86e329,Google Search
5b3d80d8b507199c26007a250f86e329,Gemini 2.0
5b3d80d8b507199c26007a250f86e329,AI Overviews
f918c309559444671d753f60e8d309f7,AlphaGo
f918c309559444671d753f60e8d309f7,R1 reasoning model
f918c309559444671d753f60e8d309f7,AlphaFold
d4b304d621c7c4b5619b03b71579953a,Vision Match
d4b304d621c7c4b5619b03b71579953a,Google Shopping
d4b304d621c7c4b5619b03b71579953a,AR Beauty
d4b304d621c7c4b5619b03b71579953a,Virtual Try-On
541c5116a2699630325f7995c20450f7,GibberLink
541c5116a2699630325f7995c20450f7,GGWave
347298gh4yd92,AI co-scientist
347298gh4yd92,GNoME
144a6325912b9033405f0cf4b484f28c,Azure OpenAI Service
144a6325912b9033405f0cf4b484f28c,Copilot
144a6325912b9033405f0cf4b484f28c,GitHub Copilot
31f2a5e89f5e8a793f7819b4d294402112984b7a,ARM Chip Designs
31f2a5e89f5e8a793f7819b4d294402112984b7a,GPUs
91cf17ca91c40d2a617a2797fcae7100,Blackwell cluster
b959d6d73274e3743082218e160f8cf0,DeepFace
b959d6d73274e3743082218e160f8cf0,Video selfie verification
b91d5437,Quantexa Platform
b91d5437,Microsoft Fabric
b91d5437,Azure Marketplace
3b6a1ca6f82b56a0501266ad19f20c4a,ChatGPT
3b6a1ca6f82b56a0501266ad19f20c4a,GPT
3b6a1ca6f82b56a0501266ad19f20c4a,Whisper
3b6a1ca6f82b56a0501266ad19f20c4a,DALL-E
38d9581118e124b8d3794430190c202734c621af,ChatGPT
a6dd0791890533074922a71608e47279,Alexa+
46421878576305763458,ChatGPT
46421878576305763458,Salesforce CRM
46421878576305763458,Neo4j
3648efca3b80a99081a26f3a44420ff1,Nova
3648efca3b80a99081a26f3a44420ff1,GPT-3
3648efca3b80a99081a26f3a44420ff1,Claude 3
3648efca3b80a99081a26f3a44420ff1,DeepSeek R1
66a0a07a9a79b57876a441b8,Gemini
66a0a07a9a79b57876a441b8,ChatGPT
66a0a07a9a79b57876a441b8,Claude
66a0a07a9a79b57876a441b8,Meta AI
66a0a07a9a79b57876a441b8,Claude 3.7 Sonnet
2f74b897e11e291c1c8652b9317e0d6b,Customer service AI agents
2f74b897e11e291c1c8652b9317e0d6b,AI code assistant Cursor
89a7c2456e5d3b7f1e2a9d0b3c478f9,Aya Vision 32B
89a7c2456e5d3b7f1e2a9d0b3c478f9,Aya Vision 8B
89a7c2456e5d3b7f1e2a9d0b3c478f9,Llama-3.2 90B Vision
89a7c2456e5d3b7f1e2a9d0b3c478f9,AyaVisionBench
5b3ca8971c56c74a74011c250d9e0268,ChatGPT Edu
5b3ca8971c56c74a74011c250d9e0268,OpenAI API
6e5e9c89-6993-4664-a9d1-5d866f129dd9,ChatGPT
6e5e9c89-6993-4664-a9d1-5d866f129dd9,Gemini
6e5e9c89-6993-4664-a9d1-5d866f129dd9,Siri
6e5e9c89-6993-4664-a9d1-5d866f129dd9,Google AI Overviews
6e5e9c89-6993-4664-a9d1-5d866f129dd9,Scrunch AI platform
e9d7809996476d703d02215bb214c998,LlamaIndex
e9d7809996476d703d02215bb214c998,LlamaCloud
e9d7809996476d703d02215bb214c998,LlamaParse
1b3f97431011156b8dd47d57d075c165,Le Chat
1b3f97431011156b8dd47d57d075c165,Le Chat Pro
108d1f6d4923525b97f400a89dd99938,Claude 3.7
108d1f6d4923525b97f400a89dd99938,Claude 3.5
108d1f6d4923525b97f400a89dd99938,Gemini 1.5 Pro
108d1f6d4923525b97f400a89dd99938,GPT-4
108d1f6d4923525b97f400a89dd99938,GamingAgent
7a80832d3676b2f53ad002c3e500943c,Gemini Live
7a80832d3676b2f53ad002c3e500943c,ChatGPT Advanced Voice Mode
8062a802f54f4586b01b791e4036d53f,Blackwell GPUs
a954dc587126277c5675b03028a9bb81,AI Chips
6f25c1546c7e2d07f351335c6c51c16a,SpeciesNet
6f25c1546c7e2d07f351335c6c51c16a,Wildlife Insights
6f25c1546c7e2d07f351335c6c51c16a,PyTorch Wildlife
7f9c2a3b5e1d84c9a6b3f2e1d78a93b2,Asyncflow v1.0
7f9c2a3b5e1d84c9a6b3f2e1d78a93b2,Magic Dust AI
144969795,Google Colab
144969795,Data Science Agent
144969795,Gemini 2.0
9f0b8c7a2d3e4f1a6b8d9c2e1a3f5b7d,Nova
9f0b8c7a2d3e4f1a6b8d9c2e1a3f5b7d,Bedrock
9f0b8c7a2d3e4f1a6b8d9c2e1a3f5b7d,Alexa
9f0b8c7a2d3e4f1a6b8d9c2e1a3f5b7d,Grok 3
a89cc9b66354503f02b699b06d5a535c,Claude 3.7 Sonnet
a89cc9b66354503f02b699b06d5a535c,Claude
a89cc9b66354503f02b699b06d5a535c,Alexa+
6197810c6e7f3b7a8b9b6f9d8d3a4b2a,Nvidia Blackwell
83f812c0-295b-4d9f-8e4e-d4f4b35b81e8,Respeecher
259951db15926c8b17383764d2c949aa,AI Phone
259951db15926c8b17383764d2c949aa,Magenta AI
259951db15926c8b17383764d2c949aa,Perplexity Android Assistant
259951db15926c8b17383764d2c949aa,Gemini AI
ea45750b03b158e3571910ff147c852b,Stable Audio Open
ea45750b03b158e3571910ff147c852b,Stable Diffusion
93a9ca134e2c8543217a9895b334c6b6,Mindy
93a9ca134e2c8543217a9895b334c6b6,Sailfish OS
93a9ca134e2c8543217a9895b334c6b6,Mind2 Jolla AI device
1f3a9b9c8d2e57a04f6b8c7d2e57a04,Browser Operator
1f3a9b9c8d2e57a04f6b8c7d2e57a04,ChatGPT Pro
1f3a9b9c8d2e57a04f6b8c7d2e57a04,Arc Browser
1f3a9b9c8d2e57a04f6b8c7d2e57a04,Dia
1f3a9b9c8d2e57a04f6b8c7d2e57a04,Comet
65bca911526264d3ff12cf37,Gemini
65bca911526264d3ff12cf37,Gemini Advanced
65bca911526264d3ff12cf37,Google One AI Premium
6c0e2147d29e661453708ef1c4b1a4aa,Siri
6c0e2147d29e661453708ef1c4b1a4aa,iOS 20
6c0e2147d29e661453708ef1c4b1a4aa,Apple Intelligence
5ffb2e34b3e1c9e97919f1d03ff5959b,Flora Infinite Canvas
5ffb2e34b3e1c9e97919f1d03ff5959b,Midjourney
5ffb2e34b3e1c9e97919f1d03ff5959b,Ableton
5ffb2e34b3e1c9e97919f1d03ff5959b,SoundCloud
5ffb2e34b3e1c9e97919f1d03ff5959b,Kodak Brownie camera
f913c532e36d2c14d7d1571450177b2f990a971b,ChatGPT
f913c532e36d2c14d7d1571450177b2f990a971b,Claude
f913c532e36d2c14d7d1571450177b2f990a971b,Gemini
f913c532e36d2c14d7d1571450177b2f990a971b,Llama
f913c532e36d2c14d7d1571450177b2f990a971b,Microsoft Copilot
f913c532e36d2c14d7d1571450177b2f990a971b,Le Chat
a1b2c3d4e5f6g7h8i9j0k1l2m3n4o5p6,V3
a1b2c3d4e5f6g7h8i9j0k1l2m3n4o5p6,R1
a1b2c3d4e5f6g7h8i9j0k1l2m3n4o5p6,ChatGPT
a1b2c3d4e5f6g7h8i9j0k1l2m3n4o5p6,Grok
a1b2c3d4e5f6g7h8i9j0k1l2m3n4o5p6,Gemini
b506a1b0517f89d7b39f09942911a45e,ChatGPT
b506a1b0517f89d7b39f09942911a45e,Cursor
b506a1b0517f89d7b39f09942911a45e,Heeyo
b506a1b0517f89d7b39f09942911a45e,Mem
b506a1b0517f89d7b39f09942911a45e,Speak
6ca9f2b288a22644b801975c1857a3d3,ChatGPT
a94ffed9f4c3fba0886d2c9c96bad61f,SymbyAI
17ed44629354e017d8ca4ea1f0c3e328,Sora
17ed44629354e017d8ca4ea1f0c3e328,ChatGPT
17ed44629354e017d8ca4ea1f0c3e328,DALL-E 3
b3e5a1a4282937f66681f113c142b826,Gemini
b3e5a1a4282937f66681f113c142b826,Google Sheets
b3e5a1a4282937f66681f113c142b826,Google Workspace
6d734c608a4329e52e33c854ca1a96f8,Firefox
87e0638a56d5d8f68f497e12f7a6b6e3,Sora
87e0638a56d5d8f68f497e12f7a6b6e3,ChatGPT Plus
87e0638a56d5d8f68f497e12f7a6b6e3,ChatGPT Pro
505a6e14c5f16ff13fb4c6789417852b,Meta AI
505a6e14c5f16ff13fb4c6789417852b,ChatGPT
505a6e14c5f16ff13fb4c6789417852b,Gemini
505a6e14c5f16ff13fb4c6789417852b,Llama
664561a129596058e9b9293d,Snowflake Startup Accelerator
664561a129596058e9b9293d,AWS
a1b2c3d4e5f6g7h8i9j0,GPT-4.5
a1b2c3d4e5f6g7h8i9j0,ChatGPT Pro
a1b2c3d4e5f6g7h8i9j0,ChatGPT Plus
a1b2c3d4e5f6g7h8i9j0,GPT-4
335537556b6859d1b912173e7ca50967,GPT-4.5
335537556b6859d1b912173e7ca50967,GPT-4o
335537556b6859d1b912173e7ca50967,o1
335537556b6859d1b912173e7ca50967,o3-mini
e90486c328e8a94e6f30f7b77a178d03,GPT-4.5
e90486c328e8a94e6f30f7b77a178d03,ChatGPT Pro
e90486c328e8a94e6f30f7b77a178d03,ChatGPT
e90486c328e8a94e6f30f7b77a178d03,GPT-4o
e90486c328e8a94e6f30f7b77a178d03,Claude 3.7 Sonnet
8b960a77919438f115898104bc1a1b3e,TikTok One
8b960a77919438f115898104bc1a1b3e,Symphony Creative Studio
8b960a77919438f115898104bc1a1b3e,Symphony Assistant
8b960a77919438f115898104bc1a1b3e,Video Generator
8b960a77919438f115898104bc1a1b3e,Script Generator
80a9313d5c02b0447297b0d82b5892c2,Figure 02
80a9313d5c02b0447297b0d82b5892c2,Helix
80a9313d5c02b0447297b0d82b5892c2,Vision-Language-Action (VLA) model
5c3a7ea9,Copilot
5c3a7ea9,ChatGPT
5c3a7ea9,DALL-E 3
5c3a7ea9,Teams
5c3a7ea9,Outlook
5c3a7ea9,Apple Intelligence
68a0a81419b57b691d8483d03a58a823,GPT-4o
68a0a81419b57b691d8483d03a58a823,Qwen2.5-Coder-32B-Instruct
62384b893a2843cf92418949b69b97bb,Aria Gen 2
123a4b5c6d7e8f901234,Investment research agent
123a4b5c6d7e8f901234,Due diligence agent
b84a8f1a5f1f4a4b8834c386f6b8059d,Gemini
b84a8f1a5f1f4a4b8834c386f6b8059d,Gemini Pro
b84a8f1a5f1f4a4b8834c386f6b8059d,Gemini Flash
b84a8f1a5f1f4a4b8834c386f6b8059d,Gemini Nano
b84a8f1a5f1f4a4b8834c386f6b8059d,Gemini Advanced
b84a8f1a5f1f4a4b8834c386f6b8059d,ChatGPT
b84a8f1a5f1f4a4b8834c386f6b8059d,Llama
b84a8f1a5f1f4a4b8834c386f6b8059d,Copilot
b84a8f1a5f1f4a4b8834c386f6b8059d,Google Assistant
b84a8f1a5f1f4a4b8834c386f6b8059d,Gemini Live
b84a8f1a5f1f4a4b8834c386f6b8059d,Pixel Buds Pro 2
b84a8f1a5f1f4a4b8834c386f6b8059d,Code Assist
b84a8f1a5f1f4a4b8834c386f6b8059d,Gemini in Threat Intelligence
b84a8f1a5f1f4a4b8834c386f6b8059d,Apple Intelligence
b84a8f1a5f1f4a4b8834c386f6b8059d,Google Docs
b84a8f1a5f1f4a4b8834c386f6b8059d,Gmail
b84a8f1a5f1f4a4b8834c386f6b8059d,Google Sheets
b84a8f1a5f1f4a4b8834c386f6b8059d,Google Slides
b84a8f1a5f1f4a4b8834c386f6b8059d,Google Maps
b84a8f1a5f1f4a4b8834c386f6b8059d,Firebase
b84a8f1a5f1f4a4b8834c386f6b8059d,Project IDX
b84a8f1a5f1f4a4b8834c386f6b8059d,Google Photos
b84a8f1a5f1f4a4b8834c386f6b8059d,YouTube
b84a8f1a5f1f4a4b8834c386f6b8059d,Google Meet
b84a8f1a5f1f4a4b8834c386f6b8059d,Gboard
b84a8f1a5f1f4a4b8834c386f6b8059d,Vertex AI
b84a8f1a5f1f4a4b8834c386f6b8059d,AI Studio
b84a8f1a5f1f4a4b8834c386f6b8059d,NotebookLM
b84a8f1a5f1f4a4b8834c386f6b8059d,Google One AI Premium Plan
6f5902ac3b4ff20b138a247c40c118d8,iPhone 16e
6f5902ac3b4ff20b138a247c40c118d8,iPhone 16
6f5902ac3b4ff20b138a247c40c118d8,iPhone 15
6f5902ac3b4ff20b138a247c40c118d8,Apple Intelligence
6f5902ac3b4ff20b138a247c40c118d8,Image Playground
6f5902ac3b4ff20b138a247c40c118d8,Visual Intelligence
f4d201a52b776d6141916c8e677338e7,Phison Pascari SSDs
49a321c4c1735b612416471d322821b4,Blackwell chip
49a321c4c1735b612416471d322821b4,DeepSeek R1
a93f89a92646c4d6967009f994877c33,Alexa
a93f89a92646c4d6967009f994877c33,Alexa+
a93f89a92646c4d6967009f994877c33,ChatGPT
a93f89a92646c4d6967009f994877c33,Gemini
c8c3997839f87e03e9698b395148012f,DLM
c8c3997839f87e03e9698b395148012f,GPT-4o
c8c3997839f87e03e9698b395148012f,Llama 3
8a97e3046412e3a073496a96c9a102d1,Scribe
8a97e3046412e3a073496a96c9a102d1,Whisper
8a97e3046412e3a073496a96c9a102d1,Gemini 2.0 Flash
689b92a7c51a248a011d5d2a8b5a3d1a,Alexa+
689b92a7c51a248a011d5d2a8b5a3d1a,Prime Video
67cf224b89a0a1505498f82e54b9d2d5826064b2,Alexa+
67cf224b89a0a1505498f82e54b9d2d5826064b2,Echo Show
67cf224b89a0a1505498f82e54b9d2d5826064b2,Echo Dot
67cf224b89a0a1505498f82e54b9d2d5826064b2,Echo Pop
67cf224b89a0a1505498f82e54b9d2d5826064b2,ChatGPT
67cf224b89a0a1505498f82e54b9d2d5826064b2,Gemini
720963c6873231c199328b7a508697c5,Explore with Alexa
720963c6873231c199328b7a508697c5,Stories with Alexa
720963c6873231c199328b7a508697c5,Amazon Kids+
720963c6873231c199328b7a508697c5,Alexa+
62a3e61d87f5a2458a55f2462b9999f8,Alexa+
62a3e61d87f5a2458a55f2462b9999f8,Bedrock
62a3e61d87f5a2458a55f2462b9999f8,Nova
62a3e61d87f5a2458a55f2462b9999f8,Claude
62a3e61d87f5a2458a55f2462b9999f8,Alexa AI Multi-Agent SDK
97e7375642c4e70a6d07495e07210024,Continue
97e7375642c4e70a6d07495e07210024,GitHub Copilot
97e7375642c4e70a6d07495e07210024,Gemini Code Assist
97e7375642c4e70a6d07495e07210024,Codeium
97e7375642c4e70a6d07495e07210024,Cursor
97e7375642c4e70a6d07495e07210024,Codestral
97e7375642c4e70a6d07495e07210024,Claude 3.5 Sonnet
97e7375642c4e70a6d07495e07210024,DeepSeek-R1
97e7375642c4e70a6d07495e07210024,VS Code
97e7375642c4e70a6d07495e07210024,JetBrains
66a42e7e0c5246b1a72d8401,Alexa+
66a42e7e0c5246b1a72d8401,Echo Show
66a42e7e0c5246b1a72d8401,Amazon Music
66a42e7e0c5246b1a72d8401,Fire TV
66a42e7e0c5246b1a72d8401,Ring security cameras
a3b2c4d5e6f7g8h9i0j1k2l3m4n5o6p7,GPT-3
a3b2c4d5e6f7g8h9i0j1k2l3m4n5o6p7,AI-powered sales sequence builder
a3b2c4d5e6f7g8h9i0j1k2l3m4n5o6p7,Co-pilots for messaging personalization and sales prospecting
9280685a5f80c40196534928e5888807,AI Agents
9280685a5f80c40196534928e5888807,AI voice agent
9280685a5f80c40196534928e5888807,LLMs
3f2a1b5b8e7a9c6d4f1a8e0c7b5a3d2c,Framework Desktop
3f2a1b5b8e7a9c6d4f1a8e0c7b5a3d2c,AMD Ryzen AI Max 385
3f2a1b5b8e7a9c6d4f1a8e0c7b5a3d2c,AMD Ryzen AI Max+ 395
3f2a1b5b8e7a9c6d4f1a8e0c7b5a3d2c,Llama 3.3 70B
3f2a1b5b8e7a9c6d4f1a8e0c7b5a3d2c,Ollama
3f2a1b5b8e7a9c6d4f1a8e0c7b5a3d2c,llama.cpp
c2741a54275991805923795a877e739d,ElevenLabs Reader app
c2741a54275991805923795a877e739d,AI-narrated audiobooks
1a2b3c4d5e6f7g8h9i0j,Claude
1a2b3c4d5e6f7g8h9i0j,Claude 3 Opus
1a2b3c4d5e6f7g8h9i0j,Claude 3.7 Sonnet
1a2b3c4d5e6f7g8h9i0j,Claude 3.5 Haiku
1a2b3c4d5e6f7g8h9i0j,Amazon Bedrock
1a2b3c4d5e6f7g8h9i0j,Google Cloud Vertex AI
1a2b3c4d5e6f7g8h9i0j,Claude Pro
1a2b3c4d5e6f7g8h9i0j,Claude Team
1a2b3c4d5e6f7g8h9i0j,Claude Enterprise
5e9d3a2f7b6b9d2f7d8a4a2b,ChatGPT
5e9d3a2f7b6b9d2f7d8a4a2b,GPT-4o
5e9d3a2f7b6b9d2f7d8a4a2b,Advanced Voice mode
5e9d3a2f7b6b9d2f7d8a4a2b,GPT Store
5e9d3a2f7b6b9d2f7d8a4a2b,deep research agent
5e9d3a2f7b6b9d2f7d8a4a2b,Sora
5e9d3a2f7b6b9d2f7d8a4a2b,Operator
5e9d3a2f7b6b9d2f7d8a4a2b,ChatGPT Plus
5e9d3a2f7b6b9d2f7d8a4a2b,ChatGPT Pro
5e9d3a2f7b6b9d2f7d8a4a2b,ChatGPT Team
5e9d3a2f7b6b9d2f7d8a4a2b,ChatGPT Enterprise
5e9d3a2f7b6b9d2f7d8a4a2b,ChatGPT Edu
711c323c1f58993982a33c7c437aa30b13a68f18,Claude 3.7 Sonnet
711c323c1f58993982a33c7c437aa30b13a68f18,Claude 3.5
711c323c1f58993982a33c7c437aa30b13a68f18,GPT-4
711c323c1f58993982a33c7c437aa30b13a68f18,Gemini Ultra
7945c0b7e839cd955ffb69ca4c3a8220,AI-powered search engine
6a390f,Claude 3.7 Sonnet
6a390f,Claude 3.5 Sonnet
6a390f,o3-mini
6a390f,R1
6d93f053a2568081a1a2b1d12563194f,Apollo robot
6d93f053a2568081a1a2b1d12563194f,Valkyrie robot
604a307dd41639993dd5304f89094efd,ChatGPT
604a307dd41639993dd5304f89094efd,Gemini Advanced
604a307dd41639993dd5304f89094efd,deep research
a9e4d0f448c600e7a4c492084340a098,Deep Research
a9e4d0f448c600e7a4c492084340a098,ChatGPT
a9e4d0f448c600e7a4c492084340a098,GPT-4o
a9e4d0f448c600e7a4c492084340a098,Sonar
5097b107010117b332c142119972d379,Poe
5097b107010117b332c142119972d379,Poe Apps
5097b107010117b332c142119972d379,App Creator
5097b107010117b332c142119972d379,GPT-4o
5097b107010117b332c142119972d379,Veo 2
5097b107010117b332c142119972d379,Claude 3.7 Sonnet
5097b107010117b332c142119972d379,Flux-Pro-1.1
5097b107010117b332c142119972d379,Bria Eraser
4d5e9f29a9b44c1a8e129b97a3f4e1a3,GPT Engineer
47794336,Remarkable Alexa
47794336,ChatGPT
47794336,Classic Alexa
31e42b947db28134382ca1f56ac0a8b1,DocUnlock
1c81a1bb47333a23059975ff548bbef1,DeepSeek API
1c81a1bb47333a23059975ff548bbef1,R1 Reasoning Model
1c81a1bb47333a23059975ff548bbef1,QwQ-Max
37a78707c3193413b1d55a9868421673,TT-NN
37a78707c3193413b1d55a9868421673,TT-Metalium
37a78707c3193413b1d55a9868421673,Koyeb Serverless Platform
3f75048e26a6f72733056b586e2e3b41,Perfect
a76187a00e7f34b1f2d45348d68d389c,Gemini Code Assist for individuals
a76187a00e7f34b1f2d45348d68d389c,Gemini Code Assist for GitHub
a76187a00e7f34b1f2d45348d68d389c,GitHub Copilot
a76187a00e7f34b1f2d45348d68d389c,VS Code
a76187a00e7f34b1f2d45348d68d389c,JetBrains
6a9698b86df8e2dd7845502931637e01,Jukedeck
809c061a1735b6817acdd1625f0f3974,AI data engine
809c061a1735b6817acdd1625f0f3974,AI apps
16d74c3a2a72531229b79cfbb2652984,Claude 3.7 Sonnet
d41d8cd98f00b204e9800998ecf8427e,Google Search
d41d8cd98f00b204e9800998ecf8427e,AI search summaries
e5b7c8a7d2f5a9b3e1d4c6f8b0a2d1e3,Claude 3.7 Sonnet
e5b7c8a7d2f5a9b3e1d4c6f8b0a2d1e3,Claude 3.0 Sonnet
e5b7c8a7d2f5a9b3e1d4c6f8b0a2d1e3,o3-mini
e5b7c8a7d2f5a9b3e1d4c6f8b0a2d1e3,R1
e9943c1169f6d51a92f7e378170858ff,Claude 3.7 Sonnet
e9943c1169f6d51a92f7e378170858ff,Claude Code
e9943c1169f6d51a92f7e378170858ff,o3-mini
e9943c1169f6d51a92f7e378170858ff,Gemini 2.0 Flash Thinking
e9943c1169f6d51a92f7e378170858ff,Grok 3
27b725530fd603689db58901e8a5094a,Grok
27b725530fd603689db58901e8a5094a,ChatGPT
777e17b79e6184704167b99479402293,Comet
777e17b79e6184704167b99479402293,Perplexity AI Search
777e17b79e6184704167b99479402293,Diabrowser
777e17b79e6184704167b99479402293,Chrome
59691b6a9d4708e49c1c378737f97892,Flexport Intelligence
59691b6a9d4708e49c1c378737f97892,Control Tower
3b7f1cf59c953a08e88b8d01b6a8d20d,Cambium platform
3b7f1cf59c953a08e88b8d01b6a8d20d,Cross-laminated timber
23d4963cfb6b0912d6e5a73233404a90,Patent analytics platform
23d4963cfb6b0912d6e5a73233404a90,LLMs and generative AI-powered engine
23d4963cfb6b0912d6e5a73233404a90,Standard Essential Patents (SEPs) analysis
e98c37069c3c43018d433e1f1d985a7d,Meta AI
e98c37069c3c43018d433e1f1d985a7d,Instagram Reels
e98c37069c3c43018d433e1f1d985a7d,Ray-Ban Meta AR glasses
e98c37069c3c43018d433e1f1d985a7d,Imagine Me
a1b2c3d4e5f6g7h8i9j0,Apple Intelligence
684e78a31812927905d8dd227a676f2e6a9c1181,Veo 2
684e78a31812927905d8dd227a676f2e6a9c1181,Sora
684e78a31812927905d8dd227a676f2e6a9c1181,ChatGPT Pro
d41d8cd98f00b204e9800998ecf8427e,Sonny
3b9c2e3a1a4b5f7c8d9e0a1b2c3d4e5f,Grok 3
3b9c2e3a1a4b5f7c8d9e0a1b2c3d4e5f,ChatGPT
3b9c2e3a1a4b5f7c8d9e0a1b2c3d4e5f,Grok
3b9c2e3a1a4b5f7c8d9e0a1b2c3d4e5f,Grok 2
5637f3f9b05c3427212614476658616f,Grok 3
5637f3f9b05c3427212614476658616f,o3-mini-high
2123ea832225481f65315879564e6179,AI Pin
2123ea832225481f65315879564e6179,iPhone 16e
2123ea832225481f65315879564e6179,ChatGPT
2123ea832225481f65315879564e6179,Grok 3
6c8f82e948d73c49a91e00e8f171a8a2,Llama
1970f709808f185794421ff26b6b9786,iOS 18.4
1970f709808f185794421ff26b6b9786,Apple Intelligence
1970f709808f185794421ff26b6b9786,visionOS 2.4
1970f709808f185794421ff26b6b9786,Apple News+ Food
e935e80f87e55d25187968a8468bb2c6,R1 open source reasoning model
4f70e936e12716394e589edcf83c7388,Neo Gamma
4f70e936e12716394e589edcf83c7388,Neo Beta
15f78148286b42b861a301197694a7a7,AI CUDA Engineer
49e6094b969a53451d95d87583e26568,Vision Pro
49e6094b969a53451d95d87583e26568,visionOS 2.4
49e6094b969a53451d95d87583e26568,Rewrite
49e6094b969a53451d95d87583e26568,Proofread
49e6094b969a53451d95d87583e26568,Summarize
49e6094b969a53451d95d87583e26568,Image Playground
49e6094b969a53451d95d87583e26568,iPhone app for Vision Pro
33753297c9dd380573343742f1032c03c41d4574,Ai Pin
6b86b273ff34fce19d6b804eff5a3f5747ada4eaa22f1d49c01e52ddb7875b4b,GitHub Copilot
a1b2c3d4e5f6g7h8i9j0,Operator
a1b2c3d4e5f6g7h8i9j0,ChatGPT Pro
676aa4ed3c9e24d70a25753ef43d3b76,Facial recognition database
d41d8cd98f00b204e9800998ecf8427e,iPhone 16e
d41d8cd98f00b204e9800998ecf8427e,iPhone SE
d41d8cd98f00b204e9800998ecf8427e,iPhone 14
d41d8cd98f00b204e9800998ecf8427e,iPhone 15
d41d8cd98f00b204e9800998ecf8427e,iPhone 13
d41d8cd98f00b204e9800998ecf8427e,Apple Intelligence
d41d8cd98f00b204e9800998ecf8427e,Samsung Galaxy
1a1b2c3d4e5f6g7h8i9j0k,Ai Pin
1a1b2c3d4e5f6g7h8i9j0k,CosmOS
1a1b2c3d4e5f6g7h8i9j0k,Ray-Ban AI smart glasses
1a1b2c3d4e5f6g7h8i9j0k,Rabbit R1
1a1b2c3d4e5f6g7h8i9j0k,iPhone
a1b2c3d4e5f6g7h8i9j0k1l2m3n4o5p6,Helix
a1b2c3d4e5f6g7h8i9j0k1l2m3n4o5p6,Figure 02
23e49d6a602ec08849e8f2eb8a5176eb,ElevenLabs AI Voice Technology
23e49d6a602ec08849e8f2eb8a5176eb,Findaway Voices
23e49d6a602ec08849e8f2eb8a5176eb,Spotify Audiobooks
54a5e98a506585b32938f3695750a1092a440970,Arize AI Platform
54a5e98a506585b32938f3695750a1092a440970,Arize Phoenix
6c620d9c4e694e2491a2459e3811887a,ChatGPT
6c620d9c4e694e2491a2459e3811887a,ChatGPT Plus
6c620d9c4e694e2491a2459e3811887a,ChatGPT Pro
6c620d9c4e694e2491a2459e3811887a,AI model
6c620d9c4e694e2491a2459e3811887a,reasoning model
6c620d9c4e694e2491a2459e3811887a,AI assistant app
3c6192420db4d0543849b675b26969f7,Mercor
a4a35e79d0637474732871184224b574,Windsurf Editor
a4a35e79d0637474732871184224b574,GitHub Copilot
a4a35e79d0637474732871184224b574,Cursor
e88555747b9747445773c6749e88c37c11f78672,Autonomous Spacecraft
259d82649f5b5e42e954f65136b423d5,Grok 3
259d82649f5b5e42e954f65136b423d5,Grok chatbot apps
259d82649f5b5e42e954f65136b423d5,ChatGPT
259d82649f5b5e42e954f65136b423d5,Llama
259d82649f5b5e42e954f65136b423d5,Llama family of generative AI models
259d82649f5b5e42e954f65136b423d5,SWE-Lancer
259d82649f5b5e42e954f65136b423d5,Claude 3.5 Sonnet
259d82649f5b5e42e954f65136b423d5,Step-Audio
259d82649f5b5e42e954f65136b423d5,DeepHermes-3 Preview
913e30f4f04182514b6d0455a5db39ca,Career Dreamer
913e30f4f04182514b6d0455a5db39ca,Gemini
892f0a52b9c13c5764a799b87cf2e021,Gemini
892f0a52b9c13c5764a799b87cf2e021,Google App
6c702c0151a0572355b0bbd62d1a0c32,Sanas AI Accent Modification Software
6f253f429161f10c2e1a1d6f04d8b54e,Le Chat
6f253f429161f10c2e1a1d6f04d8b54e,ChatGPT
6f253f429161f10c2e1a1d6f04d8b54e,Gemini
6f253f429161f10c2e1a1d6f04d8b54e,Microsoft Copilot
f7e780a9f8d8a7e6b0c0b2c0a7e7e6b0c0b2c0a7,iPhone 16e
f7e780a9f8d8a7e6b0c0b2c0a7e7e6b0c0b2c0a7,Apple Intelligence
f7e780a9f8d8a7e6b0c0b2c0a7e7e6b0c0b2c0a7,ChatGPT
f7e780a9f8d8a7e6b0c0b2c0a7e7e6b0c0b2c0a7,Gemini
1a3b4c7d8e9f0a1b2c3d,Superhuman
1a3b4c7d8e9f0a1b2c3d,Auto Label
a89cb7a453104f16f5429422a8299fb9,MicroLEDs
a89cb7a453104f16f5429422a8299fb9,low-power ASIC
670ba309d5a7f4c2e12a7b364e41515c,Guidde
670ba309d5a7f4c2e12a7b364e41515c,Guidde Broadcast
62b361225ca99169a586b169,AI Pin
62b361225ca99169a586b169,CosmOS AI operating system
3a7d8c9e2b1a4f638d5f70a89c2345b6,ChatGPT
46b9a428a19f8d6f8867b26468bb1972,ChatGPT
46b9a428a19f8d6f8867b26468bb1972,DALL-E
46b9a428a19f8d6f8867b26468bb1972,Codex
46b9a428a19f8d6f8867b26468bb1972,GitHub Copilot
46b9a428a19f8d6f8867b26468bb1972,Autopilot
629503092431660664,Personal AI Creation Model
629503092431660664,Personal AI Assistant
548f7155c97a9b1d0e34105b709120ca,Llama
548f7155c97a9b1d0e34105b709120ca,o3-mini
6d1cf9680525478a34e4974e47173f8e,Customer Data Platform
6d1cf9680525478a34e4974e47173f8e,AI Decisioning
24184000,Translation API
24184000,Lingo.dev
f9a5d67b11c9f2b3e8d4a70a9b5c6a1a,Lumi Go
3f927a8154cb3ff5920e49a8e51f82f5,Grok 3
3f927a8154cb3ff5920e49a8e51f82f5,GPT-4o
3f927a8154cb3ff5920e49a8e51f82f5,Gemini
3f927a8154cb3ff5920e49a8e51f82f5,Grok 3 mini
3f927a8154cb3ff5920e49a8e51f82f5,Grok 3 Reasoning
3f927a8154cb3ff5920e49a8e51f82f5,DeepSearch
3f927a8154cb3ff5920e49a8e51f82f5,o3-mini
a7f8b9c2d1e43a6b5c7d8e9a1b2c3d4e,Echo
a7f8b9c2d1e43a6b5c7d8e9a1b2c3d4e,GitHub Copilot
a7f8b9c2d1e43a6b5c7d8e9a1b2c3d4e,Vertex AI
a7f8b9c2d1e43a6b5c7d8e9a1b2c3d4e,NotebookLM
a7f8b9c2d1e43a6b5c7d8e9a1b2c3d4e,OpenAI API
d41d8cd98f00b204e9800998ecf8427e,Westlaw
d41d8cd98f00b204e9800998ecf8427e,AI legal research platform
960d1b35a15d0a86f4a1984e8ff18373,Mistral Saba
960d1b35a15d0a86f4a1984e8ff18373,Mistral Small 3
960d1b35a15d0a86f4a1984e8ff18373,Mistral 7B
2e5e1d3d6f406f1735a0c1b19f367570,DeepSeek R1
2e5e1d3d6f406f1735a0c1b19f367570,ChatGPT
42b922226705a69c4bcf57817a4b181e,o1
42b922226705a69c4bcf57817a4b181e,R1
42b922226705a69c4bcf57817a4b181e,o3-miniset
e892b0140975e1478998e2875b90a635,Intellipig
e892b0140975e1478998e2875b90a635,Facial recognition software
6a98234ea5e57801034ca55a07e1f92f,ChatGPT
6a98234ea5e57801034ca55a07e1f92f,Grok
6a98234ea5e57801034ca55a07e1f92f,Community Notes
66d0e98594bb835b4e48e4a276e096b18e40f5c2,Poro models
66d0e98594bb835b4e48e4a276e096b18e40f5c2,Viking models
66d0e98594bb835b4e48e4a276e096b18e40f5c2,Europa models
6b86b273ff34fce19d6b804eff5a3f5747ada4eaa22f1d49c01e52ddb7875b4b,Vision Pro
6b86b273ff34fce19d6b804eff5a3f5747ada4eaa22f1d49c01e52ddb7875b4b,Apple Intelligence
6b86b273ff34fce19d6b804eff5a3f5747ada4eaa22f1d49c01e52ddb7875b4b,Writing Tools
6b86b273ff34fce19d6b804eff5a3f5747ada4eaa22f1d49c01e52ddb7875b4b,Genmoji
6b86b273ff34fce19d6b804eff5a3f5747ada4eaa22f1d49c01e52ddb7875b4b,Image Playground
6b86b273ff34fce19d6b804eff5a3f5747ada4eaa22f1d49c01e52ddb7875b4b,visionOS
5f85a1f4b181557949b6814557c2a60f,Colossus
83829c3121056f9d6820551488415c4d,Perplexity Deep Research
83829c3121056f9d6820551488415c4d,Gemini AI
83829c3121056f9d6820551488415c4d,GPT-4o
4b9c2903706863e12382532047c83471,Llama series
6806f23271928c5517bd3eb52537c4ae,Alexa
6806f23271928c5517bd3eb52537c4ae,Siri
6806f23271928c5517bd3eb52537c4ae,Advanced Voice Mode
6806f23271928c5517bd3eb52537c4ae,Gemini Live
55f4d3299a8ff3e80780a881,Grok models
63d9b8794859d893f09f1c3f28c36583,Firecrawl
63d9b8794859d893f09f1c3f28c36583,VS Code
63d9b8794859d893f09f1c3f28c36583,Cursor
4f98a3b9f2a171709f86fd5873225002,Claude
4f98a3b9f2a171709f86fd5873225002,Humphrey (AI assistant)
240f275a7ca4b58e2e1563153689985b345c4d06,Gemini
240f275a7ca4b58e2e1563153689985b345c4d06,ChatGPT
240f275a7ca4b58e2e1563153689985b345c4d06,Google One AI Premium
5f7a9b2c1d5e4f8a76b3a9c2,Server CPUs
2d546e8b,ChatGPT
61cae67f420837df0c015518e1124a89,iPhone SE
61cae67f420837df0c015518e1124a89,Apple Intelligence
61cae67f420837df0c015518e1124a89,iPhone 16
61cae67f420837df0c015518e1124a89,Beats headphones
a8644191e0e8986946e569d134e39127,Tofu AI-driven B2B marketing platform
a8644191e0e8986946e569d134e39127,HubSpot
a8644191e0e8986946e569d134e39127,Salesforce
b8315868c164134057869e24f63d51f8,Apple Intelligence
b8315868c164134057869e24f63d51f8,Gemini
b8315868c164134057869e24f63d51f8,iPhone 16
b8315868c164134057869e24f63d51f8,Apple Maps
87f3aa49f346c65e157a569c17d880e5,YouTube Shorts
87f3aa49f346c65e157a569c17d880e5,Veo 2
87f3aa49f346c65e157a569c17d880e5,Dream Screen
87f3aa49f346c65e157a569c17d880e5,SynthID
6a9b0c1d2e3f4a5b6c7d8e9f0a1b2c3d,carbon-aware computing platform
d41d8cd98f00b204e9800998ecf8427e,Apollo
d41d8cd98f00b204e9800998ecf8427e,Valkyrie
d41d8cd98f00b204e9800998ecf8427e,Optimus
f94005e487196228e320a0c8e96c3c59,ChatGPT
31e569e662f7c9e85e284a1a969281f5,HDmall
31e569e662f7c9e85e284a1a969281f5,Jib AI
d41d8cd98f00b204e9800998ecf8427e,AlphaFold2
e5b727f02a7759dd288738e050d0e11b,Reddit Answers
4a388462b8787946344a8522263c2e0a,ChatGPT
3641bc8e062b08788f14f51794d14740,Automatic License Plate Recognition
3641bc8e062b08788f14f51794d14740,Gunshot Detection Tech
3641bc8e062b08788f14f51794d14740,Aerodome drones
6d6ffef43435f4629647a8d35c784202,LLM-powered Siri
6d46f81cf4a5f175642c447c4e338737,Industrial robots
6d46f81cf4a5f175642c447c4e338737,AI models for warehouse automation
2d5b5d5d5a5d5d5d5d5d5d5d5d5d5d5d5d5d5d5d,Waymo on Uber robotaxi service
6a9b2d3c1e4f5a6b7c8d9e0f1a2b3c4d,Flashes
6a9b2d3c1e4f5a6b7c8d9e0f1a2b3c4d,Pixelfed
6a9b2d3c1e4f5a6b7c8d9e0f1a2b3c4d,RedNote
6a9b2d3c1e4f5a6b7c8d9e0f1a2b3c4d,Microsoft 365
6a9b2d3c1e4f5a6b7c8d9e0f1a2b3c4d,Google Docs
6a9b2d3c1e4f5a6b7c8d9e0f1a2b3c4d,Gemini
6a9b2d3c1e4f5a6b7c8d9e0f1a2b3c4d,Figma
6a9b2d3c1e4f5a6b7c8d9e0f1a2b3c4d,Affinity
6a9b2d3c1e4f5a6b7c8d9e0f1a2b3c4d,Blender
6a9b2d3c1e4f5a6b7c8d9e0f1a2b3c4d,Google Search
6a9b2d3c1e4f5a6b7c8d9e0f1a2b3c4d,DuckDuckGo
6a9b2d3c1e4f5a6b7c8d9e0f1a2b3c4d,Perplexity
6a9b2d3c1e4f5a6b7c8d9e0f1a2b3c4d,Diem
6a9b2d3c1e4f5a6b7c8d9e0f1a2b3c4d,Marginalia Search
6a9b2d3c1e4f5a6b7c8d9e0f1a2b3c4d,OpenSearch
6a9b2d3c1e4f5a6b7c8d9e0f1a2b3c4d,Kagi
6a9b2d3c1e4f5a6b7c8d9e0f1a2b3c4d,Brave Search
6a9b2d3c1e4f5a6b7c8d9e0f1a2b3c4d,Outlook
6a9b2d3c1e4f5a6b7c8d9e0f1a2b3c4d,Gmail
6a9b2d3c1e4f5a6b7c8d9e0f1a2b3c4d,Yahoo
6a9b2d3c1e4f5a6b7c8d9e0f1a2b3c4d,Microsoft Exchange
6a9b2d3c1e4f5a6b7c8d9e0f1a2b3c4d,Google Workspace
6a9b2d3c1e4f5a6b7c8d9e0f1a2b3c4d,Proton
6a9b2d3c1e4f5a6b7c8d9e0f1a2b3c4d,Tutanota
6a9b2d3c1e4f5a6b7c8d9e0f1a2b3c4d,Skiff
6a9b2d3c1e4f5a6b7c8d9e0f1a2b3c4d,Superhuman
6a9b2d3c1e4f5a6b7c8d9e0f1a2b3c4d,Hey
6a9b2d3c1e4f5a6b7c8d9e0f1a2b3c4d,Shortwave
9578f2a789486e6c72143b5e96f3d8c312f59784,Digg
4189b76c,Millie platform
4189b76c,maternity care
4189b76c,gynecology care
4189b76c,postpartum coaching
4189b76c,mental health care
4189b76c,nutrition counseling
4189b76c,patient monitoring tools
67c6d2b9551ef955b80b9226a79231bb,Perplexity AI Search Engine
a1b2c3d4e5f6g7h8i9j0k1l2m3n4o5p6,AI Pin
a1b2c3d4e5f6g7h8i9j0k1l2m3n4o5p6,IVF insurance product
c84c2f332f0a25d8a55f5733ddc32e48,Delta
c84c2f332f0a25d8a55f5733ddc32e48,Clip
c84c2f332f0a25d8a55f5733ddc32e48,UTM
c84c2f332f0a25d8a55f5733ddc32e48,OldOS
c84c2f332f0a25d8a55f5733ddc32e48,Kotoba
c84c2f332f0a25d8a55f5733ddc32e48,iTorrent
c84c2f332f0a25d8a55f5733ddc32e48,qBitControl
c84c2f332f0a25d8a55f5733ddc32e48,PeopleDrop
c84c2f332f0a25d8a55f5733ddc32e48,Setapp Mobile
c84c2f332f0a25d8a55f5733ddc32e48,Fortnite
c84c2f332f0a25d8a55f5733ddc32e48,Rocket League Sideswipe
c84c2f332f0a25d8a55f5733ddc32e48,Fall Guys
9c2a4f6c3b1a8e5e7d2f0a3b8c4d7e9a,Facebook Stories
9c2a4f6c3b1a8e5e7d2f0a3b8c4d7e9a,Facebook Content Monetization program
9c2a4f6c3b1a8e5e7d2f0a3b8c4d7e9a,Reels
9c2a4f6c3b1a8e5e7d2f0a3b8c4d7e9a,In-stream ads
9c2a4f6c3b1a8e5e7d2f0a3b8c4d7e9a,Ads on Reels
d457935c23c35988a121ef348d816089,Gemini
d457935c23c35988a121ef348d816089,ChatGPT
d457935c23c35988a121ef348d816089,Gemini 2.0 Flash Thinking Experimental AI
d457935c23c35988a121ef348d816089,Alexa
d457935c23c35988a121ef348d816089,Google Search
d457935c23c35988a121ef348d816089,Google Photos
d457935c23c35988a121ef348d816089,YouTube
d457935c23c35988a121ef348d816089,Google Calendar
d457935c23c35988a121ef348d816089,Notes
d457935c23c35988a121ef348d816089,Tasks
d457935c23c35988a121ef348d816089,Deep Research
d457935c23c35988a121ef348d816089,Gems
9d2c4b71,Play Games for PC
9d2c4b71,Google Play Store
9d2c4b71,Vilkan
9d2c4b71,Android Dynamic Performance Framework (ADPF)
9d2c4b71,Game of Thrones: Kingsroad
9d2c4b71,Sonic Rumble
9d2c4b71,ODIN: VALHALLA RISING
9d2c4b71,Train Sim
9d2c4b71,Pet Shop Fever: Animal Hotel
9d2c4b71,DREDGE
9d2c4b71,TABS Mobile
9d2c4b71,Disco Elysium
28b12b936c44a19c327f01352a9a58f0,Oracle Cloud
e578c94690271c3e5ca139615a23080c,AltStore PAL
e578c94690271c3e5ca139615a23080c,Setapp Mobile
e578c94690271c3e5ca139615a23080c,Epic Games Store
e578c94690271c3e5ca139615a23080c,Aptoide iOS
e578c94690271c3e5ca139615a23080c,Mobivention marketplace
e578c94690271c3e5ca139615a23080c,Skich
60e2a1a7b0c372463329328e871c7199,Facebook Stories
60e2a1a7b0c372463329328e871c7199,Facebook Content Monetization program
60e2a1a7b0c372463329328e871c7199,Reels
60e2a1a7b0c372463329328e871c7199,In-stream ads
60e2a1a7b0c372463329328e871c7199,Ads on Reels
60e2a1a7b0c372463329328e871c7199,Performance Bonus
4604b592850e9b33f0d87bb6d47d3a0d,Gemini
4604b592850e9b33f0d87bb6d47d3a0d,Gemini Advanced
4604b592850e9b33f0d87bb6d47d3a0d,ChatGPT
4604b592850e9b33f0d87bb6d47d3a0d,Alexa
4604b592850e9b33f0d87bb6d47d3a0d,Gemini 2.0 Flash Thinking Experimental
4604b592850e9b33f0d87bb6d47d3a0d,Deep Research
4604b592850e9b33f0d87bb6d47d3a0d,Gems
4604b592850e9b33f0d87bb6d47d3a0d,Google Search
4604b592850e9b33f0d87bb6d47d3a0d,Google Photos
4604b592850e9b33f0d87bb6d47d3a0d,YouTube
4604b592850e9b33f0d87bb6d47d3a0d,Google Calendar
4604b592850e9b33f0d87bb6d47d3a0d,Notes
4604b592850e9b33f0d87bb6d47d3a0d,Tasks
63728492749283764829,Google Play Games
63728492749283764829,Vilkan Graphics API
63728492749283764829,Android Dynamic Performance Framework (ADPF)
63728492749283764829,Play Console
2123456789abcdef0123456789abcdef01234567,Spotify Audiobooks
2123456789abcdef0123456789abcdef01234567,Audible Originals
9070e0f251f980f916b8e472110e624a,Skich Store
9070e0f251f980f916b8e472110e624a,Skich app
87b92b827c89e6324d0a6e904e1c9759,ClickUp
87b92b827c89e6324d0a6e904e1c9759,Hypercal
87b92b827c89e6324d0a6e904e1c9759,Read AI
87b92b827c89e6324d0a6e904e1c9759,Zoom’s AI assistant
87b92b827c89e6324d0a6e904e1c9759,Circleback
87b92b827c89e6324d0a6e904e1c9759,Granola
87b92b827c89e6324d0a6e904e1c9759,Otter
87b92b827c89e6324d0a6e904e1c9759,Trello
57f33d75d8911a5094170994b0e75f5d,Community Notes
4372905,Telegram Wallet
4372905,Toncoin
4372905,Bitcoin
4372905,USDT
4372905,Notcoin
a52a20286873a06f279b73711fc17370,Indus Appstore
a52a20286873a06f279b73711fc17370,GetApps
a52a20286873a06f279b73711fc17370,Google Play Store
a768c14b2538d3dd8801714f3d128661,AI Video Lenses
a768c14b2538d3dd8801714f3d128661,Snapchat Platinum
a1b2c3d4e5f6g7h8i9j0,Spotify
a1b2c3d4e5f6g7h8i9j0,Apple Music
a1b2c3d4e5f6g7h8i9j0,Amazon Music
a1b2c3d4e5f6g7h8i9j0,YouTube
66cf7301833345c2368c63973b538557,Pocket Casts
66cf7301833345c2368c63973b538557,Pocket Casts Plus
66cf7301833345c2368c63973b538557,Apple Podcasts
a1b2c3d4e5f6g7h8i9j0,Responses API
a1b2c3d4e5f6g7h8i9j0,Agents SDK
a1b2c3d4e5f6g7h8i9j0,GPT-4o search
a1b2c3d4e5f6g7h8i9j0,GPT-4o mini search
a1b2c3d4e5f6g7h8i9j0,Computer-Using Agent (CUA) model
a1b2c3d4e5f6g7h8i9j0,ChatGPT
a1b2c3d4e5f6g7h8i9j0,Operator
668f1e96b8115416e245000f0252eb83,TikTok
668f1e96b8115416e245000f0252eb83,Family Pairing
b891a9b47521cd7a5a96203e22a1b46d,Bluesky
b891a9b47521cd7a5a96203e22a1b46d,Threads
b891a9b47521cd7a5a96203e22a1b46d,X
b891a9b47521cd7a5a96203e22a1b46d,AT Protocol
2e86a6946458a98281f859611c17e65a,Surf
2e86a6946458a98281f859611c17e65a,Bluesky app
2e86a6946458a98281f859611c17e65a,Mastodon
2e86a6946458a98281f859611c17e65a,Threads
a7a174208848f4d0173f39f9281087f4,TikTok
e5a8e3d1619049ca9d0a67f604199302,TikTok
1a0c886a00e2243e40b38f8628388113840459c9,Manus AI
1a0c886a00e2243e40b38f8628388113840459c9,Claude
1a0c886a00e2243e40b38f8628388113840459c9,Qwen
1a0c886a00e2243e40b38f8628388113840459c9,Deep Research
1a0c886a00e2243e40b38f8628388113840459c9,Operator
63ca7e21b198a9cb922c8995d33fa21c,Apple Watch
63ca7e21b198a9cb922c8995d33fa21c,iPhone
63ca7e21b198a9cb922c8995d33fa21c,Reels
63ca7e21b198a9cb922c8995d33fa21c,TikTok
63ca7e21b198a9cb922c8995d33fa21c,X
63ca7e21b198a9cb922c8995d33fa21c,Bluesky
63ca7e21b198a9cb922c8995d33fa21c,Instagram
6c7ca23233543a8972a11820e9e75b03,Discord
4f93890d85213f24b5d4ed680a2081a4,Threads
4f93890d85213f24b5d4ed680a2081a4,Instagram
4f93890d85213f24b5d4ed680a2081a4,Meta Verified
27a30ca48dd2176b2388045358a85883,Threads
27a30ca48dd2176b2388045358a85883,Custom Feeds
20250307-174639,Google Calendar
20250307-174639,Gemini
20250307-174639,Gmail
20250307-174639,Google Drive
20250307-174639,Docs
20250307-174639,Sheets
20250307-174639,Slides
20250307-174639,Chat
2f717a6b696d1a116c99529a5c97a7a3,Spotify Premium
2f717a6b696d1a116c99529a5c97a7a3,YouTube Premium Lite
8e4830709269147c730198e1f778831a,AltStore PAL
8e4830709269147c730198e1f778831a,Delta
8e4830709269147c730198e1f778831a,Clip
8e4830709269147c730198e1f778831a,UTM
8e4830709269147c730198e1f778831a,OldOS
8e4830709269147c730198e1f778831a,Kotoba
8e4830709269147c730198e1f778831a,iTorrent
8e4830709269147c730198e1f778831a,qBitControl
8e4830709269147c730198e1f778831a,PeopleDrop
8e4830709269147c730198e1f778831a,Setapp Mobile
8e4830709269147c730198e1f778831a,Fortnite
8e4830709269147c730198e1f778831a,Rocket League Sideswipe
8e4830709269147c730198e1f778831a,Fall Guys
f02a9c415fe611e490e7f97616a72b47,Facebook Stories
f02a9c415fe611e490e7f97616a72b47,Facebook Content Monetization program
f02a9c415fe611e490e7f97616a72b47,In-stream ads
f02a9c415fe611e490e7f97616a72b47,Ads on Reels
f02a9c415fe611e490e7f97616a72b47,Performance Bonus programs
6198b9a505b435f75657b53c1e83f360,Gemini
6198b9a505b435f75657b53c1e83f360,Gemini Advanced
6198b9a505b435f75657b53c1e83f360,Gemini 2.0 Flash Thinking Experimental
6198b9a505b435f75657b53c1e83f360,ChatGPT
6198b9a505b435f75657b53c1e83f360,Alexa
6198b9a505b435f75657b53c1e83f360,Google Search
6198b9a505b435f75657b53c1e83f360,Google Photos
6198b9a505b435f75657b53c1e83f360,YouTube
6198b9a505b435f75657b53c1e83f360,Google Calendar
6198b9a505b435f75657b53c1e83f360,Notes
6198b9a505b435f75657b53c1e83f360,Tasks
6198b9a505b435f75657b53c1e83f360,Deep Research
6198b9a505b435f75657b53c1e83f360,Gems
a74702484b058cf697942c890170dddd,Google Play Games
a74702484b058cf697942c890170dddd,Vilkan
a74702484b058cf697942c890170dddd,Android Dynamic Performance Framework (ADPF)
a74702484b058cf697942c890170dddd,Game of Thrones: Kingsroad
a74702484b058cf697942c890170dddd,Sonic Rumble
a74702484b058cf697942c890170dddd,ODIN: VALHALLA RISING
a74702484b058cf697942c890170dddd,Train Sim
a74702484b058cf697942c890170dddd,Pet Shop Fever: Animal Hotel
a74702484b058cf697942c890170dddd,DREDGE
a74702484b058cf697942c890170dddd,TABS Mobile
a74702484b058cf697942c890170dddd,Disco Elysium
a6b0f8e3a7b2c1d4e9f6a5c8b7d0e2f1,Community Suggestions
a6b0f8e3a7b2c1d4e9f6a5c8b7d0e2f1,Post Check
a6b0f8e3a7b2c1d4e9f6a5c8b7d0e2f1,Post Insights
a906702392196338d7cf2b4e989e2667,iOS 18.4
a906702392196338d7cf2b4e989e2667,iPadOS 18.4
a906702392196338d7cf2b4e989e2667,Apple Intelligence
a906702392196338d7cf2b4e989e2667,Gemini AI
2cf24dba5fb0a30e26e83b2ac5b9e29e1b161e5c1fa7425e73043362938b9824,AI Mode
2cf24dba5fb0a30e26e83b2ac5b9e29e1b161e5c1fa7425e73043362938b9824,Gemini 2.0
2cf24dba5fb0a30e26e83b2ac5b9e29e1b161e5c1fa7425e73043362938b9824,Google Search
2cf24dba5fb0a30e26e83b2ac5b9e29e1b161e5c1fa7425e73043362938b9824,AI Overviews
a1b2c3d4e5f6g7h8i9j0,Pie App
a1b2c3d4e5f6g7h8i9j0,Sparked by Pie
a7f8b9c2d3e4a5b6c7d8e9f0a1b2c3d4,Pixel 9
a7f8b9c2d3e4a5b6c7d8e9f0a1b2c3d4,Pixel Watch 3
a7f8b9c2d3e4a5b6c7d8e9f0a1b2c3d4,Pixel Fold
a7f8b9c2d3e4a5b6c7d8e9f0a1b2c3d4,Gemini Nano
a7f8b9c2d3e4a5b6c7d8e9f0a1b2c3d4,Gemini Live
a7f8b9c2d3e4a5b6c7d8e9f0a1b2c3d4,Gboard
a7f8b9c2d3e4a5b6c7d8e9f0a1b2c3d4,Find My Devices
a7f8b9c2d3e4a5b6c7d8e9f0a1b2c3d4,Pixel Studio
42c8c55e2624b3a79a3860284ff8a6c2,Cino App
42c8c55e2624b3a79a3860284ff8a6c2,Apple Pay
42c8c55e2624b3a79a3860284ff8a6c2,Google Pay
3701634472,Gemini
3701634472,Gemini Live
3701634472,ChatGPT Advanced Voice Mode
3701634472,Siri
38a5e67a8f07f4567bca03a0a1a5c34b,Android
38a5e67a8f07f4567bca03a0a1a5c34b,Google Play
65f820401537347c67766d58,TikTok
e5508d7681f8b5246749023bb4f8395b,Browser Operator
e5508d7681f8b5246749023bb4f8395b,ChatGPT Pro
e5508d7681f8b5246749023bb4f8395b,Arc Browser
e5508d7681f8b5246749023bb4f8395b,Dia
e5508d7681f8b5246749023bb4f8395b,Comet
e02f7bd780d785a5c5961f89456f44d8,Uber for Teens
83a46d37b93d254182914711a4738f4e,Signal
68e358887c2c3429a9605ffb485ffb36,Siri
68e358887c2c3429a9605ffb485ffb36,iOS 20
68e358887c2c3429a9605ffb485ffb36,Apple Intelligence
f34a58f7305f6f93878d48487c18398758d4f866,Apple Mail
f34a58f7305f6f93878d48487c18398758d4f866,iOS 18
5b36e848777f96584b29,Protector app
5b36e848777f96584b29,Patrol app
66a3a0d34833994f5d782404465b0a27,Google Sheets
66a3a0d34833994f5d782404465b0a27,Gemini
1b698a6c953a10b6f677489e37f6918f,Flashes
1b698a6c953a10b6f677489e37f6918f,AT Protocol
1b698a6c953a10b6f677489e37f6918f,Bluesky
a2d4b6c8e1f0a3b7c9d8e7f6a5b4c3d2,Skype
a2d4b6c8e1f0a3b7c9d8e7f6a5b4c3d2,Microsoft Teams
a2d4b6c8e1f0a3b7c9d8e7f6a5b4c3d2,Skype for Business
a2d4b6c8e1f0a3b7c9d8e7f6a5b4c3d2,Teams Free
a2d4b6c8e1f0a3b7c9d8e7f6a5b4c3d2,Bing
a1b2c3d4e5f6g7h8i9j0,Meta AI
a1b2c3d4e5f6g7h8i9j0,ChatGPT
a1b2c3d4e5f6g7h8i9j0,Gemini
a1b2c3d4e5f6g7h8i9j0,Llama
23c6735f1b467b7524ff70168c21635e,Bits
23c6735f1b467b7524ff70168c21635e,Shared Hype Trains
23c6735f1b467b7524ff70168c21635e,Stream Together
23c6735f1b467b7524ff70168c21635e,Shared Chat
23c6735f1b467b7524ff70168c21635e,Power-ups
23c6735f1b467b7524ff70168c21635e,Clips
8c9a8b3b3e08e14f775049396a24b8f4,App Store
8c9a8b3b3e08e14f775049396a24b8f4,Declared Age Range API
8c9a8b3b3e08e14f775049396a24b8f4,iOS 18.4
8c9a8b3b3e08e14f775049396a24b8f4,Notes
8c9a8b3b3e08e14f775049396a24b8f4,Pages
8c9a8b3b3e08e14f775049396a24b8f4,Keynote
6b86b273ff34fce19d6b804eff5a3f5747ada4eaa22f1d49c01e52ddb7875b4b,Instagram Reels
638b4ecf3a89846c3638638b,TikTok
638b4ecf3a89846c3638638b,YouTube
638b4ecf3a89846c3638638b,Twitch
71a0a8e76d74e3b753a3e7b0271c75c6,AltStore PAL
71a0a8e76d74e3b753a3e7b0271c75c6,Setapp Mobile
71a0a8e76d74e3b753a3e7b0271c75c6,Epic Games Store
71a0a8e76d74e3b753a3e7b0271c75c6,Aptoide iOS
71a0a8e76d74e3b753a3e7b0271c75c6,Delta
71a0a8e76d74e3b753a3e7b0271c75c6,Clip
71a0a8e76d74e3b753a3e7b0271c75c6,UTM
71a0a8e76d74e3b753a3e7b0271c75c6,OldOS
71a0a8e76d74e3b753a3e7b0271c75c6,Kotoba
71a0a8e76d74e3b753a3e7b0271c75c6,iTorrent
71a0a8e76d74e3b753a3e7b0271c75c6,qBitControl
71a0a8e76d74e3b753a3e7b0271c75c6,PeopleDrop
71a0a8e76d74e3b753a3e7b0271c75c6,Fortnite
71a0a8e76d74e3b753a3e7b0271c75c6,Rocket League Sideswipe
71a0a8e76d74e3b753a3e7b0271c75c6,Fall Guys
e0b8e8e2b4d3a5f6c7a8b9d0e1f2c3d4,Facebook Stories
e0b8e8e2b4d3a5f6c7a8b9d0e1f2c3d4,Facebook Content Monetization program
e0b8e8e2b4d3a5f6c7a8b9d0e1f2c3d4,In-stream ads
e0b8e8e2b4d3a5f6c7a8b9d0e1f2c3d4,Ads on Reels
e0b8e8e2b4d3a5f6c7a8b9d0e1f2c3d4,Performance Bonus programs
398c7f76d41f54a734a31d2566898435,Gemini
398c7f76d41f54a734a31d2566898435,Gemini Advanced
398c7f76d41f54a734a31d2566898435,Gemini 2.0 Flash Thinking Experimental
398c7f76d41f54a734a31d2566898435,ChatGPT
398c7f76d41f54a734a31d2566898435,Alexa
398c7f76d41f54a734a31d2566898435,Google Search
398c7f76d41f54a734a31d2566898435,Google Photos
398c7f76d41f54a734a31d2566898435,YouTube
398c7f76d41f54a734a31d2566898435,Google Calendar
398c7f76d41f54a734a31d2566898435,Notes
398c7f76d41f54a734a31d2566898435,Tasks
398c7f76d41f54a734a31d2566898435,Deep Research
398c7f76d41f54a734a31d2566898435,Gems
4a5e4b3c2d1a0f9876543210abcdef,Google Play Games
4a5e4b3c2d1a0f9876543210abcdef,Vilkan
4a5e4b3c2d1a0f9876543210abcdef,Android Dynamic Performance Framework (ADPF)
6e8b4a98d9c6123a,Reels
6e8b4a98d9c6123a,Instagram
6e8b4a98d9c6123a,TikTok
6e8b4a98d9c6123a,Edits
d41d8cd98f00b204e9800998ecf8427e,Gemini
d41d8cd98f00b204e9800998ecf8427e,ChatGPT
d41d8cd98f00b204e9800998ecf8427e,Llama
d41d8cd98f00b204e9800998ecf8427e,Copilot
d41d8cd98f00b204e9800998ecf8427e,Gemini Pro
d41d8cd98f00b204e9800998ecf8427e,Gemini Flash
d41d8cd98f00b204e9800998ecf8427e,Gemini Nano
d41d8cd98f00b204e9800998ecf8427e,Gemini Advanced
d41d8cd98f00b204e9800998ecf8427e,Gemini Live
d41d8cd98f00b204e9800998ecf8427e,Google Assistant
d41d8cd98f00b204e9800998ecf8427e,Google Docs
d41d8cd98f00b204e9800998ecf8427e,Gmail
d41d8cd98f00b204e9800998ecf8427e,Google Slides
d41d8cd98f00b204e9800998ecf8427e,Google Sheets
d41d8cd98f00b204e9800998ecf8427e,Google Maps
d41d8cd98f00b204e9800998ecf8427e,Google Drive
d41d8cd98f00b204e9800998ecf8427e,Google Chrome
d41d8cd98f00b204e9800998ecf8427e,Google Photos
d41d8cd98f00b204e9800998ecf8427e,YouTube
d41d8cd98f00b204e9800998ecf8427e,Google Meet
d41d8cd98f00b204e9800998ecf8427e,Code Assist
d41d8cd98f00b204e9800998ecf8427e,Gemini in Threat Intelligence
d41d8cd98f00b204e9800998ecf8427e,Pixel Buds Pro 2
d41d8cd98f00b204e9800998ecf8427e,Vertex AI
d41d8cd98f00b204e9800998ecf8427e,AI Studio
d41d8cd98f00b204e9800998ecf8427e,Apple Intelligence
d41d8cd98f00b204e9800998ecf8427e,NotebookLM
d41d8cd98f00b204e9800998ecf8427e,Gboard
d41d8cd98f00b204e9800998ecf8427e,TalkBack
a1b2c3d4e5f6g7h8i9j0k1l2m3n4o5p6,Wallabag
a1b2c3d4e5f6g7h8i9j0k1l2m3n4o5p6,Pocket
a1b2c3d4e5f6g7h8i9j0k1l2m3n4o5p6,Signal
a1b2c3d4e5f6g7h8i9j0k1l2m3n4o5p6,Nextcloud
a1b2c3d4e5f6g7h8i9j0k1l2m3n4o5p6,Dropbox
a1b2c3d4e5f6g7h8i9j0k1l2m3n4o5p6,Bitwarden
a1b2c3d4e5f6g7h8i9j0k1l2m3n4o5p6,Google Docs
a1b2c3d4e5f6g7h8i9j0k1l2m3n4o5p6,Microsoft 365
a1b2c3d4e5f6g7h8i9j0k1l2m3n4o5p6,Joplin
a1b2c3d4e5f6g7h8i9j0k1l2m3n4o5p6,Notesnook
a1b2c3d4e5f6g7h8i9j0k1l2m3n4o5p6,LibreOffice
a1b2c3d4e5f6g7h8i9j0k1l2m3n4o5p6,Apple Photos
a1b2c3d4e5f6g7h8i9j0k1l2m3n4o5p6,Flickr
a1b2c3d4e5f6g7h8i9j0k1l2m3n4o5p6,Google Photos
a1b2c3d4e5f6g7h8i9j0k1l2m3n4o5p6,YouTube
a1b2c3d4e5f6g7h8i9j0k1l2m3n4o5p6,Ente.io
a1b2c3d4e5f6g7h8i9j0k1l2m3n4o5p6,Pi-hole
a1b2c3d4e5f6g7h8i9j0k1l2m3n4o5p6,AdGuard Home
a1b2c3d4e5f6g7h8i9j0k1l2m3n4o5p6,Tailscale
a1b2c3d4e5f6g7h8i9j0k1l2m3n4o5p6,WireGuard
a1b2c3d4e5f6g7h8i9j0k1l2m3n4o5p6,Home Assistant
a1b2c3d4e5f6g7h8i9j0k1l2m3n4o5p6,Apple Home
a1b2c3d4e5f6g7h8i9j0k1l2m3n4o5p6,Google Home
a1b2c3d4e5f6g7h8i9j0k1l2m3n4o5p6,Open Scanner
a1b2c3d4e5f6g7h8i9j0k1l2m3n4o5p6,OSS Document Scanner
a1b2c3d4e5f6g7h8i9j0k1l2m3n4o5p6,FreshRSS
a1b2c3d4e5f6g7h8i9j0k1l2m3n4o5p6,Owncast
a1b2c3d4e5f6g7h8i9j0,Match Note
13af46b3618a98f804743bd71b176cc5c1557440,Explore with Alexa
13af46b3618a98f804743bd71b176cc5c1557440,Stories with Alexa
13af46b3618a98f804743bd71b176cc5c1557440,Alexa+
13af46b3618a98f804743bd71b176cc5c1557440,Amazon Kids+
623a91a52f81d4f6a60bb8295773a438,Google Search
623a91a52f81d4f6a60bb8295773a438,Results about you
a98a15f1f707a28f895937f84c415c56,Glance AI
a98a15f1f707a28f895937f84c415c56,Gemini
a98a15f1f707a28f895937f84c415c56,Vertex AI
99a9f8d4e7c8a1b9c7b6a4e3f2a1d5c8,Reader app
2818b6182258a40192c7c491656a1e05,Claude 3 Opus
2818b6182258a40192c7c491656a1e05,Claude 3.7 Sonnet
2818b6182258a40192c7c491656a1e05,Claude 3.5 Haiku
2818b6182258a40192c7c491656a1e05,Amazon Bedrock
2818b6182258a40192c7c491656a1e05,Google Cloud Vertex AI
2818b6182258a40192c7c491656a1e05,Claude Pro
2818b6182258a40192c7c491656a1e05,Claude Team
2818b6182258a40192c7c491656a1e05,Claude Enterprise
34e2d9d71e4632b1b38f171c263d7304,ChatGPT
34e2d9d71e4632b1b38f171c263d7304,GPT-4o
34e2d9d71e4632b1b38f171c263d7304,GPT Store
34e2d9d71e4632b1b38f171c263d7304,ChatGPT Plus
34e2d9d71e4632b1b38f171c263d7304,ChatGPT Pro
34e2d9d71e4632b1b38f171c263d7304,ChatGPT Team
34e2d9d71e4632b1b38f171c263d7304,ChatGPT Enterprise
34e2d9d71e4632b1b38f171c263d7304,ChatGPT Edu
34e2d9d71e4632b1b38f171c263d7304,OpenAI API
34e2d9d71e4632b1b38f171c263d7304,Sora
a88911547fd50f04e1d397c26885946a,Framous
a88911547fd50f04e1d397c26885946a,iFrames
a88911547fd50f04e1d397c26885946a,SMPRO
a88911547fd50f04e1d397c26885946a,Mac
a88911547fd50f04e1d397c26885946a,iPhone
a88911547fd50f04e1d397c26885946a,Apple Watch
a88911547fd50f04e1d397c26885946a,Apple TV 4K
641f6d0e38706863607f1e7e9f9b3e8c,Poe Apps
641f6d0e38706863607f1e7e9f9b3e8c,App Creator
641f6d0e38706863607f1e7e9f9b3e8c,GPT-4o
641f6d0e38706863607f1e7e9f9b3e8c,Veo 2
641f6d0e38706863607f1e7e9f9b3e8c,Claude 3 Sonnet
641f6d0e38706863607f1e7e9f9b3e8c,Flux-Pro-1.1
641f6d0e38706863607f1e7e9f9b3e8c,Bria Eraser
c4ca4238a0b923820dcc509a6f75849b,Opera Browser
c4ca4238a0b923820dcc509a6f75849b,Opera One
c4ca4238a0b923820dcc509a6f75849b,WhatsApp
c4ca4238a0b923820dcc509a6f75849b,Messenger
c4ca4238a0b923820dcc509a6f75849b,Telegram
c4ca4238a0b923820dcc509a6f75849b,Instagram
c4ca4238a0b923820dcc509a6f75849b,TikTok
c4ca4238a0b923820dcc509a6f75849b,ChatGPT
c4ca4238a0b923820dcc509a6f75849b,Aria
c4ca4238a0b923820dcc509a6f75849b,Arc Browser
f716516f2b69e4a6a9714587642d9a89,GPT Engineer
2930482,YouTube Studio
e55a6a28,Apple Developer service
e55a6a28,WeChat
e55a6a28,iPhone 16
e55a6a28,Apple Intelligence
e55a6a28,ChatGPT
d41d8cd98f00b204e9800998ecf8427e,Photoshop for iPhone
d41d8cd98f00b204e9800998ecf8427e,Photoshop on the web
d41d8cd98f00b204e9800998ecf8427e,Adobe Firefly
d41d8cd98f00b204e9800998ecf8427e,Adobe Express
d41d8cd98f00b204e9800998ecf8427e,Adobe Fresco
d41d8cd98f00b204e9800998ecf8427e,Adobe Lightroom
e9d717494d15f3d53d8e95f099728995,Android Auto
e9d717494d15f3d53d8e95f099728995,Enel X Italia app
6a58a02600d8f7f5415db61b24a03b76,Beeper
6a58a02600d8f7f5415db61b24a03b76,Texts.com
a1b2c3d4e5f6g7h8i9j0,X (formerly Twitter)
644b6d91033f15e4a84c3e7049598e15,SoundCloud
644b6d91033f15e4a84c3e7049598e15,Ticketmaster
644b6d91033f15e4a84c3e7049598e15,Universe
644b6d91033f15e4a84c3e7049598e15,Spotify
644b6d91033f15e4a84c3e7049598e15,Resident Advisor
,Google Drive
,Google Workspace
a25c91b26b33f1b07f2a46b736371e28,Grok
a25c91b26b33f1b07f2a46b736371e28,ChatGPT
54499331121b9f370001430db776e839,Comet
54499331121b9f370001430db776e839,Diabrowser
54499331121b9f370001430db776e839,Perplexity AI Search
54499331121b9f370001430db776e839,ChatGPT
54499331121b9f370001430db776e839,Gemini
d41d8cd98f00b204e9800998ecf8427e,Delta
d41d8cd98f00b204e9800998ecf8427e,Clip
d41d8cd98f00b204e9800998ecf8427e,UTM
d41d8cd98f00b204e9800998ecf8427e,OldOS
d41d8cd98f00b204e9800998ecf8427e,Kotoba
d41d8cd98f00b204e9800998ecf8427e,iTorrent
d41d8cd98f00b204e9800998ecf8427e,qBitControl
d41d8cd98f00b204e9800998ecf8427e,PeopleDrop
d41d8cd98f00b204e9800998ecf8427e,Setapp Mobile
d41d8cd98f00b204e9800998ecf8427e,Fortnite
d41d8cd98f00b204e9800998ecf8427e,Rocket League Sideswipe
d41d8cd98f00b204e9800998ecf8427e,Fall Guys
6c05851f8c671c40e158b2891e18f855,Facebook Stories
6c05851f8c671c40e158b2891e18f855,Facebook Content Monetization program
6c05851f8c671c40e158b2891e18f855,Reels
89bd1f97e7c6f57f69c60d8163e0d542,Gemini
89bd1f97e7c6f57f69c60d8163e0d542,ChatGPT
89bd1f97e7c6f57f69c60d8163e0d542,Alexa
89bd1f97e7c6f57f69c60d8163e0d542,Gemini 2.0 Flash Thinking Experimental
89bd1f97e7c6f57f69c60d8163e0d542,Deep Research
89bd1f97e7c6f57f69c60d8163e0d542,Gems
89bd1f97e7c6f57f69c60d8163e0d542,Google Search
89bd1f97e7c6f57f69c60d8163e0d542,Google Photos
89bd1f97e7c6f57f69c60d8163e0d542,YouTube
89bd1f97e7c6f57f69c60d8163e0d542,Google Calendar
89bd1f97e7c6f57f69c60d8163e0d542,Notes
89bd1f97e7c6f57f69c60d8163e0d542,Tasks
1789ff182304144e118f39791847fd67,Google Play Games
1789ff182304144e118f39791847fd67,Vilkan Graphics API
1789ff182304144e118f39791847fd67,Android Dynamic Performance Framework
1789ff182304144e118f39791847fd67,Play Console
3c9a57e93b154a438d72d41c413477f4,TikTok
3c9a57e93b154a438d72d41c413477f4,Douyin
a1b2c3d4e5f6,Yope
a1b2c3d4e5f6,Instagram
a1b2c3d4e5f6,TikTok
a1b2c3d4e5f6,WhatsApp
a1b2c3d4e5f6,Google Photos
a1b2c3d4e5f6,Apple's Photos app
a1b2c3d4e5f6,Salo
a1b2c3d4e5f6,Flipside
62584f4a9b6d7c3e1a29,iOS 18.4
62584f4a9b6d7c3e1a29,Apple Intelligence
62584f4a9b6d7c3e1a29,Apple News+ Food
62584f4a9b6d7c3e1a29,Vision Pro
62584f4a9b6d7c3e1a29,visionOS 2.4
a9b7c6d5e4f3a2b1c0d9e8a7b6c5d4e3,Apple News+
a9b7c6d5e4f3a2b1c0d9e8a7b6c5d4e3,Apple News+ Food
a9b7c6d5e4f3a2b1c0d9e8a7b6c5d4e3,iOS 18.4
a9b7c6d5e4f3a2b1c0d9e8a7b6c5d4e3,iPadOS 18.4
9a4a872e3d1b93983a68c69968f43985,Vision Pro
9a4a872e3d1b93983a68c69968f43985,Apple Intelligence
9a4a872e3d1b93983a68c69968f43985,visionOS 2.4
9a4a872e3d1b93983a68c69968f43985,Rewrite
9a4a872e3d1b93983a68c69968f43985,Proofread
9a4a872e3d1b93983a68c69968f43985,Summarize
9a4a872e3d1b93983a68c69968f43985,Image Playground
9a4a872e3d1b93983a68c69968f43985,Message Summaries
9a4a872e3d1b93983a68c69968f43985,Smart Reply
c6c9b7f9d55756a0c8815cf99520f3f7,YouTube Premium
c6c9b7f9d55756a0c8815cf99520f3f7,YouTube Premium Lite
6c81deda572c0319702f1e4352091663,Community Notes
6c81deda572c0319702f1e4352091663,Facebook
6c81deda572c0319702f1e4352091663,Instagram
6c81deda572c0319702f1e4352091663,Threads
5feceb66ffc86f38d952786c6d696c79c2dbc239dd2240a38d7e5d8a65d2d19b,Amazon Chime
5feceb66ffc86f38d952786c6d696c79c2dbc239dd2240a38d7e5d8a65d2d19b,Zoom
5feceb66ffc86f38d952786c6d696c79c2dbc239dd2240a38d7e5d8a65d2d19b,Google Meet
5feceb66ffc86f38d952786c6d696c79c2dbc239dd2240a38d7e5d8a65d2d19b,AWS Wickr
5feceb66ffc86f38d952786c6d696c79c2dbc239dd2240a38d7e5d8a65d2d19b,Salesforce Slack
5feceb66ffc86f38d952786c6d696c79c2dbc239dd2240a38d7e5d8a65d2d19b,Amazon Chime SDK
7853164182,Testimonials
7853164182,Partnership Ads
7853164182,Feed posts
7853164182,Reels
3a514d6125450577723fd40d3f609d24,ElevenLabs AI Voice Technology
3a514d6125450577723fd40d3f609d24,Spotify Audiobooks
3a514d6125450577723fd40d3f609d24,Findaway Voices
19727e7f249427b5809419e889c44244,Substack
19727e7f249427b5809419e889c44244,Notes
614ca003676c035c667d5ac97c247355,Twitch Highlights
614ca003676c035c667d5ac97c247355,Twitch Uploads
614ca003676c035c667d5ac97c247355,Clips
614ca003676c035c667d5ac97c247355,Tags
614ca003676c035c667d5ac97c247355,Mobile Discovery Feed
28697018214605393071097136880387069663,Amazon Appstore
28697018214605393071097136880387069663,Amazon Coins
28697018214605393071097136880387069663,Fire TV
28697018214605393071097136880387069663,Fire Tablet
28697018214605393071097136880387069663,Fire Phone
9b7c3a2e1f9d5b3c8a2b1e5d4a7f609e,Gemini
9b7c3a2e1f9d5b3c8a2b1e5d4a7f609e,Google App
9b7c3a2e1f9d5b3c8a2b1e5d4a7f609e,Gemini Live
9b7c3a2e1f9d5b3c8a2b1e5d4a7f609e,Google One AI Premium
5e72a8f56b4a99c7a23cf157b81e713b,Google Lens
5e72a8f56b4a99c7a23cf157b81e713b,Google Chrome
5e72a8f56b4a99c7a23cf157b81e713b,Google Search App
5e72a8f56b4a99c7a23cf157b81e713b,AI Overviews
7178c179b7086f597c51db50f1d0656e,Instagram DMs
7178c179b7086f597c51db50f1d0656e,iMessage
827ccb0eea8a706c4c34a16891f84e7b,Fruitz
827ccb0eea8a706c4c34a16891f84e7b,Official
827ccb0eea8a706c4c34a16891f84e7b,Bumble
827ccb0eea8a706c4c34a16891f84e7b,Badoo
e4ca4294a051cf007a8c5e936d633f5f,Auto Label
e4ca4294a051cf007a8c5e936d633f5f,Split Inbox
651066d1a251f81c41a44785b7846b6a,Riley
651066d1a251f81c41a44785b7846b6a,Huckleberry
651066d1a251f81c41a44785b7846b6a,Maple
a608624d7a052b3b732c8a8877123765,Google Play Books
a608624d7a052b3b732c8a8877123765,Google Play
a608624d7a052b3b732c8a8877123765,App Store
a1b2c3d4e5f6,Duolingo
b1a02af8397e100a3cf4b59c886090b87063143c,App Store
ec46a64ff9242382e1422b81933c7847,Facebook Live
ec46a64ff9242382e1422b81933c7847,Twitch
ec46a64ff9242382e1422b81933c7847,YouTube
ec46a64ff9242382e1422b81933c7847,Reels
ec46a64ff9242382e1422b81933c7847,Dropbox
ec46a64ff9242382e1422b81933c7847,Google Drive
495d384544b71db64559a82b877af49c,Inspire
495d384544b71db64559a82b877af49c,Rufus
8e6b7a3c9d2f1e4a5b3c8d7e2a1b0a9c,Translation API
8e6b7a3c9d2f1e4a5b3c8d7e2a1b0a9c,Lingo.dev
e7ebec872472c04490bd6c41047d0c4e,Grok 3
e7ebec872472c04490bd6c41047d0c4e,GPT-4o
e7ebec872472c04490bd6c41047d0c4e,Gemini
e7ebec872472c04490bd6c41047d0c4e,Grok 3 mini
e7ebec872472c04490bd6c41047d0c4e,DeepSearch
e717107c30c875b7279d401f41c75f8d,Delta
e717107c30c875b7279d401f41c75f8d,Clip
e717107c30c875b7279d401f41c75f8d,UTM
e717107c30c875b7279d401f41c75f8d,OldOS
e717107c30c875b7279d401f41c75f8d,Kotoba
e717107c30c875b7279d401f41c75f8d,iTorrent
e717107c30c875b7279d401f41c75f8d,qBitControl
e717107c30c875b7279d401f41c75f8d,PeopleDrop
e717107c30c875b7279d401f41c75f8d,Setapp Mobile
e717107c30c875b7279d401f41c75f8d,Fortnite
e717107c30c875b7279d401f41c75f8d,Rocket League Sideswipe
e717107c30c875b7279d401f41c75f8d,Fall Guys
47b258c1b4a0c6c4f65619f55a10a9c8,Facebook Stories
47b258c1b4a0c6c4f65619f55a10a9c8,Facebook Content Monetization program
47b258c1b4a0c6c4f65619f55a10a9c8,In-stream ads
47b258c1b4a0c6c4f65619f55a10a9c8,Ads on Reels
47b258c1b4a0c6c4f65619f55a10a9c8,Performance Bonus programs
2f8b46a5b3c4d7e0f9a2c1b3d6e7f8a9,Gemini
2f8b46a5b3c4d7e0f9a2c1b3d6e7f8a9,ChatGPT
2f8b46a5b3c4d7e0f9a2c1b3d6e7f8a9,Alexa
2f8b46a5b3c4d7e0f9a2c1b3d6e7f8a9,Gemini 2.0 Flash Thinking Experimental
2f8b46a5b3c4d7e0f9a2c1b3d6e7f8a9,Google Search
2f8b46a5b3c4d7e0f9a2c1b3d6e7f8a9,Google Photos
2f8b46a5b3c4d7e0f9a2c1b3d6e7f8a9,YouTube
2f8b46a5b3c4d7e0f9a2c1b3d6e7f8a9,Google Calendar
2f8b46a5b3c4d7e0f9a2c1b3d6e7f8a9,Notes
2f8b46a5b3c4d7e0f9a2c1b3d6e7f8a9,Tasks
2f8b46a5b3c4d7e0f9a2c1b3d6e7f8a9,Deep Research
2f8b46a5b3c4d7e0f9a2c1b3d6e7f8a9,Gems
c0971a80b35640e9831e6a2a9a7f669c,Google Play Games
c0971a80b35640e9831e6a2a9a7f669c,Vilkan
c0971a80b35640e9831e6a2a9a7f669c,Android Dynamic Performance Framework
c0971a80b35640e9831e6a2a9a7f669c,Google Play Store
2334b25272364a81b8b317deff31f839,Google Photos
2334b25272364a81b8b317deff31f839,Google Drive
2334b25272364a81b8b317deff31f839,Gmail
2334b25272364a81b8b317deff31f839,Flickr
2334b25272364a81b8b317deff31f839,Dropbox
2334b25272364a81b8b317deff31f839,Ente
2334b25272364a81b8b317deff31f839,Cryptee
2334b25272364a81b8b317deff31f839,Amazon Photos
2334b25272364a81b8b317deff31f839,500px
2334b25272364a81b8b317deff31f839,Photobucket
3a379e1c6e39f3171c4df1378a91b4e9,Uber Direct
3a379e1c6e39f3171c4df1378a91b4e9,DoorDash Drive On-Demand
3a379e1c6e39f3171c4df1378a91b4e9,Uber Eats
3a379e1c6e39f3171c4df1378a91b4e9,DoorDash
e86d40c36167236c562a8151f774f325,Instagram Feed
e86d40c36167236c562a8151f774f325,Instagram Reels
4d9a8f0a5e6b3c1a7b2f8e4c6d3a2b1,ChatGPT
12345abc,Telegram
12345abc,Telegram AI-powered sticker search
27b408c32a300576125093903a9068e0,Reddit Answers
27b408c32a300576125093903a9068e0,AI-powered search
a1b2c3d4e5f6g7h8i9j0,Maya
a1b2c3d4e5f6g7h8i9j0,CSM-1B
a1b2c3d4e5f6g7h8i9j0,SoundStream
a1b2c3d4e5f6g7h8i9j0,Encodec
a1b2c3d4e5f6g7h8i9j0,Llama
a1b2c3d4e5f6g7h8i9j0,Voice Mode
c6b5f2a3d4e769b15a82cd98c3339321,Automatic License Plate Recognition
c6b5f2a3d4e769b15a82cd98c3339321,Gunshot Detection Tech
c6b5f2a3d4e769b15a82cd98c3339321,Public Safety Drones
e98c9b5d8e878e31792b6a7f0a3e8691,Light Phone III
a1b2c3d4e5f6g7h8i9j0k1l2m3n4o5p6,Operator
a1b2c3d4e5f6g7h8i9j0k1l2m3n4o5p6,The Field Hand
81c3ae82ca66f0a82a5a26267e4e308e,Omni Platform
81c3ae82ca66f0a82a5a26267e4e308e,Dashboards
2c4d8f7a9e3b5c298a7b6d1e0f2a3b4c,Bria platform
2c4d8f7a9e3b5c298a7b6d1e0f2a3b4c,Photoshop
2c4d8f7a9e3b5c298a7b6d1e0f2a3b4c,Figma
a975cf0299b75913d08163edb10ef9aa,Truth Social
a975cf0299b75913d08163edb10ef9aa,Polymarket
a975cf0299b75913d08163edb10ef9aa,BlinkRX
d41d8cd98f00b204e9800998ecf8427e,The AI Scientist-v2
6607a6155c7b3642f62981c6,Onyx
66b6a,Olive oil
66b6a,diapers
66b6a,cereals
66b6a,shampoo
66b6a,coffee beans
b94523f01e80d03c92a34ff3f912705a,Public Eye
b94523f01e80d03c92a34ff3f912705a,Gemini
27a9d28b7241c8259b7892e77c3e522e,ATOMS
1b8993d9738e5c8127955e7803475b14a08b22d2,Elea AI system
1b8993d9738e5c8127955e7803475b14a08b22d2,AI operating system
1b8993d9738e5c8127955e7803475b14a08b22d2,iPad app
1b8993d9738e5c8127955e7803475b14a08b22d2,Mac app
1b8993d9738e5c8127955e7803475b14a08b22d2,web app
17ef6c8d741543d2c2a686e7908026a1,One-Click Checkout
17ef6c8d741543d2c2a686e7908026a1,Super App
4052e851f6d5b0137995a352078b2f96,Perplexity
4052e851f6d5b0137995a352078b2f96,Anthropic Claude
4052e851f6d5b0137995a352078b2f96,ChatGPT
4052e851f6d5b0137995a352078b2f96,Gemini
1c50d39195e5329b9f5b048a1162e9a0,Worth Score
4f933479a89322678b280c44c125667e,Lawson Machine 26 (LM26)
5a4d8e9c6e2b3a1f4a2b1c8a,Credit Cards
5a4d8e9c6e2b3a1f4a2b1c8a,Checking Accounts
5a4d8e9c6e2b3a1f4a2b1c8a,Auto Loans
5a4d8e9c6e2b3a1f4a2b1c8a,Personal Loans
5a4d8e9c6e2b3a1f4a2b1c8a,Education Loans
6c8d2e9f1a1b4c5d8e9f0a1b2c3d4e5f,Hawcx passwordless authentication technology
649a8807d91d809351204c8821f73f32,Energy-optimization-as-a-service
493d0858509f5156f59f01c20f537731,Veevart
493d0858509f5156f59f01c20f537731,Salesforce
65cfc2e1a819b52b6814a83b,AI assistant for radiologists
65cfc2e1a819b52b6814a83b,Gleamer software solution
65cfc2e1a819b52b6814a83b,AI-powered MRI analysis
602e61a0e004e41c3b9619a347618bb1,Predictive maintenance solutions
602e61a0e004e41c3b9619a347618bb1,Piezoelectric sensors
602e61a0e004e41c3b9619a347618bb1,AI-based diagnostics
602e61a0e004e41c3b9619a347618bb1,Smart dashboard
5e491e817246b15675384d42e5e1e8b1c4c554f2,Terran R
5e491e817246b15675384d42e5e1e8b1c4c554f2,Falcon 9
5e491e817246b15675384d42e5e1e8b1c4c554f2,Falcon Heavy
5e491e817246b15675384d42e5e1e8b1c4c554f2,Terran 1
e59c819f090102f139f580a417a85800,Solid Pods
e59c819f090102f139f580a417a85800,Decentralized Social Networking Protocol (DSNP)
e59c819f090102f139f580a417a85800,Inrupt Privacy Platform
e59c819f090102f139f580a417a85800,AT Protocol
77b54a0e9d7e681a1a68459c5b1e7a39,Gene-edited Woolly Mouse
86d939356580466776852c21a4c942a6,Creatopy AI-powered ad platform
6c1925c34777752395f81a1556d292e9,Cursor
6c1925c34777752395f81a1556d292e9,Windsurf
787a99418041915b3e658b5d1ceec5e2,Waymo on Uber robotaxi service
a6495361815b5117766db753218b68b4,Google Cloud
2f7cb34e8159357ee76152418f83d99f,Hivemind
2cf24dba5fb0a30e26e83b2ac5b9e29e1b161e5c1fa7425e73043362938b9824,Le Chat
2cf24dba5fb0a30e26e83b2ac5b9e29e1b161e5c1fa7425e73043362938b9824,Mistral OCR
2cf24dba5fb0a30e26e83b2ac5b9e29e1b161e5c1fa7425e73043362938b9824,Mistral NeMo
2cf24dba5fb0a30e26e83b2ac5b9e29e1b161e5c1fa7425e73043362938b9824,ChatGPT
2cf24dba5fb0a30e26e83b2ac5b9e29e1b161e5c1fa7425e73043362938b9824,Azure
469c0f62d88615a75b84e2f3a85c8239,Intangible
841a192088503e3e5c08068e583b9f21,Google Gemini
2c0d303b8d7f622efd345a8a8c12f41c,Sentinel
2c0d303b8d7f622efd345a8a8c12f41c,Leonidas
827ccb0eea8a706c4c34a16891f84e7b,Cursor
d46480181c13281989741436f3b34c2d,Flashes
d46480181c13281989741436f3b34c2d,Pixelfed
d46480181c13281989741436f3b34c2d,RedNote
d46480181c13281989741436f3b34c2d,Microsoft 365
d46480181c13281989741436f3b34c2d,Google Docs
d46480181c13281989741436f3b34c2d,Gemini
d46480181c13281989741436f3b34c2d,Figma
d46480181c13281989741436f3b34c2d,Affinity
d46480181c13281989741436f3b34c2d,Blender
d46480181c13281989741436f3b34c2d,DuckDuckGo
d46480181c13281989741436f3b34c2d,Perplexity
d46480181c13281989741436f3b34c2d,Diem
d46480181c13281989741436f3b34c2d,Marginalia Search
d46480181c13281989741436f3b34c2d,OpenSearch
d46480181c13281989741436f3b34c2d,Kagi
d46480181c13281989741436f3b34c2d,Brave Search
d46480181c13281989741436f3b34c2d,Microsoft Exchange
d46480181c13281989741436f3b34c2d,Google Workspace
d46480181c13281989741436f3b34c2d,Proton
d46480181c13281989741436f3b34c2d,Tutanota
d46480181c13281989741436f3b34c2d,Skiff
d46480181c13281989741436f3b34c2d,Superhuman
d46480181c13281989741436f3b34c2d,Hey
d46480181c13281989741436f3b34c2d,Shortwave
d46480181c13281989741436f3b34c2d,Zillow
d46480181c13281989741436f3b34c2d,Canva
b4011a8f83831c114181b3163d4d2836,Leonidas
86f2c950b6a1a474e009572141dd62c2,LlamaIndex
86f2c950b6a1a474e009572141dd62c2,LlamaCloud
86f2c950b6a1a474e009572141dd62c2,LlamaParse
a9488f75f6b17ca92d33463c79c39804,Glide
a9488f75f6b17ca92d33463c79c39804,Viper
f1a2b3c4d5e6f7a8b9c0d1e2f3a4b5c6,VIO
f1a2b3c4d5e6f7a8b9c0d1e2f3a4b5c6,Contralto-A
f1a2b3c4d5e6f7a8b9c0d1e2f3a4b5c6,Ocelot
f1a2b3c4d5e6f7a8b9c0d1e2f3a4b5c6,Majorana
f1a2b3c4d5e6f7a8b9c0d1e2f3a4b5c6,Willow
a5b8d2e7f9c3a1b624d5e8a0b7c9d6f1,Battery-based energy storage system
a5b8d2e7f9c3a1b624d5e8a0b7c9d6f1,Sodium-ion batteries
615b02c799a8a945a1f073bf75b0d90f,Ramp card
615b02c799a8a945a1f073bf75b0d90f,Treasury product
615b02c799a8a945a1f073bf75b0d90f,Ramp Plus
6f2c2a3d1b4e8c7a9f6d5e3c2b1a0987,Claude 3.7 Sonnet
6f2c2a3d1b4e8c7a9f6d5e3c2b1a0987,Alexa+
b0b6954d07d999999d7e1c8433c1d6a165f470d160004e8b98568d1ffcc815e2,Corporate Card
b0b6954d07d999999d7e1c8433c1d6a165f470d160004e8b98568d1ffcc815e2,Expense Management
b0b6954d07d999999d7e1c8433c1d6a165f470d160004e8b98568d1ffcc815e2,Travel
b0b6954d07d999999d7e1c8433c1d6a165f470d160004e8b98568d1ffcc815e2,Bill Pay
b0b6954d07d999999d7e1c8433c1d6a165f470d160004e8b98568d1ffcc815e2,Treasury
f77180d39c9636a68244167d7999bc3c,HackerPulse
e5136f325405010fc660b53f987752f719c1f264,Cloudsmith Artifact Management Platform
6a362d82208a88447736340f84d50781,Flora's Infinite Canvas
6a362d82208a88447736340f84d50781,Ableton
6a362d82208a88447736340f84d50781,Midjourney
6a362d82208a88447736340f84d50781,Soundcloud
7772ffb86485b55f4b13d6cf4e6aa115,Victory Treadmill
7772ffb86485b55f4b13d6cf4e6aa115,Aviron Rowing Machine
7772ffb86485b55f4b13d6cf4e6aa115,Aviron Bike
7772ffb86485b55f4b13d6cf4e6aa115,Connected Dumbbells
7772ffb86485b55f4b13d6cf4e6aa115,Netflix
7772ffb86485b55f4b13d6cf4e6aa115,Hulu
7772ffb86485b55f4b13d6cf4e6aa115,Disney+
7772ffb86485b55f4b13d6cf4e6aa115,Max
7772ffb86485b55f4b13d6cf4e6aa115,Spotify
a450945c1f2a3429d775329e97b18924,V3
a450945c1f2a3429d775329e97b18924,R1
a450945c1f2a3429d775329e97b18924,ChatGPT
a450945c1f2a3429d775329e97b18924,Grok
a450945c1f2a3429d775329e97b18924,Gemini
6f956b14-915b-479b-a8a7-d0c41e9928f0,ChatGPT
6f956b14-915b-479b-a8a7-d0c41e9928f0,Cursor
6f956b14-915b-479b-a8a7-d0c41e9928f0,AI medical scribes
6f956b14-915b-479b-a8a7-d0c41e9928f0,AI agents
6f956b14-915b-479b-a8a7-d0c41e9928f0,AI-powered personal assistant
6f956b14-915b-479b-a8a7-d0c41e9928f0,AI health coach
6f956b14-915b-479b-a8a7-d0c41e9928f0,AI-powered language learning app
89cf72c1a436ca9477bc8fd096010f46827f404f,SymbyAI
3e66a7b168a7a1a56925f1755c71b473,Biograph Core membership
3e66a7b168a7a1a56925f1755c71b473,Biograph Black membership
284a4dd8d6b8f11b4b9d0c3367c78a74,Snowflake Startup Accelerator
284a4dd8d6b8f11b4b9d0c3367c78a74,AWS
284a4dd8d6b8f11b4b9d0c3367c78a74,OpenAI models
657df71b1d22926271f100e5671e5521,Quanta accounting platform
3b098c11875ef8f1d9b1a473363a018c,AI Night Vision Software
3b098c11875ef8f1d9b1a473363a018c,Night Vision Smartphone App
58c1a953313c8e740f9f60565703a383,Just Move In platform
c5b742c127a9f331f4385d08313d1a73,Taktile Platform
c5b742c127a9f331f4385d08313d1a73,PowerCurve
3a49b7a65c7a93a8cbdb93f6884783146022f235,Millie Platform
5f68801f17a2c6f07e6c7047718a99a1,DLM
5f68801f17a2c6f07e6c7047718a99a1,GPT-4o
5f68801f17a2c6f07e6c7047718a99a1,Llama 3
c200b3e6c7fe458e34457948e10b719f,Continue
c200b3e6c7fe458e34457948e10b719f,GitHub Copilot
c200b3e6c7fe458e34457948e10b719f,Gemini Code Assist
c200b3e6c7fe458e34457948e10b719f,Codeium
c200b3e6c7fe458e34457948e10b719f,Cursor
c200b3e6c7fe458e34457948e10b719f,Codestral
c200b3e6c7fe458e34457948e10b719f,Claude 3.5 Sonnet
c200b3e6c7fe458e34457948e10b719f,DeepSeek-R1
c200b3e6c7fe458e34457948e10b719f,VS Code
c200b3e6c7fe458e34457948e10b719f,JetBrains
778e2e9b11426e22f2426b72cc240a5a,Capim SaaS platform
778e2e9b11426e22f2426b72cc240a5a,BNPL
778e2e9b11426e22f2426b72cc240a5a,POS terminal
5dd6a5d97373805b66f8a408a58914f7,Anagram platform
5dd6a5d97373805b66f8a408a58914f7,AI agent for email security
6f374a5d8e7a3c2b1d9f5e8c0a2b7d6e,AI-powered sales sequence builder
6f374a5d8e7a3c2b1d9f5e8c0a2b7d6e,Co-pilots for messaging personalization
6f374a5d8e7a3c2b1d9f5e8c0a2b7d6e,Sales prospecting tools
a8f5b3c7e9d2a1b4c6f8e3d2a1b4c6f8e3d2a1b4,AI Agents
a8f5b3c7e9d2a1b4c6f8e3d2a1b4c6f8e3d2a1b4,Large Language Models (LLMs)
1cae55973f1505378c96cf3d005c345b,Optifye
1cae55973f1505378c96cf3d005c345b,sleep detection camera
629a66306a753199818db498774a2e86,Apollo
4059704f6b50b0d780e8d98c9e60a073,DocUnlock
69f5b03b52e95994015290342f496828,EndomiR
69f5b03b52e95994015290342f496828,microRNA panel test
708676253,TT-NN
708676253,TT-Metalium
708676253,Nvidia CUDA
98a7f152474f4683979b31b5867f728a,AI-enabled patent analytics platform
98a7f152474f4683979b31b5867f728a,LLMs
98a7f152474f4683979b31b5867f728a,Generative AI-powered engine
6b86b273ff34fce19d6b804eff5a3f5747ada4eaa22f1d49c01e52ddb7875b4b,Sonny
3e86e52f7b506f3494d4a49a5912f6b4,NovaEngine
70c750c4930986f5895704a95b54f7b7,Ai Pin
6b86b273ff34fce19d6b804eff5a3f5747ada4eaa22f1d49c01e52ddb7875b4b,Facial recognition database
d41d8cd98f00b204e9800998ecf8427e,Arize AI platform
d41d8cd98f00b204e9800998ecf8427e,Arize Phoenix
559c62474cfb65576298ca0375c6a307,Windsurf Editor
559c62474cfb65576298ca0375c6a307,GitHub Copilot
559c62474cfb65576298ca0375c6a307,Oculus Quest
saronicraises600mtomass-produceautonomouswarships,Autonomous surface vessels (ASVs)
2515ce5f298fd9c436720c20584237eb,Orange Shield
2515ce5f298fd9c436720c20584237eb,Fertility Financing
b0744e1d9268519119272045dd186224,Accent modification software
b0744e1d9268519119272045dd186224,Speech-to-speech algorithms
f9f93a7b0d477e31e1a15e6d1c689609,Le Chat
f9f93a7b0d477e31e1a15e6d1c689609,ChatGPT
f9f93a7b0d477e31e1a15e6d1c689609,Gemini
f9f93a7b0d477e31e1a15e6d1c689609,Microsoft Copilot
7f4d473658d8531978c63d8918d0602b,Guidde
7f4d473658d8531978c63d8918d0602b,Guidde Broadcast
61ca3c69e8f1c37b08c3255f87f8b7a1,ChatGPT
a9f2e64f8718dd76e1e68ff06d162060,ChatGPT
a9f2e64f8718dd76e1e68ff06d162060,DALL-E
a9f2e64f8718dd76e1e68ff06d162060,Codex
a9f2e64f8718dd76e1e68ff06d162060,GitHub Copilot
a9f2e64f8718dd76e1e68ff06d162060,Autopilot
7a3b8c2d1e4f5a6b7c8d9e0f1a2b3c4d,Fetii VSP
7a3b8c2d1e4f5a6b7c8d9e0f1a2b3c4d,Uber Charter
6a562781b2756e2b023c125a66123c08,Hightouch CDP
6a562781b2756e2b023c125a66123c08,AI Decisioning
a27c4cf094f4b139843247d144d893a0,Lingo.dev
a27c4cf094f4b139843247d144d893a0,ChatGPT
d41d8cd98f00b204e9800998ecf8427e,Lumi Go
d41d8cd98f00b204e9800998ecf8427e,Panel of Judges AI system
3a44958d77dae426d0c24846c16643d1,Continuous hormone monitoring device
3a44958d77dae426d0c24846c16643d1,Single-use intermittent hormone testing patch
683e2edd75f960a4655e269379061cae,Polymath
683e2edd75f960a4655e269379061cae,Polymath Relate
3b2148325305636308e4136a65ff1108,Mistral Saba
3b2148325305636308e4136a65ff1108,Mistral Small 3
3b2148325305636308e4136a65ff1108,Mistral 7B
64a45f2d8fa6e7d8851e2c84c2c87981,Colossus
3c5e191c033b368a9204201b936470d8,Perplexity Deep Research
3c5e191c033b368a9204201b936470d8,Gemini AI
3c5e191c033b368a9204201b936470d8,GPT-4o
6c8e9c36a3f83a465a8147c86236d8e3,Humanoid Robots
6f9143,Grok
6f9143,Grok 3
a7f8b9c2d1e5a4b3c8d7e6f5a4b3c2d1,Le Chat
a7f8b9c2d1e5a4b3c8d7e6f5a4b3c2d1,Annalise.ai
a7f8b9c2d1e5a4b3c8d7e6f5a4b3c2d1,Franklin.ai
b6c8a4998834f2263f0165409827c2f9,Phase UI animation tool
b6c8a4998834f2263f0165409827c2f9,Adobe After Effects
b6c8a4998834f2263f0165409827c2f9,Figma
6a1380d6638d597843270f08ff6ef208,Tofu
6a1380d6638d597843270f08ff6ef208,HubSpot
6a1380d6638d597843270f08ff6ef208,Salesforce
b2992b39f611b69209c7c6ca0a376e92,HX-2 strike drones
b2992b39f611b69209c7c6ca0a376e92,HF-1 strike drones
b2992b39f611b69209c7c6ca0a376e92,Altra platform
b2992b39f611b69209c7c6ca0a376e92,Switchblade
21c77449f413f2782e5b7b10f3a8cf4f,Avride Delivery Bots
21c77449f413f2782e5b7b10f3a8cf4f,Uber Eats
47139f1f89457786b607d920a7407889,Apollo
47139f1f89457786b607d920a7407889,Valkyrie
47139f1f89457786b607d920a7407889,Optimus
